id,name,country_id,country_code,country_name,state_code,type,latitude,longitude,created_on,created_by,updated_on,updated_by,is_deleted,created_on_timezone,updated_on_timezone,created_on_string,updated_on_string
3901,Badakhshan,1,AF,Afghanistan,BDS,province,36.7347725,70.8119953,2025-05-20 19:18:29.649,1,2025-05-20 19:18:29.649,1,0,-05:00:00,-05:00:00,2025-05-20 19:18:29.649,2025-05-20 19:18:29.649
3871,Badghis,1,AF,Afghanistan,BDG,province,35.1671339,63.7695384,2025-05-20 19:18:29.649,1,2025-05-20 19:18:29.649,1,0,-05:00:00,-05:00:00,2025-05-20 19:18:29.649,2025-05-20 19:18:29.649
3875,Baghlan,1,AF,Afghanistan,BGL,province,36.1789026,68.7453064,2025-05-20 19:18:29.649,1,2025-05-20 19:18:29.649,1,0,-05:00:00,-05:00:00,2025-05-20 19:18:29.649,2025-05-20 19:18:29.649
3884,Balkh,1,AF,Afghanistan,BAL,province,36.7550603,66.8975372,2025-05-20 19:18:29.649,1,2025-05-20 19:18:29.649,1,0,-05:00:00,-05:00:00,2025-05-20 19:18:29.649,2025-05-20 19:18:29.649
3872,Bamyan,1,AF,Afghanistan,BAM,province,34.8100067,67.8212104,2025-05-20 19:18:29.649,1,2025-05-20 19:18:29.649,1,0,-05:00:00,-05:00:00,2025-05-20 19:18:29.649,2025-05-20 19:18:29.649
3892,Daykundi,1,AF,Afghanistan,DAY,province,33.669495,66.0463534,2025-05-20 19:18:29.649,1,2025-05-20 19:18:29.649,1,0,-05:00:00,-05:00:00,2025-05-20 19:18:29.649,2025-05-20 19:18:29.649
3899,Farah,1,AF,Afghanistan,FRA,province,32.495328,62.2626627,2025-05-20 19:18:29.649,1,2025-05-20 19:18:29.649,1,0,-05:00:00,-05:00:00,2025-05-20 19:18:29.649,2025-05-20 19:18:29.649
3889,Faryab,1,AF,Afghanistan,FYB,province,36.0795613,64.905955,2025-05-20 19:18:29.649,1,2025-05-20 19:18:29.649,1,0,-05:00:00,-05:00:00,2025-05-20 19:18:29.649,2025-05-20 19:18:29.649
3870,Ghazni,1,AF,Afghanistan,GHA,province,33.5450587,68.4173972,2025-05-20 19:18:29.649,1,2025-05-20 19:18:29.649,1,0,-05:00:00,-05:00:00,2025-05-20 19:18:29.649,2025-05-20 19:18:29.649
3888,Ghōr,1,AF,Afghanistan,GHO,province,34.0995776,64.905955,2025-05-20 19:18:29.649,1,2025-05-20 19:18:29.649,1,0,-05:00:00,-05:00:00,2025-05-20 19:18:29.649,2025-05-20 19:18:29.649
3873,Helmand,1,AF,Afghanistan,HEL,province,39.2989361,-76.6160472,2025-05-20 19:18:29.649,1,2025-05-20 19:18:29.649,1,0,-05:00:00,-05:00:00,2025-05-20 19:18:29.649,2025-05-20 19:18:29.649
3887,Herat,1,AF,Afghanistan,HER,province,34.352865,62.2040287,2025-05-20 19:18:29.649,1,2025-05-20 19:18:29.649,1,0,-05:00:00,-05:00:00,2025-05-20 19:18:29.649,2025-05-20 19:18:29.649
3886,Jowzjan,1,AF,Afghanistan,JOW,province,36.8969692,65.6658568,2025-05-20 19:18:29.649,1,2025-05-20 19:18:29.649,1,0,-05:00:00,-05:00:00,2025-05-20 19:18:29.649,2025-05-20 19:18:29.649
3902,Kabul,1,AF,Afghanistan,KAB,province,34.5553494,69.207486,2025-05-20 19:18:29.649,1,2025-05-20 19:18:29.649,1,0,-05:00:00,-05:00:00,2025-05-20 19:18:29.649,2025-05-20 19:18:29.649
3890,Kandahar,1,AF,Afghanistan,KAN,province,31.628871,65.7371749,2025-05-20 19:18:29.649,1,2025-05-20 19:18:29.649,1,0,-05:00:00,-05:00:00,2025-05-20 19:18:29.649,2025-05-20 19:18:29.649
3879,Kapisa,1,AF,Afghanistan,KAP,province,34.9810572,69.6214562,2025-05-20 19:18:29.649,1,2025-05-20 19:18:29.649,1,0,-05:00:00,-05:00:00,2025-05-20 19:18:29.649,2025-05-20 19:18:29.649
3878,Khost,1,AF,Afghanistan,KHO,province,33.3338472,69.9371673,2025-05-20 19:18:29.649,1,2025-05-20 19:18:29.649,1,0,-05:00:00,-05:00:00,2025-05-20 19:18:29.649,2025-05-20 19:18:29.649
3876,Kunar,1,AF,Afghanistan,KNR,province,34.8465893,71.097317,2025-05-20 19:18:29.649,1,2025-05-20 19:18:29.649,1,0,-05:00:00,-05:00:00,2025-05-20 19:18:29.649,2025-05-20 19:18:29.649
3900,Kunduz Province,1,AF,Afghanistan,KDZ,province,36.7285511,68.8678982,2025-05-20 19:18:29.649,1,2025-05-20 19:18:29.649,1,0,-05:00:00,-05:00:00,2025-05-20 19:18:29.649,2025-05-20 19:18:29.649
3891,Laghman,1,AF,Afghanistan,LAG,province,34.6897687,70.1455805,2025-05-20 19:18:29.649,1,2025-05-20 19:18:29.649,1,0,-05:00:00,-05:00:00,2025-05-20 19:18:29.649,2025-05-20 19:18:29.649
3897,Logar,1,AF,Afghanistan,LOG,province,34.0145518,69.1923916,2025-05-20 19:18:29.649,1,2025-05-20 19:18:29.649,1,0,-05:00:00,-05:00:00,2025-05-20 19:18:29.649,2025-05-20 19:18:29.649
3882,Nangarhar,1,AF,Afghanistan,NAN,province,34.1718313,70.6216794,2025-05-20 19:18:29.649,1,2025-05-20 19:18:29.649,1,0,-05:00:00,-05:00:00,2025-05-20 19:18:29.649,2025-05-20 19:18:29.649
3896,Nimruz,1,AF,Afghanistan,NIM,province,31.0261488,62.4504154,2025-05-20 19:18:29.649,1,2025-05-20 19:18:29.649,1,0,-05:00:00,-05:00:00,2025-05-20 19:18:29.649,2025-05-20 19:18:29.649
3880,Nuristan,1,AF,Afghanistan,NUR,province,35.3250223,70.9071236,2025-05-20 19:18:29.649,1,2025-05-20 19:18:29.649,1,0,-05:00:00,-05:00:00,2025-05-20 19:18:29.649,2025-05-20 19:18:29.649
3894,Paktia,1,AF,Afghanistan,PIA,province,33.706199,69.3831079,2025-05-20 19:18:29.649,1,2025-05-20 19:18:29.649,1,0,-05:00:00,-05:00:00,2025-05-20 19:18:29.649,2025-05-20 19:18:29.649
3877,Paktika,1,AF,Afghanistan,PKA,province,32.2645386,68.5247149,2025-05-20 19:18:29.649,1,2025-05-20 19:18:29.649,1,0,-05:00:00,-05:00:00,2025-05-20 19:18:29.649,2025-05-20 19:18:29.649
3881,Panjshir,1,AF,Afghanistan,PAN,province,38.8802391,-77.1717238,2025-05-20 19:18:29.649,1,2025-05-20 19:18:29.649,1,0,-05:00:00,-05:00:00,2025-05-20 19:18:29.649,2025-05-20 19:18:29.649
3895,Parwan,1,AF,Afghanistan,PAR,province,34.9630977,68.8108849,2025-05-20 19:18:29.649,1,2025-05-20 19:18:29.649,1,0,-05:00:00,-05:00:00,2025-05-20 19:18:29.649,2025-05-20 19:18:29.649
3883,Samangan,1,AF,Afghanistan,SAM,province,36.3155506,67.9642863,2025-05-20 19:18:29.649,1,2025-05-20 19:18:29.649,1,0,-05:00:00,-05:00:00,2025-05-20 19:18:29.649,2025-05-20 19:18:29.649
3885,Sar-e Pol,1,AF,Afghanistan,SAR,province,36.216628,65.93336,2025-05-20 19:18:29.649,1,2025-05-20 19:18:29.649,1,0,-05:00:00,-05:00:00,2025-05-20 19:18:29.649,2025-05-20 19:18:29.649
3893,Takhar,1,AF,Afghanistan,TAK,province,36.6698013,69.4784541,2025-05-20 19:18:29.649,1,2025-05-20 19:18:29.649,1,0,-05:00:00,-05:00:00,2025-05-20 19:18:29.649,2025-05-20 19:18:29.649
3898,Urozgan,1,AF,Afghanistan,URU,province,32.9271287,66.1415263,2025-05-20 19:18:29.649,1,2025-05-20 19:18:29.649,1,0,-05:00:00,-05:00:00,2025-05-20 19:18:29.649,2025-05-20 19:18:29.649
3874,Zabul,1,AF,Afghanistan,ZAB,province,32.1918782,67.1894488,2025-05-20 19:18:29.649,1,2025-05-20 19:18:29.649,1,0,-05:00:00,-05:00:00,2025-05-20 19:18:29.649,2025-05-20 19:18:29.649
5298,Brändö,2,AX,Aland Islands,,municipality,60.4125908,21.0229942,2025-05-20 19:18:29.649,1,2025-05-20 19:18:29.649,1,0,-05:00:00,-05:00:00,2025-05-20 19:18:29.649,2025-05-20 19:18:29.649
5294,Eckerö,2,AX,Aland Islands,,municipality,60.2231814,19.5389379,2025-05-20 19:18:29.649,1,2025-05-20 19:18:29.649,1,0,-05:00:00,-05:00:00,2025-05-20 19:18:29.649,2025-05-20 19:18:29.649
5289,Finström,2,AX,Aland Islands,,municipality,60.2299321,19.9674636,2025-05-20 19:18:29.649,1,2025-05-20 19:18:29.649,1,0,-05:00:00,-05:00:00,2025-05-20 19:18:29.649,2025-05-20 19:18:29.649
5295,Föglö,2,AX,Aland Islands,,municipality,60.0146277,20.3933407,2025-05-20 19:18:29.649,1,2025-05-20 19:18:29.649,1,0,-05:00:00,-05:00:00,2025-05-20 19:18:29.649,2025-05-20 19:18:29.649
5296,Geta,2,AX,Aland Islands,,municipality,60.3749727,19.8265962,2025-05-20 19:18:29.649,1,2025-05-20 19:18:29.649,1,0,-05:00:00,-05:00:00,2025-05-20 19:18:29.649,2025-05-20 19:18:29.649
5292,Hammarland,2,AX,Aland Islands,,municipality,60.2164183,19.7196403,2025-05-20 19:18:29.649,1,2025-05-20 19:18:29.649,1,0,-05:00:00,-05:00:00,2025-05-20 19:18:29.649,2025-05-20 19:18:29.649
5288,Jomala,2,AX,Aland Islands,,municipality,60.1522391,19.8747981,2025-05-20 19:18:29.649,1,2025-05-20 19:18:29.649,1,0,-05:00:00,-05:00:00,2025-05-20 19:18:29.649,2025-05-20 19:18:29.649
5301,Kökar,2,AX,Aland Islands,,municipality,59.920817,20.8885302,2025-05-20 19:18:29.649,1,2025-05-20 19:18:29.649,1,0,-05:00:00,-05:00:00,2025-05-20 19:18:29.649,2025-05-20 19:18:29.649
5300,Kumlinge,2,AX,Aland Islands,,municipality,60.2599272,20.75875,2025-05-20 19:18:29.649,1,2025-05-20 19:18:29.649,1,0,-05:00:00,-05:00:00,2025-05-20 19:18:29.649,2025-05-20 19:18:29.649
5290,Lemland,2,AX,Aland Islands,,municipality,60.0688705,20.065814,2025-05-20 19:18:29.649,1,2025-05-20 19:18:29.649,1,0,-05:00:00,-05:00:00,2025-05-20 19:18:29.649,2025-05-20 19:18:29.649
5299,Lumparland,2,AX,Aland Islands,,municipality,60.1152357,20.241428,2025-05-20 19:18:29.649,1,2025-05-20 19:18:29.649,1,0,-05:00:00,-05:00:00,2025-05-20 19:18:29.649,2025-05-20 19:18:29.649
5287,Mariehamn,2,AX,Aland Islands,,municipality,60.0945578,19.795053,2025-05-20 19:18:29.649,1,2025-05-20 19:18:29.649,1,0,-05:00:00,-05:00:00,2025-05-20 19:18:29.649,2025-05-20 19:18:29.649
5291,Saltvik,2,AX,Aland Islands,,municipality,60.2755446,20.0413192,2025-05-20 19:18:29.649,1,2025-05-20 19:18:29.649,1,0,-05:00:00,-05:00:00,2025-05-20 19:18:29.649,2025-05-20 19:18:29.649
5302,Sottunga,2,AX,Aland Islands,,municipality,60.1307977,20.6459821,2025-05-20 19:18:29.649,1,2025-05-20 19:18:29.649,1,0,-05:00:00,-05:00:00,2025-05-20 19:18:29.649,2025-05-20 19:18:29.649
5293,Sund,2,AX,Aland Islands,,municipality,60.2308476,19.8239705,2025-05-20 19:18:29.649,1,2025-05-20 19:18:29.649,1,0,-05:00:00,-05:00:00,2025-05-20 19:18:29.649,2025-05-20 19:18:29.649
5297,Vårdö,2,AX,Aland Islands,,municipality,60.2423396,20.3528105,2025-05-20 19:18:29.649,1,2025-05-20 19:18:29.649,1,0,-05:00:00,-05:00:00,2025-05-20 19:18:29.649,2025-05-20 19:18:29.649
629,Berat,3,AL,Albania,BR,district,40.7086377,19.9437314,2025-05-20 19:18:29.649,1,2025-05-20 19:18:29.649,1,0,-05:00:00,-05:00:00,2025-05-20 19:18:29.649,2025-05-20 19:18:29.649
603,Berat,3,AL,Albania,1,county,40.6953012,20.0449662,2025-05-20 19:18:29.649,1,2025-05-20 19:18:29.649,1,0,-05:00:00,-05:00:00,2025-05-20 19:18:29.649,2025-05-20 19:18:29.649
607,Bulqizë,3,AL,Albania,BU,district,41.4942587,20.2147157,2025-05-20 19:18:29.649,1,2025-05-20 19:18:29.649,1,0,-05:00:00,-05:00:00,2025-05-20 19:18:29.649,2025-05-20 19:18:29.649
618,Delvinë,3,AL,Albania,DL,district,39.9481364,20.0955891,2025-05-20 19:18:29.649,1,2025-05-20 19:18:29.649,1,0,-05:00:00,-05:00:00,2025-05-20 19:18:29.649,2025-05-20 19:18:29.649
608,Devoll,3,AL,Albania,DV,district,40.6447347,20.9506636,2025-05-20 19:18:29.649,1,2025-05-20 19:18:29.649,1,0,-05:00:00,-05:00:00,2025-05-20 19:18:29.649,2025-05-20 19:18:29.649
610,Dibër,3,AL,Albania,9,county,41.621584,19.5346243,2025-05-20 19:18:29.649,1,2025-05-20 19:18:29.649,1,0,-05:00:00,-05:00:00,2025-05-20 19:18:29.649,2025-05-20 19:18:29.649
605,Dibër,3,AL,Albania,DI,district,41.7308958,20.0249381,2025-05-20 19:18:29.649,1,2025-05-20 19:18:29.649,1,0,-05:00:00,-05:00:00,2025-05-20 19:18:29.649,2025-05-20 19:18:29.649
639,Durrës,3,AL,Albania,DR,district,41.3706517,19.5211063,2025-05-20 19:18:29.649,1,2025-05-20 19:18:29.649,1,0,-05:00:00,-05:00:00,2025-05-20 19:18:29.649,2025-05-20 19:18:29.649
632,Durrës,3,AL,Albania,2,county,41.5080972,19.6163185,2025-05-20 19:18:29.649,1,2025-05-20 19:18:29.649,1,0,-05:00:00,-05:00:00,2025-05-20 19:18:29.649,2025-05-20 19:18:29.649
598,Elbasan,3,AL,Albania,3,county,41.1266672,20.2355647,2025-05-20 19:18:29.649,1,2025-05-20 19:18:29.649,1,0,-05:00:00,-05:00:00,2025-05-20 19:18:29.649,2025-05-20 19:18:29.649
627,Fier,3,AL,Albania,FR,district,40.727504,19.5627596,2025-05-20 19:18:29.649,1,2025-05-20 19:18:29.649,1,0,-05:00:00,-05:00:00,2025-05-20 19:18:29.649,2025-05-20 19:18:29.649
631,Fier,3,AL,Albania,4,county,40.9191392,19.6639309,2025-05-20 19:18:29.649,1,2025-05-20 19:18:29.649,1,0,-05:00:00,-05:00:00,2025-05-20 19:18:29.649,2025-05-20 19:18:29.649
621,Gjirokastër,3,AL,Albania,GJ,district,40.0672874,20.1045229,2025-05-20 19:18:29.649,1,2025-05-20 19:18:29.649,1,0,-05:00:00,-05:00:00,2025-05-20 19:18:29.649,2025-05-20 19:18:29.649
604,Gjirokastër,3,AL,Albania,5,county,40.1508003,19.5271808,2025-05-20 19:18:29.649,1,2025-05-20 19:18:29.649,1,0,-05:00:00,-05:00:00,2025-05-20 19:18:29.649,2025-05-20 19:18:29.649
617,Gramsh,3,AL,Albania,GR,district,40.8669873,20.1849323,2025-05-20 19:18:29.649,1,2025-05-20 19:18:29.649,1,0,-05:00:00,-05:00:00,2025-05-20 19:18:29.649,2025-05-20 19:18:29.649
600,Has,3,AL,Albania,HA,district,42.7901336,-83.6122012,2025-05-20 19:18:29.649,1,2025-05-20 19:18:29.649,1,0,-05:00:00,-05:00:00,2025-05-20 19:18:29.649,2025-05-20 19:18:29.649
594,Kavajë,3,AL,Albania,KA,district,41.1844529,19.5627596,2025-05-20 19:18:29.649,1,2025-05-20 19:18:29.649,1,0,-05:00:00,-05:00:00,2025-05-20 19:18:29.649,2025-05-20 19:18:29.649
628,Kolonjë,3,AL,Albania,ER,district,40.3373262,20.6794676,2025-05-20 19:18:29.649,1,2025-05-20 19:18:29.649,1,0,-05:00:00,-05:00:00,2025-05-20 19:18:29.649,2025-05-20 19:18:29.649
630,Korçë,3,AL,Albania,6,county,40.590567,20.6168921,2025-05-20 19:18:29.649,1,2025-05-20 19:18:29.649,1,0,-05:00:00,-05:00:00,2025-05-20 19:18:29.649,2025-05-20 19:18:29.649
597,Korçë,3,AL,Albania,KO,district,40.5627925,20.2929415,2025-05-20 19:18:29.649,1,2025-05-20 19:18:29.649,1,0,-05:00:00,-05:00:00,2025-05-20 19:18:29.649,2025-05-20 19:18:29.649
614,Krujë,3,AL,Albania,KR,district,41.5094765,19.7710732,2025-05-20 19:18:29.649,1,2025-05-20 19:18:29.649,1,0,-05:00:00,-05:00:00,2025-05-20 19:18:29.649,2025-05-20 19:18:29.649
612,Kuçovë,3,AL,Albania,KC,district,40.7837063,19.8782348,2025-05-20 19:18:29.649,1,2025-05-20 19:18:29.649,1,0,-05:00:00,-05:00:00,2025-05-20 19:18:29.649,2025-05-20 19:18:29.649
623,Kukës,3,AL,Albania,KU,district,41.9974881,20.0637316,2025-05-20 19:18:29.649,1,2025-05-20 19:18:29.649,1,0,-05:00:00,-05:00:00,2025-05-20 19:18:29.649,2025-05-20 19:18:29.649
601,Kukës,3,AL,Albania,7,county,42.1861688,19.5529288,2025-05-20 19:18:29.649,1,2025-05-20 19:18:29.649,1,0,-05:00:00,-05:00:00,2025-05-20 19:18:29.649,2025-05-20 19:18:29.649
622,Kurbin,3,AL,Albania,KB,district,41.6412644,19.705595,2025-05-20 19:18:29.649,1,2025-05-20 19:18:29.649,1,0,-05:00:00,-05:00:00,2025-05-20 19:18:29.649,2025-05-20 19:18:29.649
609,Lezhë,3,AL,Albania,8,county,41.7813759,19.8067916,2025-05-20 19:18:29.649,1,2025-05-20 19:18:29.649,1,0,-05:00:00,-05:00:00,2025-05-20 19:18:29.649,2025-05-20 19:18:29.649
595,Lezhë,3,AL,Albania,LE,district,41.786073,19.6460758,2025-05-20 19:18:29.649,1,2025-05-20 19:18:29.649,1,0,-05:00:00,-05:00:00,2025-05-20 19:18:29.649,2025-05-20 19:18:29.649
596,Librazhd,3,AL,Albania,LB,district,41.1829232,20.3174769,2025-05-20 19:18:29.649,1,2025-05-20 19:18:29.649,1,0,-05:00:00,-05:00:00,2025-05-20 19:18:29.649,2025-05-20 19:18:29.649
599,Lushnjë,3,AL,Albania,LU,district,40.941983,19.6996428,2025-05-20 19:18:29.649,1,2025-05-20 19:18:29.649,1,0,-05:00:00,-05:00:00,2025-05-20 19:18:29.649,2025-05-20 19:18:29.649
602,Malësi e Madhe,3,AL,Albania,MM,district,42.4245173,19.6163185,2025-05-20 19:18:29.649,1,2025-05-20 19:18:29.649,1,0,-05:00:00,-05:00:00,2025-05-20 19:18:29.649,2025-05-20 19:18:29.649
637,Mallakastër,3,AL,Albania,MK,district,40.5273376,19.7829791,2025-05-20 19:18:29.649,1,2025-05-20 19:18:29.649,1,0,-05:00:00,-05:00:00,2025-05-20 19:18:29.649,2025-05-20 19:18:29.649
635,Mat,3,AL,Albania,MT,district,41.5937675,19.9973244,2025-05-20 19:18:29.649,1,2025-05-20 19:18:29.649,1,0,-05:00:00,-05:00:00,2025-05-20 19:18:29.649,2025-05-20 19:18:29.649
638,Mirditë,3,AL,Albania,MR,district,41.764286,19.9020509,2025-05-20 19:18:29.649,1,2025-05-20 19:18:29.649,1,0,-05:00:00,-05:00:00,2025-05-20 19:18:29.649,2025-05-20 19:18:29.649
619,Peqin,3,AL,Albania,PQ,district,41.0470902,19.7502384,2025-05-20 19:18:29.649,1,2025-05-20 19:18:29.649,1,0,-05:00:00,-05:00:00,2025-05-20 19:18:29.649,2025-05-20 19:18:29.649
625,Përmet,3,AL,Albania,PR,district,40.2361837,20.3517334,2025-05-20 19:18:29.649,1,2025-05-20 19:18:29.649,1,0,-05:00:00,-05:00:00,2025-05-20 19:18:29.649,2025-05-20 19:18:29.649
606,Pogradec,3,AL,Albania,PG,district,40.9015314,20.6556289,2025-05-20 19:18:29.649,1,2025-05-20 19:18:29.649,1,0,-05:00:00,-05:00:00,2025-05-20 19:18:29.649,2025-05-20 19:18:29.649
620,Pukë,3,AL,Albania,PU,district,42.0469772,19.8960968,2025-05-20 19:18:29.649,1,2025-05-20 19:18:29.649,1,0,-05:00:00,-05:00:00,2025-05-20 19:18:29.649,2025-05-20 19:18:29.649
624,Sarandë,3,AL,Albania,SR,district,39.8592119,20.0271001,2025-05-20 19:18:29.649,1,2025-05-20 19:18:29.649,1,0,-05:00:00,-05:00:00,2025-05-20 19:18:29.649,2025-05-20 19:18:29.649
611,Shkodër,3,AL,Albania,10,county,42.150371,19.6639309,2025-05-20 19:18:29.649,1,2025-05-20 19:18:29.649,1,0,-05:00:00,-05:00:00,2025-05-20 19:18:29.649,2025-05-20 19:18:29.649
626,Shkodër,3,AL,Albania,SH,district,42.0692985,19.5032559,2025-05-20 19:18:29.649,1,2025-05-20 19:18:29.649,1,0,-05:00:00,-05:00:00,2025-05-20 19:18:29.649,2025-05-20 19:18:29.649
593,Skrapar,3,AL,Albania,SK,district,40.5349946,20.2832217,2025-05-20 19:18:29.649,1,2025-05-20 19:18:29.649,1,0,-05:00:00,-05:00:00,2025-05-20 19:18:29.649,2025-05-20 19:18:29.649
616,Tepelenë,3,AL,Albania,TE,district,40.2966632,20.0181673,2025-05-20 19:18:29.649,1,2025-05-20 19:18:29.649,1,0,-05:00:00,-05:00:00,2025-05-20 19:18:29.649,2025-05-20 19:18:29.649
633,Tirana,3,AL,Albania,TR,district,41.3275459,19.8186982,2025-05-20 19:18:29.649,1,2025-05-20 19:18:29.649,1,0,-05:00:00,-05:00:00,2025-05-20 19:18:29.649,2025-05-20 19:18:29.649
615,Tirana,3,AL,Albania,11,county,41.2427598,19.8067916,2025-05-20 19:18:29.649,1,2025-05-20 19:18:29.649,1,0,-05:00:00,-05:00:00,2025-05-20 19:18:29.649,2025-05-20 19:18:29.649
636,Tropojë,3,AL,Albania,TP,district,42.3982151,20.1625955,2025-05-20 19:18:29.649,1,2025-05-20 19:18:29.649,1,0,-05:00:00,-05:00:00,2025-05-20 19:18:29.649,2025-05-20 19:18:29.649
634,Vlorë,3,AL,Albania,12,county,40.150096,19.8067916,2025-05-20 19:18:29.649,1,2025-05-20 19:18:29.649,1,0,-05:00:00,-05:00:00,2025-05-20 19:18:29.649,2025-05-20 19:18:29.649
613,Vlorë,3,AL,Albania,VL,district,40.4660668,19.491356,2025-05-20 19:18:29.649,1,2025-05-20 19:18:29.649,1,0,-05:00:00,-05:00:00,2025-05-20 19:18:29.649,2025-05-20 19:18:29.649
1118,Adrar,4,DZ,Algeria,1,province,26.418131,-0.6014717,2025-05-20 19:18:29.649,1,2025-05-20 19:18:29.649,1,0,-05:00:00,-05:00:00,2025-05-20 19:18:29.649,2025-05-20 19:18:29.649
1119,Aïn Defla,4,DZ,Algeria,44,province,36.2509429,1.9393815,2025-05-20 19:18:29.649,1,2025-05-20 19:18:29.649,1,0,-05:00:00,-05:00:00,2025-05-20 19:18:29.649,2025-05-20 19:18:29.649
1122,Aïn Témouchent,4,DZ,Algeria,46,province,35.2992698,-1.1392792,2025-05-20 19:18:29.649,1,2025-05-20 19:18:29.649,1,0,-05:00:00,-05:00:00,2025-05-20 19:18:29.649,2025-05-20 19:18:29.649
1144,Algiers,4,DZ,Algeria,16,province,36.6997294,3.0576199,2025-05-20 19:18:29.649,1,2025-05-20 19:18:29.649,1,0,-05:00:00,-05:00:00,2025-05-20 19:18:29.649,2025-05-20 19:18:29.649
1103,Annaba,4,DZ,Algeria,23,province,36.8020508,7.5247243,2025-05-20 19:18:29.649,1,2025-05-20 19:18:29.649,1,0,-05:00:00,-05:00:00,2025-05-20 19:18:29.649,2025-05-20 19:18:29.649
1142,Batna,4,DZ,Algeria,5,province,35.5965954,5.8987139,2025-05-20 19:18:29.649,1,2025-05-20 19:18:29.649,1,0,-05:00:00,-05:00:00,2025-05-20 19:18:29.649,2025-05-20 19:18:29.649
1108,Béchar,4,DZ,Algeria,8,province,31.6238098,-2.2162443,2025-05-20 19:18:29.649,1,2025-05-20 19:18:29.649,1,0,-05:00:00,-05:00:00,2025-05-20 19:18:29.649,2025-05-20 19:18:29.649
1128,Béjaïa,4,DZ,Algeria,6,province,36.7515258,5.0556837,2025-05-20 19:18:29.649,1,2025-05-20 19:18:29.649,1,0,-05:00:00,-05:00:00,2025-05-20 19:18:29.649,2025-05-20 19:18:29.649
4909,Béni Abbès,4,DZ,Algeria,53,province,30.0831042,-2.8345052,2025-05-20 19:18:29.649,1,2025-05-20 19:18:29.649,1,0,-05:00:00,-05:00:00,2025-05-20 19:18:29.649,2025-05-20 19:18:29.649
1114,Biskra,4,DZ,Algeria,7,province,34.8449437,5.7248567,2025-05-20 19:18:29.649,1,2025-05-20 19:18:29.649,1,0,-05:00:00,-05:00:00,2025-05-20 19:18:29.649,2025-05-20 19:18:29.649
1111,Blida,4,DZ,Algeria,9,province,36.531123,2.8976254,2025-05-20 19:18:29.649,1,2025-05-20 19:18:29.649,1,0,-05:00:00,-05:00:00,2025-05-20 19:18:29.649,2025-05-20 19:18:29.649
4908,Bordj Baji Mokhtar,4,DZ,Algeria,52,province,22.966335,-3.9472732,2025-05-20 19:18:29.649,1,2025-05-20 19:18:29.649,1,0,-05:00:00,-05:00:00,2025-05-20 19:18:29.649,2025-05-20 19:18:29.649
1116,Bordj Bou Arréridj,4,DZ,Algeria,34,province,36.0739925,4.7630271,2025-05-20 19:18:29.649,1,2025-05-20 19:18:29.649,1,0,-05:00:00,-05:00:00,2025-05-20 19:18:29.649,2025-05-20 19:18:29.649
1104,Bouïra,4,DZ,Algeria,10,province,36.3691846,3.9006194,2025-05-20 19:18:29.649,1,2025-05-20 19:18:29.649,1,0,-05:00:00,-05:00:00,2025-05-20 19:18:29.649,2025-05-20 19:18:29.649
1125,Boumerdès,4,DZ,Algeria,35,province,36.6839559,3.6217802,2025-05-20 19:18:29.649,1,2025-05-20 19:18:29.649,1,0,-05:00:00,-05:00:00,2025-05-20 19:18:29.649,2025-05-20 19:18:29.649
1105,Chlef,4,DZ,Algeria,2,province,36.1693515,1.2891036,2025-05-20 19:18:29.649,1,2025-05-20 19:18:29.649,1,0,-05:00:00,-05:00:00,2025-05-20 19:18:29.649,2025-05-20 19:18:29.649
1121,Constantine,4,DZ,Algeria,25,province,36.3373911,6.663812,2025-05-20 19:18:29.649,1,2025-05-20 19:18:29.649,1,0,-05:00:00,-05:00:00,2025-05-20 19:18:29.649,2025-05-20 19:18:29.649
4912,Djanet,4,DZ,Algeria,56,province,23.8310872,8.7004672,2025-05-20 19:18:29.649,1,2025-05-20 19:18:29.649,1,0,-05:00:00,-05:00:00,2025-05-20 19:18:29.649,2025-05-20 19:18:29.649
1098,Djelfa,4,DZ,Algeria,17,province,34.6703956,3.2503761,2025-05-20 19:18:29.649,1,2025-05-20 19:18:29.649,1,0,-05:00:00,-05:00:00,2025-05-20 19:18:29.649,2025-05-20 19:18:29.649
1129,El Bayadh,4,DZ,Algeria,32,province,32.7148824,0.9056623,2025-05-20 19:18:29.649,1,2025-05-20 19:18:29.649,1,0,-05:00:00,-05:00:00,2025-05-20 19:18:29.649,2025-05-20 19:18:29.649
4905,El M'ghair,4,DZ,Algeria,49,province,33.9540561,5.1346418,2025-05-20 19:18:29.649,1,2025-05-20 19:18:29.649,1,0,-05:00:00,-05:00:00,2025-05-20 19:18:29.649,2025-05-20 19:18:29.649
4906,El Menia,4,DZ,Algeria,50,province,31.364225,2.5784495,2025-05-20 19:18:29.649,1,2025-05-20 19:18:29.649,1,0,-05:00:00,-05:00:00,2025-05-20 19:18:29.649,2025-05-20 19:18:29.649
1099,El Oued,4,DZ,Algeria,39,province,33.367811,6.8516511,2025-05-20 19:18:29.649,1,2025-05-20 19:18:29.649,1,0,-05:00:00,-05:00:00,2025-05-20 19:18:29.649,2025-05-20 19:18:29.649
1100,El Tarf,4,DZ,Algeria,36,province,36.7576678,8.3076343,2025-05-20 19:18:29.649,1,2025-05-20 19:18:29.649,1,0,-05:00:00,-05:00:00,2025-05-20 19:18:29.649,2025-05-20 19:18:29.649
1127,Ghardaïa,4,DZ,Algeria,47,province,32.4943741,3.64446,2025-05-20 19:18:29.649,1,2025-05-20 19:18:29.649,1,0,-05:00:00,-05:00:00,2025-05-20 19:18:29.649,2025-05-20 19:18:29.649
1137,Guelma,4,DZ,Algeria,24,province,36.4627444,7.4330833,2025-05-20 19:18:29.649,1,2025-05-20 19:18:29.649,1,0,-05:00:00,-05:00:00,2025-05-20 19:18:29.649,2025-05-20 19:18:29.649
1112,Illizi,4,DZ,Algeria,33,province,26.1690005,8.4842465,2025-05-20 19:18:29.649,1,2025-05-20 19:18:29.649,1,0,-05:00:00,-05:00:00,2025-05-20 19:18:29.649,2025-05-20 19:18:29.649
4914,In Guezzam,4,DZ,Algeria,58,province,20.3864323,4.7789394,2025-05-20 19:18:29.649,1,2025-05-20 19:18:29.649,1,0,-05:00:00,-05:00:00,2025-05-20 19:18:29.649,2025-05-20 19:18:29.649
4913,In Salah,4,DZ,Algeria,57,province,27.2149229,1.8484396,2025-05-20 19:18:29.649,1,2025-05-20 19:18:29.649,1,0,-05:00:00,-05:00:00,2025-05-20 19:18:29.649,2025-05-20 19:18:29.649
1113,Jijel,4,DZ,Algeria,18,province,36.7179681,5.9832577,2025-05-20 19:18:29.649,1,2025-05-20 19:18:29.649,1,0,-05:00:00,-05:00:00,2025-05-20 19:18:29.649,2025-05-20 19:18:29.649
1126,Khenchela,4,DZ,Algeria,40,province,35.4269404,7.1460155,2025-05-20 19:18:29.649,1,2025-05-20 19:18:29.649,1,0,-05:00:00,-05:00:00,2025-05-20 19:18:29.649,2025-05-20 19:18:29.649
1138,Laghouat,4,DZ,Algeria,3,province,33.8078341,2.8628294,2025-05-20 19:18:29.649,1,2025-05-20 19:18:29.649,1,0,-05:00:00,-05:00:00,2025-05-20 19:18:29.649,2025-05-20 19:18:29.649
1134,M'Sila,4,DZ,Algeria,28,province,35.7186646,4.5233423,2025-05-20 19:18:29.649,1,2025-05-20 19:18:29.649,1,0,-05:00:00,-05:00:00,2025-05-20 19:18:29.649,2025-05-20 19:18:29.649
1124,Mascara,4,DZ,Algeria,29,province,35.3904125,0.1494988,2025-05-20 19:18:29.649,1,2025-05-20 19:18:29.649,1,0,-05:00:00,-05:00:00,2025-05-20 19:18:29.649,2025-05-20 19:18:29.649
1109,Médéa,4,DZ,Algeria,26,province,36.2637078,2.7587857,2025-05-20 19:18:29.649,1,2025-05-20 19:18:29.649,1,0,-05:00:00,-05:00:00,2025-05-20 19:18:29.649,2025-05-20 19:18:29.649
1132,Mila,4,DZ,Algeria,43,province,36.3647957,6.1526985,2025-05-20 19:18:29.649,1,2025-05-20 19:18:29.649,1,0,-05:00:00,-05:00:00,2025-05-20 19:18:29.649,2025-05-20 19:18:29.649
1140,Mostaganem,4,DZ,Algeria,27,province,35.9583054,0.3371889,2025-05-20 19:18:29.649,1,2025-05-20 19:18:29.649,1,0,-05:00:00,-05:00:00,2025-05-20 19:18:29.649,2025-05-20 19:18:29.649
1102,Naama,4,DZ,Algeria,45,province,33.2667317,-0.3128659,2025-05-20 19:18:29.649,1,2025-05-20 19:18:29.649,1,0,-05:00:00,-05:00:00,2025-05-20 19:18:29.649,2025-05-20 19:18:29.649
1101,Oran,4,DZ,Algeria,31,province,35.6082351,-0.563609,2025-05-20 19:18:29.649,1,2025-05-20 19:18:29.649,1,0,-05:00:00,-05:00:00,2025-05-20 19:18:29.649,2025-05-20 19:18:29.649
1139,Ouargla,4,DZ,Algeria,30,province,32.2264863,5.7299821,2025-05-20 19:18:29.649,1,2025-05-20 19:18:29.649,1,0,-05:00:00,-05:00:00,2025-05-20 19:18:29.649,2025-05-20 19:18:29.649
4907,Ouled Djellal,4,DZ,Algeria,51,province,34.4178221,4.9685843,2025-05-20 19:18:29.649,1,2025-05-20 19:18:29.649,1,0,-05:00:00,-05:00:00,2025-05-20 19:18:29.649,2025-05-20 19:18:29.649
1136,Oum El Bouaghi,4,DZ,Algeria,4,province,35.8688789,7.1108266,2025-05-20 19:18:29.649,1,2025-05-20 19:18:29.649,1,0,-05:00:00,-05:00:00,2025-05-20 19:18:29.649,2025-05-20 19:18:29.649
1130,Relizane,4,DZ,Algeria,48,province,35.7383405,0.7532809,2025-05-20 19:18:29.649,1,2025-05-20 19:18:29.649,1,0,-05:00:00,-05:00:00,2025-05-20 19:18:29.649,2025-05-20 19:18:29.649
1123,Saïda,4,DZ,Algeria,20,province,34.8415207,0.1456055,2025-05-20 19:18:29.649,1,2025-05-20 19:18:29.649,1,0,-05:00:00,-05:00:00,2025-05-20 19:18:29.649,2025-05-20 19:18:29.649
1141,Sétif,4,DZ,Algeria,19,province,36.3073389,5.5617279,2025-05-20 19:18:29.649,1,2025-05-20 19:18:29.649,1,0,-05:00:00,-05:00:00,2025-05-20 19:18:29.649,2025-05-20 19:18:29.649
4902,Sidi Bel Abbès,4,DZ,Algeria,22,province,34.6806024,-1.0999495,2025-05-20 19:18:29.649,1,2025-05-20 19:18:29.649,1,0,-05:00:00,-05:00:00,2025-05-20 19:18:29.649,2025-05-20 19:18:29.649
1110,Skikda,4,DZ,Algeria,21,province,36.6721198,6.8350999,2025-05-20 19:18:29.649,1,2025-05-20 19:18:29.649,1,0,-05:00:00,-05:00:00,2025-05-20 19:18:29.649,2025-05-20 19:18:29.649
1143,Souk Ahras,4,DZ,Algeria,41,province,36.2801062,7.9384033,2025-05-20 19:18:29.649,1,2025-05-20 19:18:29.649,1,0,-05:00:00,-05:00:00,2025-05-20 19:18:29.649,2025-05-20 19:18:29.649
1135,Tamanghasset,4,DZ,Algeria,11,province,22.7902972,5.5193268,2025-05-20 19:18:29.649,1,2025-05-20 19:18:29.649,1,0,-05:00:00,-05:00:00,2025-05-20 19:18:29.649,2025-05-20 19:18:29.649
1117,Tébessa,4,DZ,Algeria,12,province,35.1290691,7.9592863,2025-05-20 19:18:29.649,1,2025-05-20 19:18:29.649,1,0,-05:00:00,-05:00:00,2025-05-20 19:18:29.649,2025-05-20 19:18:29.649
1106,Tiaret,4,DZ,Algeria,14,province,35.3708689,1.3217852,2025-05-20 19:18:29.649,1,2025-05-20 19:18:29.649,1,0,-05:00:00,-05:00:00,2025-05-20 19:18:29.649,2025-05-20 19:18:29.649
4910,Timimoun,4,DZ,Algeria,54,province,29.678906,0.5004608,2025-05-20 19:18:29.649,1,2025-05-20 19:18:29.649,1,0,-05:00:00,-05:00:00,2025-05-20 19:18:29.649,2025-05-20 19:18:29.649
1120,Tindouf,4,DZ,Algeria,37,province,27.8063119,-5.7299821,2025-05-20 19:18:29.649,1,2025-05-20 19:18:29.649,1,0,-05:00:00,-05:00:00,2025-05-20 19:18:29.649,2025-05-20 19:18:29.649
1115,Tipasa,4,DZ,Algeria,42,province,36.546265,2.1843285,2025-05-20 19:18:29.649,1,2025-05-20 19:18:29.649,1,0,-05:00:00,-05:00:00,2025-05-20 19:18:29.649,2025-05-20 19:18:29.649
1133,Tissemsilt,4,DZ,Algeria,38,province,35.6053781,1.813098,2025-05-20 19:18:29.649,1,2025-05-20 19:18:29.649,1,0,-05:00:00,-05:00:00,2025-05-20 19:18:29.649,2025-05-20 19:18:29.649
1131,Tizi Ouzou,4,DZ,Algeria,15,province,36.706911,4.2333355,2025-05-20 19:18:29.649,1,2025-05-20 19:18:29.649,1,0,-05:00:00,-05:00:00,2025-05-20 19:18:29.649,2025-05-20 19:18:29.649
1107,Tlemcen,4,DZ,Algeria,13,province,34.6780284,-1.366216,2025-05-20 19:18:29.649,1,2025-05-20 19:18:29.649,1,0,-05:00:00,-05:00:00,2025-05-20 19:18:29.649,2025-05-20 19:18:29.649
4911,Touggourt,4,DZ,Algeria,55,province,33.1248476,5.7832715,2025-05-20 19:18:29.649,1,2025-05-20 19:18:29.649,1,0,-05:00:00,-05:00:00,2025-05-20 19:18:29.649,2025-05-20 19:18:29.649
5375,Eastern,5,AS,American Samoa,2,district,-14.2756039,-170.8085592,2025-05-20 19:18:29.649,1,2025-05-20 19:18:29.649,1,0,-05:00:00,-05:00:00,2025-05-20 19:18:29.649,2025-05-20 19:18:29.649
5376,Manuʻa,5,AS,American Samoa,3,district,-14.2112641,-169.7111892,2025-05-20 19:18:29.649,1,2025-05-20 19:18:29.649,1,0,-05:00:00,-05:00:00,2025-05-20 19:18:29.649,2025-05-20 19:18:29.649
5378,Rose,5,AS,American Samoa,5,atoll,-14.5449161,-168.1763292,2025-05-20 19:18:29.649,1,2025-05-20 19:18:29.649,1,0,-05:00:00,-05:00:00,2025-05-20 19:18:29.649,2025-05-20 19:18:29.649
5377,Swains,5,AS,American Samoa,4,atoll,-11.0565878,-171.0882909,2025-05-20 19:18:29.649,1,2025-05-20 19:18:29.649,1,0,-05:00:00,-05:00:00,2025-05-20 19:18:29.649,2025-05-20 19:18:29.649
5374,Western,5,AS,American Samoa,1,district,-14.3330751,-170.9431502,2025-05-20 19:18:29.649,1,2025-05-20 19:18:29.649,1,0,-05:00:00,-05:00:00,2025-05-20 19:18:29.649,2025-05-20 19:18:29.649
488,Andorra la Vella,6,AD,Andorra,7,parish,42.5063174,1.5218355,2025-05-20 19:18:29.649,1,2025-05-20 19:18:29.649,1,0,-05:00:00,-05:00:00,2025-05-20 19:18:29.649,2025-05-20 19:18:29.649
489,Canillo,6,AD,Andorra,2,parish,42.5978249,1.6566377,2025-05-20 19:18:29.649,1,2025-05-20 19:18:29.649,1,0,-05:00:00,-05:00:00,2025-05-20 19:18:29.649,2025-05-20 19:18:29.649
487,Encamp,6,AD,Andorra,3,parish,42.5359764,1.5836773,2025-05-20 19:18:29.649,1,2025-05-20 19:18:29.649,1,0,-05:00:00,-05:00:00,2025-05-20 19:18:29.649,2025-05-20 19:18:29.649
492,Escaldes-Engordany,6,AD,Andorra,8,parish,42.4909379,1.5886966,2025-05-20 19:18:29.649,1,2025-05-20 19:18:29.649,1,0,-05:00:00,-05:00:00,2025-05-20 19:18:29.649,2025-05-20 19:18:29.649
493,La Massana,6,AD,Andorra,4,parish,42.545625,1.5147392,2025-05-20 19:18:29.649,1,2025-05-20 19:18:29.649,1,0,-05:00:00,-05:00:00,2025-05-20 19:18:29.649,2025-05-20 19:18:29.649
491,Ordino,6,AD,Andorra,5,parish,42.5994433,1.5402327,2025-05-20 19:18:29.649,1,2025-05-20 19:18:29.649,1,0,-05:00:00,-05:00:00,2025-05-20 19:18:29.649,2025-05-20 19:18:29.649
490,Sant Julià de Lòria,6,AD,Andorra,6,parish,42.4529631,1.4918235,2025-05-20 19:18:29.649,1,2025-05-20 19:18:29.649,1,0,-05:00:00,-05:00:00,2025-05-20 19:18:29.649,2025-05-20 19:18:29.649
221,Bengo,7,AO,Angola,BGO,province,-9.1042257,13.7289167,2025-05-20 19:18:29.649,1,2025-05-20 19:18:29.649,1,0,-05:00:00,-05:00:00,2025-05-20 19:18:29.649,2025-05-20 19:18:29.649
218,Benguela,7,AO,Angola,BGU,province,-12.8003744,13.914399,2025-05-20 19:18:29.649,1,2025-05-20 19:18:29.649,1,0,-05:00:00,-05:00:00,2025-05-20 19:18:29.649,2025-05-20 19:18:29.649
212,Bié,7,AO,Angola,BIE,province,-12.5727907,17.668887,2025-05-20 19:18:29.649,1,2025-05-20 19:18:29.649,1,0,-05:00:00,-05:00:00,2025-05-20 19:18:29.649,2025-05-20 19:18:29.649
228,Cabinda,7,AO,Angola,CAB,province,-5.0248749,12.3463875,2025-05-20 19:18:29.649,1,2025-05-20 19:18:29.649,1,0,-05:00:00,-05:00:00,2025-05-20 19:18:29.649,2025-05-20 19:18:29.649
226,Cuando Cubango,7,AO,Angola,CCU,province,-16.4180824,18.8076195,2025-05-20 19:18:29.649,1,2025-05-20 19:18:29.649,1,0,-05:00:00,-05:00:00,2025-05-20 19:18:29.649,2025-05-20 19:18:29.649
216,Cuanza,7,AO,Angola,CUS,province,-10.595191,15.4068079,2025-05-20 19:18:29.649,1,2025-05-20 19:18:29.649,1,0,-05:00:00,-05:00:00,2025-05-20 19:18:29.649,2025-05-20 19:18:29.649
217,Cuanza Norte,7,AO,Angola,CNO,province,-9.2398513,14.6587821,2025-05-20 19:18:29.649,1,2025-05-20 19:18:29.649,1,0,-05:00:00,-05:00:00,2025-05-20 19:18:29.649,2025-05-20 19:18:29.649
215,Cunene,7,AO,Angola,CNN,province,-16.2802221,16.1580937,2025-05-20 19:18:29.649,1,2025-05-20 19:18:29.649,1,0,-05:00:00,-05:00:00,2025-05-20 19:18:29.649,2025-05-20 19:18:29.649
213,Huambo,7,AO,Angola,HUA,province,-12.5268221,15.5943388,2025-05-20 19:18:29.649,1,2025-05-20 19:18:29.649,1,0,-05:00:00,-05:00:00,2025-05-20 19:18:29.649,2025-05-20 19:18:29.649
225,Huíla,7,AO,Angola,HUI,province,-14.9280553,14.6587821,2025-05-20 19:18:29.649,1,2025-05-20 19:18:29.649,1,0,-05:00:00,-05:00:00,2025-05-20 19:18:29.649,2025-05-20 19:18:29.649
222,Luanda,7,AO,Angola,LUA,province,-9.035088,13.2663479,2025-05-20 19:18:29.649,1,2025-05-20 19:18:29.649,1,0,-05:00:00,-05:00:00,2025-05-20 19:18:29.649,2025-05-20 19:18:29.649
223,Lunda Norte,7,AO,Angola,LNO,province,-8.3525022,19.1880047,2025-05-20 19:18:29.649,1,2025-05-20 19:18:29.649,1,0,-05:00:00,-05:00:00,2025-05-20 19:18:29.649,2025-05-20 19:18:29.649
220,Lunda Sul,7,AO,Angola,LSU,province,-9.8921363,19.080412,2025-05-20 19:18:29.649,1,2025-05-20 19:18:29.649,1,0,-05:00:00,-05:00:00,2025-05-20 19:18:29.649,2025-05-20 19:18:29.649
227,Malanje,7,AO,Angola,MAL,province,-9.8251183,16.912251,2025-05-20 19:18:29.649,1,2025-05-20 19:18:29.649,1,0,-05:00:00,-05:00:00,2025-05-20 19:18:29.649,2025-05-20 19:18:29.649
219,Moxico,7,AO,Angola,MOX,province,-13.4293579,20.3308814,2025-05-20 19:18:29.649,1,2025-05-20 19:18:29.649,1,0,-05:00:00,-05:00:00,2025-05-20 19:18:29.649,2025-05-20 19:18:29.649
224,Uíge,7,AO,Angola,UIG,province,-7.1736732,15.4068079,2025-05-20 19:18:29.649,1,2025-05-20 19:18:29.649,1,0,-05:00:00,-05:00:00,2025-05-20 19:18:29.649,2025-05-20 19:18:29.649
214,Zaire,7,AO,Angola,ZAI,province,-6.5733458,13.1740348,2025-05-20 19:18:29.649,1,2025-05-20 19:18:29.649,1,0,-05:00:00,-05:00:00,2025-05-20 19:18:29.649,2025-05-20 19:18:29.649
5273,Blowing Point,8,AI,Anguilla,,district,18.1765553,-63.1021296,2025-05-20 19:18:29.649,1,2025-05-20 19:18:29.649,1,0,-05:00:00,-05:00:00,2025-05-20 19:18:29.649,2025-05-20 19:18:29.649
5274,East End,8,AI,Anguilla,,district,18.2356173,-63.0149715,2025-05-20 19:18:29.649,1,2025-05-20 19:18:29.649,1,0,-05:00:00,-05:00:00,2025-05-20 19:18:29.649,2025-05-20 19:18:29.649
5275,George Hill,8,AI,Anguilla,,district,18.1997811,-63.0776114,2025-05-20 19:18:29.649,1,2025-05-20 19:18:29.649,1,0,-05:00:00,-05:00:00,2025-05-20 19:18:29.649,2025-05-20 19:18:29.649
5276,Island Harbour,8,AI,Anguilla,,district,18.2552125,-63.014059,2025-05-20 19:18:29.649,1,2025-05-20 19:18:29.649,1,0,-05:00:00,-05:00:00,2025-05-20 19:18:29.649,2025-05-20 19:18:29.649
5277,North Hill,8,AI,Anguilla,,district,18.2050863,-63.0858457,2025-05-20 19:18:29.649,1,2025-05-20 19:18:29.649,1,0,-05:00:00,-05:00:00,2025-05-20 19:18:29.649,2025-05-20 19:18:29.649
5278,North Side,8,AI,Anguilla,,district,18.2300544,-63.051889,2025-05-20 19:18:29.649,1,2025-05-20 19:18:29.649,1,0,-05:00:00,-05:00:00,2025-05-20 19:18:29.649,2025-05-20 19:18:29.649
5279,Sandy Ground,8,AI,Anguilla,,district,18.2018551,-63.0973471,2025-05-20 19:18:29.649,1,2025-05-20 19:18:29.649,1,0,-05:00:00,-05:00:00,2025-05-20 19:18:29.649,2025-05-20 19:18:29.649
5280,Sandy Hill,8,AI,Anguilla,,district,18.218921,-63.0129916,2025-05-20 19:18:29.649,1,2025-05-20 19:18:29.649,1,0,-05:00:00,-05:00:00,2025-05-20 19:18:29.649,2025-05-20 19:18:29.649
5281,South Hill,8,AI,Anguilla,,district,18.1892475,-63.0976367,2025-05-20 19:18:29.649,1,2025-05-20 19:18:29.649,1,0,-05:00:00,-05:00:00,2025-05-20 19:18:29.649,2025-05-20 19:18:29.649
5282,Stoney Ground,8,AI,Anguilla,,district,18.2179101,-63.0496986,2025-05-20 19:18:29.649,1,2025-05-20 19:18:29.649,1,0,-05:00:00,-05:00:00,2025-05-20 19:18:29.649,2025-05-20 19:18:29.649
5283,The Farrington,8,AI,Anguilla,,district,18.2134701,-63.0272162,2025-05-20 19:18:29.649,1,2025-05-20 19:18:29.649,1,0,-05:00:00,-05:00:00,2025-05-20 19:18:29.649,2025-05-20 19:18:29.649
5284,The Quarter,8,AI,Anguilla,,district,18.2145334,-63.0564489,2025-05-20 19:18:29.649,1,2025-05-20 19:18:29.649,1,0,-05:00:00,-05:00:00,2025-05-20 19:18:29.649,2025-05-20 19:18:29.649
5285,The Valley,8,AI,Anguilla,,district,18.2152166,-63.0700628,2025-05-20 19:18:29.649,1,2025-05-20 19:18:29.649,1,0,-05:00:00,-05:00:00,2025-05-20 19:18:29.649,2025-05-20 19:18:29.649
5286,West End,8,AI,Anguilla,,district,18.1715394,-63.1719127,2025-05-20 19:18:29.649,1,2025-05-20 19:18:29.649,1,0,-05:00:00,-05:00:00,2025-05-20 19:18:29.649,2025-05-20 19:18:29.649
3708,Barbuda,10,AG,Antigua and Barbuda,10,dependency,17.6266242,-61.7713028,2025-05-20 19:18:29.649,1,2025-05-20 19:18:29.649,1,0,-05:00:00,-05:00:00,2025-05-20 19:18:29.649,2025-05-20 19:18:29.649
3703,Redonda,10,AG,Antigua and Barbuda,11,dependency,16.938416,-62.3455148,2025-05-20 19:18:29.649,1,2025-05-20 19:18:29.649,1,0,-05:00:00,-05:00:00,2025-05-20 19:18:29.649,2025-05-20 19:18:29.649
3709,Saint George,10,AG,Antigua and Barbuda,3,parish,17.1261929,-61.8192183,2025-05-20 19:18:29.649,1,2025-05-20 19:18:29.649,1,0,-05:00:00,-05:00:00,2025-05-20 19:18:29.649,2025-05-20 19:18:29.649
3706,Saint John,10,AG,Antigua and Barbuda,4,parish,17.1136338,-61.9282714,2025-05-20 19:18:29.649,1,2025-05-20 19:18:29.649,1,0,-05:00:00,-05:00:00,2025-05-20 19:18:29.649,2025-05-20 19:18:29.649
3707,Saint Mary,10,AG,Antigua and Barbuda,5,parish,17.0544373,-61.8969037,2025-05-20 19:18:29.649,1,2025-05-20 19:18:29.649,1,0,-05:00:00,-05:00:00,2025-05-20 19:18:29.649,2025-05-20 19:18:29.649
3705,Saint Paul,10,AG,Antigua and Barbuda,6,parish,17.0319384,-61.8126604,2025-05-20 19:18:29.649,1,2025-05-20 19:18:29.649,1,0,-05:00:00,-05:00:00,2025-05-20 19:18:29.649,2025-05-20 19:18:29.649
3704,Saint Peter,10,AG,Antigua and Barbuda,7,parish,17.1054838,-61.7912317,2025-05-20 19:18:29.649,1,2025-05-20 19:18:29.649,1,0,-05:00:00,-05:00:00,2025-05-20 19:18:29.649,2025-05-20 19:18:29.649
3710,Saint Philip,10,AG,Antigua and Barbuda,8,parish,17.0674913,-61.7419026,2025-05-20 19:18:29.649,1,2025-05-20 19:18:29.649,1,0,-05:00:00,-05:00:00,2025-05-20 19:18:29.649,2025-05-20 19:18:29.649
4880,Autonomous City of Buenos Aires,11,AR,Argentina,C,city,-34.6036844,-58.3815591,2025-05-20 19:18:29.649,1,2025-05-20 19:18:29.649,1,0,-05:00:00,-05:00:00,2025-05-20 19:18:29.649,2025-05-20 19:18:29.649
3656,Buenos Aires,11,AR,Argentina,B,province,-37.2017285,-59.8410697,2025-05-20 19:18:29.649,1,2025-05-20 19:18:29.649,1,0,-05:00:00,-05:00:00,2025-05-20 19:18:29.649,2025-05-20 19:18:29.649
3647,Catamarca,11,AR,Argentina,K,province,-28.4715877,-65.7877209,2025-05-20 19:18:29.649,1,2025-05-20 19:18:29.649,1,0,-05:00:00,-05:00:00,2025-05-20 19:18:29.649,2025-05-20 19:18:29.649
3640,Chaco,11,AR,Argentina,H,province,-27.4257175,-59.0243784,2025-05-20 19:18:29.649,1,2025-05-20 19:18:29.649,1,0,-05:00:00,-05:00:00,2025-05-20 19:18:29.649,2025-05-20 19:18:29.649
3651,Chubut,11,AR,Argentina,U,province,-43.2934246,-65.1114818,2025-05-20 19:18:29.649,1,2025-05-20 19:18:29.649,1,0,-05:00:00,-05:00:00,2025-05-20 19:18:29.649,2025-05-20 19:18:29.649
3642,Córdoba,11,AR,Argentina,X,province,-31.3992876,-64.2643842,2025-05-20 19:18:29.649,1,2025-05-20 19:18:29.649,1,0,-05:00:00,-05:00:00,2025-05-20 19:18:29.649,2025-05-20 19:18:29.649
3638,Corrientes,11,AR,Argentina,W,province,-27.4692131,-58.8306349,2025-05-20 19:18:29.649,1,2025-05-20 19:18:29.649,1,0,-05:00:00,-05:00:00,2025-05-20 19:18:29.649,2025-05-20 19:18:29.649
3654,Entre Ríos,11,AR,Argentina,E,province,-31.7746654,-60.4956461,2025-05-20 19:18:29.649,1,2025-05-20 19:18:29.649,1,0,-05:00:00,-05:00:00,2025-05-20 19:18:29.649,2025-05-20 19:18:29.649
3652,Formosa,11,AR,Argentina,P,province,-26.1894804,-58.2242806,2025-05-20 19:18:29.649,1,2025-05-20 19:18:29.649,1,0,-05:00:00,-05:00:00,2025-05-20 19:18:29.649,2025-05-20 19:18:29.649
3645,Jujuy,11,AR,Argentina,Y,province,-24.1843397,-65.302177,2025-05-20 19:18:29.649,1,2025-05-20 19:18:29.649,1,0,-05:00:00,-05:00:00,2025-05-20 19:18:29.649,2025-05-20 19:18:29.649
3655,La Pampa,11,AR,Argentina,L,province,-36.6147573,-64.2839209,2025-05-20 19:18:29.649,1,2025-05-20 19:18:29.649,1,0,-05:00:00,-05:00:00,2025-05-20 19:18:29.649,2025-05-20 19:18:29.649
3653,La Rioja,11,AR,Argentina,F,province,-29.4193793,-66.8559932,2025-05-20 19:18:29.649,1,2025-05-20 19:18:29.649,1,0,-05:00:00,-05:00:00,2025-05-20 19:18:29.649,2025-05-20 19:18:29.649
3646,Mendoza,11,AR,Argentina,M,province,-32.8894587,-68.8458386,2025-05-20 19:18:29.649,1,2025-05-20 19:18:29.649,1,0,-05:00:00,-05:00:00,2025-05-20 19:18:29.649,2025-05-20 19:18:29.649
3644,Misiones,11,AR,Argentina,N,province,-27.4269255,-55.9467076,2025-05-20 19:18:29.649,1,2025-05-20 19:18:29.649,1,0,-05:00:00,-05:00:00,2025-05-20 19:18:29.649,2025-05-20 19:18:29.649
3648,Neuquén,11,AR,Argentina,Q,province,-38.94587,-68.0730925,2025-05-20 19:18:29.649,1,2025-05-20 19:18:29.649,1,0,-05:00:00,-05:00:00,2025-05-20 19:18:29.649,2025-05-20 19:18:29.649
3639,Río Negro,11,AR,Argentina,R,province,-40.8261434,-63.0266339,2025-05-20 19:18:29.649,1,2025-05-20 19:18:29.649,1,0,-05:00:00,-05:00:00,2025-05-20 19:18:29.649,2025-05-20 19:18:29.649
3643,Salta,11,AR,Argentina,A,province,-24.7997688,-65.4150367,2025-05-20 19:18:29.649,1,2025-05-20 19:18:29.649,1,0,-05:00:00,-05:00:00,2025-05-20 19:18:29.649,2025-05-20 19:18:29.649
3634,San Juan,11,AR,Argentina,J,province,-31.5316976,-68.5676962,2025-05-20 19:18:29.649,1,2025-05-20 19:18:29.649,1,0,-05:00:00,-05:00:00,2025-05-20 19:18:29.649,2025-05-20 19:18:29.649
3636,San Luis,11,AR,Argentina,D,province,-33.2962042,-66.3294948,2025-05-20 19:18:29.649,1,2025-05-20 19:18:29.649,1,0,-05:00:00,-05:00:00,2025-05-20 19:18:29.649,2025-05-20 19:18:29.649
3649,Santa Cruz,11,AR,Argentina,Z,province,-51.6352821,-69.2474353,2025-05-20 19:18:29.649,1,2025-05-20 19:18:29.649,1,0,-05:00:00,-05:00:00,2025-05-20 19:18:29.649,2025-05-20 19:18:29.649
3641,Santa Fe,11,AR,Argentina,S,province,-31.5855109,-60.7238016,2025-05-20 19:18:29.649,1,2025-05-20 19:18:29.649,1,0,-05:00:00,-05:00:00,2025-05-20 19:18:29.649,2025-05-20 19:18:29.649
3635,Santiago del Estero,11,AR,Argentina,G,province,-27.7833574,-64.264167,2025-05-20 19:18:29.649,1,2025-05-20 19:18:29.649,1,0,-05:00:00,-05:00:00,2025-05-20 19:18:29.649,2025-05-20 19:18:29.649
3650,Tierra del Fuego,11,AR,Argentina,V,province,-54.8053998,-68.3242061,2025-05-20 19:18:29.649,1,2025-05-20 19:18:29.649,1,0,-05:00:00,-05:00:00,2025-05-20 19:18:29.649,2025-05-20 19:18:29.649
3637,Tucumán,11,AR,Argentina,T,province,-26.8221127,-65.2192903,2025-05-20 19:18:29.649,1,2025-05-20 19:18:29.649,1,0,-05:00:00,-05:00:00,2025-05-20 19:18:29.649,2025-05-20 19:18:29.649
2023,Aragatsotn,12,AM,Armenia,AG,region,40.3347301,44.3748296,2025-05-20 19:18:29.649,1,2025-05-20 19:18:29.649,1,0,-05:00:00,-05:00:00,2025-05-20 19:18:29.649,2025-05-20 19:18:29.649
2024,Ararat,12,AM,Armenia,AR,region,39.9139415,44.7200004,2025-05-20 19:18:29.649,1,2025-05-20 19:18:29.649,1,0,-05:00:00,-05:00:00,2025-05-20 19:18:29.649,2025-05-20 19:18:29.649
2026,Armavir,12,AM,Armenia,AV,region,40.1554631,44.0372446,2025-05-20 19:18:29.649,1,2025-05-20 19:18:29.649,1,0,-05:00:00,-05:00:00,2025-05-20 19:18:29.649,2025-05-20 19:18:29.649
2028,Gegharkunik,12,AM,Armenia,GR,region,40.3526426,45.1260414,2025-05-20 19:18:29.649,1,2025-05-20 19:18:29.649,1,0,-05:00:00,-05:00:00,2025-05-20 19:18:29.649,2025-05-20 19:18:29.649
2033,Kotayk,12,AM,Armenia,KT,region,40.5410214,44.7690148,2025-05-20 19:18:29.649,1,2025-05-20 19:18:29.649,1,0,-05:00:00,-05:00:00,2025-05-20 19:18:29.649,2025-05-20 19:18:29.649
2029,Lori,12,AM,Armenia,LO,region,40.9698452,44.4900138,2025-05-20 19:18:29.649,1,2025-05-20 19:18:29.649,1,0,-05:00:00,-05:00:00,2025-05-20 19:18:29.649,2025-05-20 19:18:29.649
2031,Shirak,12,AM,Armenia,SH,region,40.9630814,43.8102461,2025-05-20 19:18:29.649,1,2025-05-20 19:18:29.649,1,0,-05:00:00,-05:00:00,2025-05-20 19:18:29.649,2025-05-20 19:18:29.649
2027,Syunik,12,AM,Armenia,SU,region,39.5133112,46.3393234,2025-05-20 19:18:29.649,1,2025-05-20 19:18:29.649,1,0,-05:00:00,-05:00:00,2025-05-20 19:18:29.649,2025-05-20 19:18:29.649
2032,Tavush,12,AM,Armenia,TV,region,40.8866296,45.339349,2025-05-20 19:18:29.649,1,2025-05-20 19:18:29.649,1,0,-05:00:00,-05:00:00,2025-05-20 19:18:29.649,2025-05-20 19:18:29.649
2025,Vayots Dzor,12,AM,Armenia,VD,region,39.7641996,45.3337528,2025-05-20 19:18:29.649,1,2025-05-20 19:18:29.649,1,0,-05:00:00,-05:00:00,2025-05-20 19:18:29.649,2025-05-20 19:18:29.649
2030,Yerevan,12,AM,Armenia,ER,city,40.1872023,44.515209,2025-05-20 19:18:29.649,1,2025-05-20 19:18:29.649,1,0,-05:00:00,-05:00:00,2025-05-20 19:18:29.649,2025-05-20 19:18:29.649
5243,Noord,13,AW,Aruba,,region,12.5824329,-70.0676118,2025-05-20 19:18:29.649,1,2025-05-20 19:18:29.649,1,0,-05:00:00,-05:00:00,2025-05-20 19:18:29.649,2025-05-20 19:18:29.649
5341,Oranjestad,13,AW,Aruba,,capital city,12.5083705,-70.0545253,2025-05-20 19:18:29.649,1,2025-05-20 19:18:29.649,1,0,-05:00:00,-05:00:00,2025-05-20 19:18:29.649,2025-05-20 19:18:29.649
5245,Oranjestad East,13,AW,Aruba,,region,12.5133181,-70.0504818,2025-05-20 19:18:29.649,1,2025-05-20 19:18:29.649,1,0,-05:00:00,-05:00:00,2025-05-20 19:18:29.649,2025-05-20 19:18:29.649
5244,Oranjestad West,13,AW,Aruba,,region,12.5352293,-70.0628404,2025-05-20 19:18:29.649,1,2025-05-20 19:18:29.649,1,0,-05:00:00,-05:00:00,2025-05-20 19:18:29.649,2025-05-20 19:18:29.649
5246,Paradera,13,AW,Aruba,,region,12.5362871,-70.0148511,2025-05-20 19:18:29.649,1,2025-05-20 19:18:29.649,1,0,-05:00:00,-05:00:00,2025-05-20 19:18:29.649,2025-05-20 19:18:29.649
5247,San Nicolaas Noord,13,AW,Aruba,,region,12.4642717,-69.9434939,2025-05-20 19:18:29.649,1,2025-05-20 19:18:29.649,1,0,-05:00:00,-05:00:00,2025-05-20 19:18:29.649,2025-05-20 19:18:29.649
5248,San Nicolaas Zuid,13,AW,Aruba,,region,12.4278558,-69.9381079,2025-05-20 19:18:29.649,1,2025-05-20 19:18:29.649,1,0,-05:00:00,-05:00:00,2025-05-20 19:18:29.649,2025-05-20 19:18:29.649
5249,Santa Cruz,13,AW,Aruba,,region,12.5112836,-69.9876966,2025-05-20 19:18:29.649,1,2025-05-20 19:18:29.649,1,0,-05:00:00,-05:00:00,2025-05-20 19:18:29.649,2025-05-20 19:18:29.649
5250,Savaneta,13,AW,Aruba,,region,12.4618419,-69.9855858,2025-05-20 19:18:29.649,1,2025-05-20 19:18:29.649,1,0,-05:00:00,-05:00:00,2025-05-20 19:18:29.649,2025-05-20 19:18:29.649
3907,Australian Capital Territory,14,AU,Australia,ACT,territory,-35.4734679,149.0123679,2025-05-20 19:18:29.649,1,2025-05-20 19:18:29.649,1,0,-05:00:00,-05:00:00,2025-05-20 19:18:29.649,2025-05-20 19:18:29.649
3909,New South Wales,14,AU,Australia,NSW,state,-31.2532183,146.921099,2025-05-20 19:18:29.649,1,2025-05-20 19:18:29.649,1,,-05:00:00,-05:00:00,2025-05-20 19:18:29.649,2025-05-20 19:18:29.649
3910,Northern Territory,14,AU,Australia,NT,territory,-19.4914108,132.5509603,2025-05-20 19:18:29.649,1,2025-05-20 19:18:29.649,1,,-05:00:00,-05:00:00,2025-05-20 19:18:29.649,2025-05-20 19:18:29.649
3905,Queensland,14,AU,Australia,QLD,state,-20.9175738,142.7027956,2025-05-20 19:18:29.649,1,2025-05-20 19:18:29.649,1,,-05:00:00,-05:00:00,2025-05-20 19:18:29.649,2025-05-20 19:18:29.649
3904,South Australia,14,AU,Australia,SA,state,-30.0002315,136.2091547,2025-05-20 19:18:29.649,1,2025-05-20 19:18:29.649,1,,-05:00:00,-05:00:00,2025-05-20 19:18:29.649,2025-05-20 19:18:29.649
3908,Tasmania,14,AU,Australia,TAS,state,-41.4545196,145.9706647,2025-05-20 19:18:29.649,1,2025-05-20 19:18:29.649,1,,-05:00:00,-05:00:00,2025-05-20 19:18:29.649,2025-05-20 19:18:29.649
3903,Victoria,14,AU,Australia,VIC,state,-36.4856423,140.9779425,2025-05-20 19:18:29.649,1,2025-05-20 19:18:29.649,1,,-05:00:00,-05:00:00,2025-05-20 19:18:29.649,2025-05-20 19:18:29.649
3906,Western Australia,14,AU,Australia,WA,state,-27.6728168,121.6283098,2025-05-20 19:18:29.649,1,2025-05-20 19:18:29.649,1,,-05:00:00,-05:00:00,2025-05-20 19:18:29.649,2025-05-20 19:18:29.649
2062,Burgenland,15,AT,Austria,1,state,47.1537165,16.2688797,2025-05-20 19:18:29.649,1,2025-05-20 19:18:29.649,1,,-05:00:00,-05:00:00,2025-05-20 19:18:29.649,2025-05-20 19:18:29.649
2057,Carinthia,15,AT,Austria,2,state,46.722203,14.1805882,2025-05-20 19:18:29.649,1,2025-05-20 19:18:29.649,1,,-05:00:00,-05:00:00,2025-05-20 19:18:29.649,2025-05-20 19:18:29.649
2065,Lower Austria,15,AT,Austria,3,state,48.108077,15.8049558,2025-05-20 19:18:29.649,1,2025-05-20 19:18:29.649,1,,-05:00:00,-05:00:00,2025-05-20 19:18:29.649,2025-05-20 19:18:29.649
2061,Salzburg,15,AT,Austria,5,state,47.80949,13.05501,2025-05-20 19:18:29.649,1,2025-05-20 19:18:29.649,1,,-05:00:00,-05:00:00,2025-05-20 19:18:29.649,2025-05-20 19:18:29.649
2059,Styria,15,AT,Austria,6,state,47.3593442,14.4699827,2025-05-20 19:18:29.649,1,2025-05-20 19:18:29.649,1,,-05:00:00,-05:00:00,2025-05-20 19:18:29.649,2025-05-20 19:18:29.649
2064,Tyrol,15,AT,Austria,7,state,47.2537414,11.601487,2025-05-20 19:18:29.649,1,2025-05-20 19:18:29.649,1,,-05:00:00,-05:00:00,2025-05-20 19:18:29.649,2025-05-20 19:18:29.649
2058,Upper Austria,15,AT,Austria,4,state,48.025854,13.9723665,2025-05-20 19:18:29.649,1,2025-05-20 19:18:29.649,1,,-05:00:00,-05:00:00,2025-05-20 19:18:29.649,2025-05-20 19:18:29.649
2060,Vienna,15,AT,Austria,9,state,48.2081743,16.3738189,2025-05-20 19:18:29.649,1,2025-05-20 19:18:29.649,1,,-05:00:00,-05:00:00,2025-05-20 19:18:29.649,2025-05-20 19:18:29.649
2063,Vorarlberg,15,AT,Austria,8,state,47.2497427,9.9797373,2025-05-20 19:18:29.649,1,2025-05-20 19:18:29.649,1,,-05:00:00,-05:00:00,2025-05-20 19:18:29.649,2025-05-20 19:18:29.649
540,Absheron,16,AZ,Azerbaijan,ABS,district,40.3629693,49.2736815,2025-05-20 19:18:29.649,1,2025-05-20 19:18:29.649,1,,-05:00:00,-05:00:00,2025-05-20 19:18:29.649,2025-05-20 19:18:29.649
559,Agdam,16,AZ,Azerbaijan,AGM,district,39.9931853,46.9949562,2025-05-20 19:18:29.649,1,2025-05-20 19:18:29.649,1,,-05:00:00,-05:00:00,2025-05-20 19:18:29.649,2025-05-20 19:18:29.649
553,Agdash,16,AZ,Azerbaijan,AGS,district,40.6335427,47.467431,2025-05-20 19:18:29.649,1,2025-05-20 19:18:29.649,1,,-05:00:00,-05:00:00,2025-05-20 19:18:29.649,2025-05-20 19:18:29.649
577,Aghjabadi,16,AZ,Azerbaijan,AGC,district,28.7891841,77.5160788,2025-05-20 19:18:29.649,1,2025-05-20 19:18:29.649,1,,-05:00:00,-05:00:00,2025-05-20 19:18:29.649,2025-05-20 19:18:29.649
543,Agstafa,16,AZ,Azerbaijan,AGA,district,41.2655933,45.5134291,2025-05-20 19:18:29.649,1,2025-05-20 19:18:29.649,1,,-05:00:00,-05:00:00,2025-05-20 19:18:29.649,2025-05-20 19:18:29.649
547,Agsu,16,AZ,Azerbaijan,AGU,district,40.5283339,48.3650835,2025-05-20 19:18:29.649,1,2025-05-20 19:18:29.649,1,,-05:00:00,-05:00:00,2025-05-20 19:18:29.649,2025-05-20 19:18:29.649
528,Astara,16,AZ,Azerbaijan,AST,district,38.4937845,48.6944365,2025-05-20 19:18:29.649,1,2025-05-20 19:18:29.649,1,,-05:00:00,-05:00:00,2025-05-20 19:18:29.649,2025-05-20 19:18:29.649
575,Babek,16,AZ,Azerbaijan,BAB,district,39.1507613,45.4485368,2025-05-20 19:18:29.649,1,2025-05-20 19:18:29.649,1,,-05:00:00,-05:00:00,2025-05-20 19:18:29.649,2025-05-20 19:18:29.649
552,Baku,16,AZ,Azerbaijan,BA,municipality,40.4092617,49.8670924,2025-05-20 19:18:29.649,1,2025-05-20 19:18:29.649,1,,-05:00:00,-05:00:00,2025-05-20 19:18:29.649,2025-05-20 19:18:29.649
560,Balakan,16,AZ,Azerbaijan,BAL,district,41.7037509,46.4044213,2025-05-20 19:18:29.649,1,2025-05-20 19:18:29.649,1,,-05:00:00,-05:00:00,2025-05-20 19:18:29.649,2025-05-20 19:18:29.649
569,Barda,16,AZ,Azerbaijan,BAR,district,40.3706555,47.1378909,2025-05-20 19:18:29.649,1,2025-05-20 19:18:29.649,1,,-05:00:00,-05:00:00,2025-05-20 19:18:29.649,2025-05-20 19:18:29.649
554,Beylagan,16,AZ,Azerbaijan,BEY,district,39.7723073,47.6154166,2025-05-20 19:18:29.649,1,2025-05-20 19:18:29.649,1,,-05:00:00,-05:00:00,2025-05-20 19:18:29.649,2025-05-20 19:18:29.649
532,Bilasuvar,16,AZ,Azerbaijan,BIL,district,39.4598833,48.5509813,2025-05-20 19:18:29.649,1,2025-05-20 19:18:29.649,1,,-05:00:00,-05:00:00,2025-05-20 19:18:29.649,2025-05-20 19:18:29.649
561,Dashkasan,16,AZ,Azerbaijan,DAS,district,40.5202257,46.0779304,2025-05-20 19:18:29.649,1,2025-05-20 19:18:29.649,1,,-05:00:00,-05:00:00,2025-05-20 19:18:29.649,2025-05-20 19:18:29.649
527,Fizuli,16,AZ,Azerbaijan,FUZ,district,39.5378605,47.3033877,2025-05-20 19:18:29.649,1,2025-05-20 19:18:29.649,1,,-05:00:00,-05:00:00,2025-05-20 19:18:29.649,2025-05-20 19:18:29.649
585,Ganja,16,AZ,Azerbaijan,GA,municipality,36.3687338,-95.9985767,2025-05-20 19:18:29.649,1,2025-05-20 19:18:29.649,1,,-05:00:00,-05:00:00,2025-05-20 19:18:29.649,2025-05-20 19:18:29.649
589,Gədəbəy,16,AZ,Azerbaijan,GAD,district,40.5699639,45.8106883,2025-05-20 19:18:29.649,1,2025-05-20 19:18:29.649,1,,-05:00:00,-05:00:00,2025-05-20 19:18:29.649,2025-05-20 19:18:29.649
573,Gobustan,16,AZ,Azerbaijan,QOB,district,40.5326104,48.927375,2025-05-20 19:18:29.649,1,2025-05-20 19:18:29.649,1,,-05:00:00,-05:00:00,2025-05-20 19:18:29.649,2025-05-20 19:18:29.649
551,Goranboy,16,AZ,Azerbaijan,GOR,district,40.5380506,46.5990891,2025-05-20 19:18:29.649,1,2025-05-20 19:18:29.649,1,,-05:00:00,-05:00:00,2025-05-20 19:18:29.649,2025-05-20 19:18:29.649
531,Goychay,16,AZ,Azerbaijan,GOY,district,40.6236168,47.7403034,2025-05-20 19:18:29.649,1,2025-05-20 19:18:29.649,1,,-05:00:00,-05:00:00,2025-05-20 19:18:29.649,2025-05-20 19:18:29.649
574,Goygol,16,AZ,Azerbaijan,GYG,district,40.5595378,46.3314953,2025-05-20 19:18:29.649,1,2025-05-20 19:18:29.649,1,,-05:00:00,-05:00:00,2025-05-20 19:18:29.649,2025-05-20 19:18:29.649
571,Hajigabul,16,AZ,Azerbaijan,HAC,district,40.039377,48.9202533,2025-05-20 19:18:29.649,1,2025-05-20 19:18:29.649,1,,-05:00:00,-05:00:00,2025-05-20 19:18:29.649,2025-05-20 19:18:29.649
544,Imishli,16,AZ,Azerbaijan,IMI,district,39.8694686,48.0665218,2025-05-20 19:18:29.649,1,2025-05-20 19:18:29.649,1,,-05:00:00,-05:00:00,2025-05-20 19:18:29.649,2025-05-20 19:18:29.649
564,Ismailli,16,AZ,Azerbaijan,ISM,district,40.7429936,48.2125556,2025-05-20 19:18:29.649,1,2025-05-20 19:18:29.649,1,,-05:00:00,-05:00:00,2025-05-20 19:18:29.649,2025-05-20 19:18:29.649
570,Jabrayil,16,AZ,Azerbaijan,CAB,district,39.2645544,46.9621562,2025-05-20 19:18:29.649,1,2025-05-20 19:18:29.649,1,,-05:00:00,-05:00:00,2025-05-20 19:18:29.649,2025-05-20 19:18:29.649
578,Jalilabad,16,AZ,Azerbaijan,CAL,district,39.2051632,48.5100604,2025-05-20 19:18:29.649,1,2025-05-20 19:18:29.649,1,,-05:00:00,-05:00:00,2025-05-20 19:18:29.649,2025-05-20 19:18:29.649
572,Julfa,16,AZ,Azerbaijan,CUL,district,38.9604983,45.6292939,2025-05-20 19:18:29.649,1,2025-05-20 19:18:29.649,1,,-05:00:00,-05:00:00,2025-05-20 19:18:29.649,2025-05-20 19:18:29.649
525,Kalbajar,16,AZ,Azerbaijan,KAL,district,40.1024329,46.0364872,2025-05-20 19:18:29.649,1,2025-05-20 19:18:29.649,1,,-05:00:00,-05:00:00,2025-05-20 19:18:29.649,2025-05-20 19:18:29.649
567,Kangarli,16,AZ,Azerbaijan,KAN,district,39.387194,45.1639852,2025-05-20 19:18:29.649,1,2025-05-20 19:18:29.649,1,,-05:00:00,-05:00:00,2025-05-20 19:18:29.649,2025-05-20 19:18:29.649
590,Khachmaz,16,AZ,Azerbaijan,XAC,district,41.4591168,48.8020626,2025-05-20 19:18:29.649,1,2025-05-20 19:18:29.649,1,,-05:00:00,-05:00:00,2025-05-20 19:18:29.649,2025-05-20 19:18:29.649
537,Khizi,16,AZ,Azerbaijan,XIZ,district,40.9109489,49.0729264,2025-05-20 19:18:29.649,1,2025-05-20 19:18:29.649,1,,-05:00:00,-05:00:00,2025-05-20 19:18:29.649,2025-05-20 19:18:29.649
524,Khojali,16,AZ,Azerbaijan,XCI,district,39.9132553,46.794305,2025-05-20 19:18:29.649,1,2025-05-20 19:18:29.649,1,,-05:00:00,-05:00:00,2025-05-20 19:18:29.649,2025-05-20 19:18:29.649
549,Kurdamir,16,AZ,Azerbaijan,KUR,district,40.3698651,48.1644626,2025-05-20 19:18:29.649,1,2025-05-20 19:18:29.649,1,,-05:00:00,-05:00:00,2025-05-20 19:18:29.649,2025-05-20 19:18:29.649
541,Lachin,16,AZ,Azerbaijan,LAC,district,39.6383414,46.5460853,2025-05-20 19:18:29.649,1,2025-05-20 19:18:29.649,1,,-05:00:00,-05:00:00,2025-05-20 19:18:29.649,2025-05-20 19:18:29.649
587,Lankaran,16,AZ,Azerbaijan,LAN,municipality,38.7528669,48.8475015,2025-05-20 19:18:29.649,1,2025-05-20 19:18:29.649,1,,-05:00:00,-05:00:00,2025-05-20 19:18:29.649,2025-05-20 19:18:29.649
558,Lankaran,16,AZ,Azerbaijan,LA,district,38.9231118,48.2314819,2025-05-20 19:18:29.649,1,2025-05-20 19:18:29.649,1,,-05:00:00,-05:00:00,2025-05-20 19:18:29.649,2025-05-20 19:18:29.649
546,Lerik,16,AZ,Azerbaijan,LER,district,38.7736192,48.4151483,2025-05-20 19:18:29.649,1,2025-05-20 19:18:29.649,1,,-05:00:00,-05:00:00,2025-05-20 19:18:29.649,2025-05-20 19:18:29.649
568,Martuni,16,AZ,Azerbaijan,XVD,district,39.7914693,47.1100814,2025-05-20 19:18:29.649,1,2025-05-20 19:18:29.649,1,,-05:00:00,-05:00:00,2025-05-20 19:18:29.649,2025-05-20 19:18:29.649
555,Masally,16,AZ,Azerbaijan,MAS,district,39.0340722,48.6589354,2025-05-20 19:18:29.649,1,2025-05-20 19:18:29.649,1,,-05:00:00,-05:00:00,2025-05-20 19:18:29.649,2025-05-20 19:18:29.649
580,Mingachevir,16,AZ,Azerbaijan,MI,municipality,40.7702563,47.0496015,2025-05-20 19:18:29.649,1,2025-05-20 19:18:29.649,1,,-05:00:00,-05:00:00,2025-05-20 19:18:29.649,2025-05-20 19:18:29.649
562,Nakhchivan,16,AZ,Azerbaijan,NX,autonomous republic,39.3256814,45.4912648,2025-05-20 19:18:29.649,1,2025-05-20 19:18:29.649,1,,-05:00:00,-05:00:00,2025-05-20 19:18:29.649,2025-05-20 19:18:29.649
530,Neftchala,16,AZ,Azerbaijan,NEF,district,39.3881052,49.2413743,2025-05-20 19:18:29.649,1,2025-05-20 19:18:29.649,1,,-05:00:00,-05:00:00,2025-05-20 19:18:29.649,2025-05-20 19:18:29.649
556,Oghuz,16,AZ,Azerbaijan,OGU,district,41.0727924,47.4650672,2025-05-20 19:18:29.649,1,2025-05-20 19:18:29.649,1,,-05:00:00,-05:00:00,2025-05-20 19:18:29.649,2025-05-20 19:18:29.649
534,Ordubad,16,AZ,Azerbaijan,ORD,district,38.9021622,46.0237625,2025-05-20 19:18:29.649,1,2025-05-20 19:18:29.649,1,,-05:00:00,-05:00:00,2025-05-20 19:18:29.649,2025-05-20 19:18:29.649
542,Qabala,16,AZ,Azerbaijan,QAB,district,40.9253925,47.8016106,2025-05-20 19:18:29.649,1,2025-05-20 19:18:29.649,1,,-05:00:00,-05:00:00,2025-05-20 19:18:29.649,2025-05-20 19:18:29.649
526,Qakh,16,AZ,Azerbaijan,QAX,district,41.4206827,46.9320184,2025-05-20 19:18:29.649,1,2025-05-20 19:18:29.649,1,,-05:00:00,-05:00:00,2025-05-20 19:18:29.649,2025-05-20 19:18:29.649
521,Qazakh,16,AZ,Azerbaijan,QAZ,district,41.0971074,45.3516331,2025-05-20 19:18:29.649,1,2025-05-20 19:18:29.649,1,,-05:00:00,-05:00:00,2025-05-20 19:18:29.649,2025-05-20 19:18:29.649
563,Quba,16,AZ,Azerbaijan,QBA,district,41.1564242,48.4135021,2025-05-20 19:18:29.649,1,2025-05-20 19:18:29.649,1,,-05:00:00,-05:00:00,2025-05-20 19:18:29.649,2025-05-20 19:18:29.649
548,Qubadli,16,AZ,Azerbaijan,QBI,district,39.2713996,46.6354312,2025-05-20 19:18:29.649,1,2025-05-20 19:18:29.649,1,,-05:00:00,-05:00:00,2025-05-20 19:18:29.649,2025-05-20 19:18:29.649
588,Qusar,16,AZ,Azerbaijan,QUS,district,41.4266886,48.4345577,2025-05-20 19:18:29.649,1,2025-05-20 19:18:29.649,1,,-05:00:00,-05:00:00,2025-05-20 19:18:29.649,2025-05-20 19:18:29.649
557,Saatly,16,AZ,Azerbaijan,SAT,district,39.9095503,48.3595122,2025-05-20 19:18:29.649,1,2025-05-20 19:18:29.649,1,,-05:00:00,-05:00:00,2025-05-20 19:18:29.649,2025-05-20 19:18:29.649
565,Sabirabad,16,AZ,Azerbaijan,SAB,district,39.9870663,48.4692545,2025-05-20 19:18:29.649,1,2025-05-20 19:18:29.649,1,,-05:00:00,-05:00:00,2025-05-20 19:18:29.649,2025-05-20 19:18:29.649
522,Sadarak,16,AZ,Azerbaijan,SAD,district,39.7105114,44.8864277,2025-05-20 19:18:29.649,1,2025-05-20 19:18:29.649,1,,-05:00:00,-05:00:00,2025-05-20 19:18:29.649,2025-05-20 19:18:29.649
545,Salyan,16,AZ,Azerbaijan,SAL,district,28.3524811,82.12784,2025-05-20 19:18:29.649,1,2025-05-20 19:18:29.649,1,,-05:00:00,-05:00:00,2025-05-20 19:18:29.649,2025-05-20 19:18:29.649
536,Samukh,16,AZ,Azerbaijan,SMX,district,40.7604631,46.4063181,2025-05-20 19:18:29.649,1,2025-05-20 19:18:29.649,1,,-05:00:00,-05:00:00,2025-05-20 19:18:29.649,2025-05-20 19:18:29.649
591,Shabran,16,AZ,Azerbaijan,SBN,district,41.2228376,48.8457304,2025-05-20 19:18:29.649,1,2025-05-20 19:18:29.649,1,,-05:00:00,-05:00:00,2025-05-20 19:18:29.649,2025-05-20 19:18:29.649
579,Shahbuz,16,AZ,Azerbaijan,SAH,district,39.4452103,45.6568009,2025-05-20 19:18:29.649,1,2025-05-20 19:18:29.649,1,,-05:00:00,-05:00:00,2025-05-20 19:18:29.649,2025-05-20 19:18:29.649
518,Shaki,16,AZ,Azerbaijan,SA,municipality,41.1974753,47.1571241,2025-05-20 19:18:29.649,1,2025-05-20 19:18:29.649,1,,-05:00:00,-05:00:00,2025-05-20 19:18:29.649,2025-05-20 19:18:29.649
586,Shaki,16,AZ,Azerbaijan,SAK,district,41.1134662,47.1316927,2025-05-20 19:18:29.649,1,2025-05-20 19:18:29.649,1,,-05:00:00,-05:00:00,2025-05-20 19:18:29.649,2025-05-20 19:18:29.649
529,Shamakhi,16,AZ,Azerbaijan,SMI,district,40.6318731,48.6363801,2025-05-20 19:18:29.649,1,2025-05-20 19:18:29.649,1,,-05:00:00,-05:00:00,2025-05-20 19:18:29.649,2025-05-20 19:18:29.649
583,Shamkir,16,AZ,Azerbaijan,SKR,district,40.8288144,46.0166879,2025-05-20 19:18:29.649,1,2025-05-20 19:18:29.649,1,,-05:00:00,-05:00:00,2025-05-20 19:18:29.649,2025-05-20 19:18:29.649
535,Sharur,16,AZ,Azerbaijan,SAR,district,39.5536332,44.984568,2025-05-20 19:18:29.649,1,2025-05-20 19:18:29.649,1,,-05:00:00,-05:00:00,2025-05-20 19:18:29.649,2025-05-20 19:18:29.649
520,Shirvan,16,AZ,Azerbaijan,SR,municipality,39.9469707,48.9223919,2025-05-20 19:18:29.649,1,2025-05-20 19:18:29.649,1,,-05:00:00,-05:00:00,2025-05-20 19:18:29.649,2025-05-20 19:18:29.649
592,Shusha,16,AZ,Azerbaijan,SUS,district,39.7537438,46.7464755,2025-05-20 19:18:29.649,1,2025-05-20 19:18:29.649,1,,-05:00:00,-05:00:00,2025-05-20 19:18:29.649,2025-05-20 19:18:29.649
584,Siazan,16,AZ,Azerbaijan,SIY,district,41.0783833,49.1118477,2025-05-20 19:18:29.649,1,2025-05-20 19:18:29.649,1,,-05:00:00,-05:00:00,2025-05-20 19:18:29.649,2025-05-20 19:18:29.649
582,Sumqayit,16,AZ,Azerbaijan,SM,municipality,40.5854765,49.6317411,2025-05-20 19:18:29.649,1,2025-05-20 19:18:29.649,1,,-05:00:00,-05:00:00,2025-05-20 19:18:29.649,2025-05-20 19:18:29.649
519,Tartar,16,AZ,Azerbaijan,TAR,district,40.3443875,46.9376519,2025-05-20 19:18:29.649,1,2025-05-20 19:18:29.649,1,,-05:00:00,-05:00:00,2025-05-20 19:18:29.649,2025-05-20 19:18:29.649
533,Tovuz,16,AZ,Azerbaijan,TOV,district,40.9954523,45.6165907,2025-05-20 19:18:29.649,1,2025-05-20 19:18:29.649,1,,-05:00:00,-05:00:00,2025-05-20 19:18:29.649,2025-05-20 19:18:29.649
539,Ujar,16,AZ,Azerbaijan,UCA,district,40.5067525,47.6489641,2025-05-20 19:18:29.649,1,2025-05-20 19:18:29.649,1,,-05:00:00,-05:00:00,2025-05-20 19:18:29.649,2025-05-20 19:18:29.649
550,Yardymli,16,AZ,Azerbaijan,YAR,district,38.9058917,48.2496127,2025-05-20 19:18:29.649,1,2025-05-20 19:18:29.649,1,,-05:00:00,-05:00:00,2025-05-20 19:18:29.649,2025-05-20 19:18:29.649
538,Yevlakh,16,AZ,Azerbaijan,YE,municipality,40.6196638,47.1500324,2025-05-20 19:18:29.649,1,2025-05-20 19:18:29.649,1,,-05:00:00,-05:00:00,2025-05-20 19:18:29.649,2025-05-20 19:18:29.649
523,Yevlakh,16,AZ,Azerbaijan,YEV,district,40.6933234,46.6731119,2025-05-20 19:18:29.649,1,2025-05-20 19:18:29.649,1,,-05:00:00,-05:00:00,2025-05-20 19:18:29.649,2025-05-20 19:18:29.649
581,Zangilan,16,AZ,Azerbaijan,ZAN,district,39.0856899,46.6524728,2025-05-20 19:18:29.649,1,2025-05-20 19:18:29.649,1,,-05:00:00,-05:00:00,2025-05-20 19:18:29.649,2025-05-20 19:18:29.649
566,Zaqatala,16,AZ,Azerbaijan,ZAQ,district,41.5906889,46.7240373,2025-05-20 19:18:29.649,1,2025-05-20 19:18:29.649,1,,-05:00:00,-05:00:00,2025-05-20 19:18:29.649,2025-05-20 19:18:29.649
576,Zardab,16,AZ,Azerbaijan,ZAR,district,40.2148114,47.714944,2025-05-20 19:18:29.649,1,2025-05-20 19:18:29.649,1,,-05:00:00,-05:00:00,2025-05-20 19:18:29.649,2025-05-20 19:18:29.649
1992,Capital,18,BH,Bahrain,13,governorate,26.1929274,50.492567,2025-05-20 19:18:29.649,1,2025-05-20 19:18:29.649,1,,-05:00:00,-05:00:00,2025-05-20 19:18:29.649,2025-05-20 19:18:29.649
1996,Central,18,BH,Bahrain,16,governorate,26.1426093,50.5653294,2025-05-20 19:18:29.649,1,2025-05-20 19:18:29.649,1,,-05:00:00,-05:00:00,2025-05-20 19:18:29.649,2025-05-20 19:18:29.649
1995,Muharraq,18,BH,Bahrain,15,governorate,26.2685653,50.6482517,2025-05-20 19:18:29.649,1,2025-05-20 19:18:29.649,1,,-05:00:00,-05:00:00,2025-05-20 19:18:29.649,2025-05-20 19:18:29.649
1994,Northern,18,BH,Bahrain,17,governorate,26.1551914,50.4825173,2025-05-20 19:18:29.649,1,2025-05-20 19:18:29.649,1,,-05:00:00,-05:00:00,2025-05-20 19:18:29.649,2025-05-20 19:18:29.649
1993,Southern,18,BH,Bahrain,14,governorate,25.9381018,50.5756887,2025-05-20 19:18:29.649,1,2025-05-20 19:18:29.649,1,,-05:00:00,-05:00:00,2025-05-20 19:18:29.649,2025-05-20 19:18:29.649
807,Barisal ,19,BD,Bangladesh,A,division,22.3811131,90.3371889,2025-05-20 19:18:29.649,1,2025-05-20 19:18:29.649,1,,-05:00:00,-05:00:00,2025-05-20 19:18:29.649,2025-05-20 19:18:29.649
803,Chittagong ,19,BD,Bangladesh,B,division,23.1793157,91.9881527,2025-05-20 19:18:29.649,1,2025-05-20 19:18:29.649,1,,-05:00:00,-05:00:00,2025-05-20 19:18:29.649,2025-05-20 19:18:29.649
760,Dhaka ,19,BD,Bangladesh,C,division,23.9535742,90.1494988,2025-05-20 19:18:29.649,1,2025-05-20 19:18:29.649,1,,-05:00:00,-05:00:00,2025-05-20 19:18:29.649,2025-05-20 19:18:29.649
775,Khulna ,19,BD,Bangladesh,D,division,22.8087816,89.2467191,2025-05-20 19:18:29.649,1,2025-05-20 19:18:29.649,1,,-05:00:00,-05:00:00,2025-05-20 19:18:29.649,2025-05-20 19:18:29.649
758,Mymensingh ,19,BD,Bangladesh,H,division,24.71362,90.4502368,2025-05-20 19:18:29.649,1,2025-05-20 19:18:29.649,1,,-05:00:00,-05:00:00,2025-05-20 19:18:29.649,2025-05-20 19:18:29.649
753,Rajshahi ,19,BD,Bangladesh,E,division,24.7105776,88.9413865,2025-05-20 19:18:29.649,1,2025-05-20 19:18:29.649,1,,-05:00:00,-05:00:00,2025-05-20 19:18:29.649,2025-05-20 19:18:29.649
750,Rangpur ,19,BD,Bangladesh,F,division,25.8483388,88.9413865,2025-05-20 19:18:29.649,1,2025-05-20 19:18:29.649,1,,-05:00:00,-05:00:00,2025-05-20 19:18:29.649,2025-05-20 19:18:29.649
765,Sylhet ,19,BD,Bangladesh,G,division,24.7049811,91.6760691,2025-05-20 19:18:29.649,1,2025-05-20 19:18:29.649,1,,-05:00:00,-05:00:00,2025-05-20 19:18:29.649,2025-05-20 19:18:29.649
1228,Christ Church,20,BB,Barbados,1,parish,13.0852899,-59.6239014,2025-05-20 19:18:29.649,1,2025-05-20 19:18:29.649,1,,-05:00:00,-05:00:00,2025-05-20 19:18:29.649,2025-05-20 19:18:29.649
1229,Saint Andrew,20,BB,Barbados,2,parish,13.2494607,-59.6126957,2025-05-20 19:18:29.649,1,2025-05-20 19:18:29.649,1,,-05:00:00,-05:00:00,2025-05-20 19:18:29.649,2025-05-20 19:18:29.649
1226,Saint George,20,BB,Barbados,3,parish,13.1403863,-59.5854677,2025-05-20 19:18:29.649,1,2025-05-20 19:18:29.649,1,,-05:00:00,-05:00:00,2025-05-20 19:18:29.649,2025-05-20 19:18:29.649
1224,Saint James,20,BB,Barbados,4,parish,13.1879348,-59.6622402,2025-05-20 19:18:29.649,1,2025-05-20 19:18:29.649,1,,-05:00:00,-05:00:00,2025-05-20 19:18:29.649,2025-05-20 19:18:29.649
1227,Saint John,20,BB,Barbados,5,parish,13.1741118,-59.5404507,2025-05-20 19:18:29.649,1,2025-05-20 19:18:29.649,1,,-05:00:00,-05:00:00,2025-05-20 19:18:29.649,2025-05-20 19:18:29.649
1223,Saint Joseph,20,BB,Barbados,6,parish,13.2021912,-59.5838577,2025-05-20 19:18:29.649,1,2025-05-20 19:18:29.649,1,,-05:00:00,-05:00:00,2025-05-20 19:18:29.649,2025-05-20 19:18:29.649
1221,Saint Lucy,20,BB,Barbados,7,parish,13.3045828,-59.6536618,2025-05-20 19:18:29.649,1,2025-05-20 19:18:29.649,1,,-05:00:00,-05:00:00,2025-05-20 19:18:29.649,2025-05-20 19:18:29.649
1230,Saint Michael,20,BB,Barbados,8,parish,13.1184767,-59.6434902,2025-05-20 19:18:29.649,1,2025-05-20 19:18:29.649,1,,-05:00:00,-05:00:00,2025-05-20 19:18:29.649,2025-05-20 19:18:29.649
1222,Saint Peter,20,BB,Barbados,9,parish,13.2622709,-59.6511343,2025-05-20 19:18:29.649,1,2025-05-20 19:18:29.649,1,,-05:00:00,-05:00:00,2025-05-20 19:18:29.649,2025-05-20 19:18:29.649
1220,Saint Philip,20,BB,Barbados,10,parish,13.1309523,-59.5071467,2025-05-20 19:18:29.649,1,2025-05-20 19:18:29.649,1,,-05:00:00,-05:00:00,2025-05-20 19:18:29.649,2025-05-20 19:18:29.649
1225,Saint Thomas,20,BB,Barbados,11,parish,18.3380965,-64.8940946,2025-05-20 19:18:29.649,1,2025-05-20 19:18:29.649,1,,-05:00:00,-05:00:00,2025-05-20 19:18:29.649,2025-05-20 19:18:29.649
2959,Brest,21,BY,Belarus,BR,oblast,52.5296641,25.460648,2025-05-20 19:18:29.649,1,2025-05-20 19:18:29.649,1,,-05:00:00,-05:00:00,2025-05-20 19:18:29.649,2025-05-20 19:18:29.649
2955,Gomel,21,BY,Belarus,HO,oblast,52.1648754,29.1333251,2025-05-20 19:18:29.649,1,2025-05-20 19:18:29.649,1,,-05:00:00,-05:00:00,2025-05-20 19:18:29.649,2025-05-20 19:18:29.649
2956,Grodno,21,BY,Belarus,HR,oblast,53.6599945,25.3448571,2025-05-20 19:18:29.649,1,2025-05-20 19:18:29.649,1,,-05:00:00,-05:00:00,2025-05-20 19:18:29.649,2025-05-20 19:18:29.649
2957,Minsk,21,BY,Belarus,MI,oblast,54.1067889,27.4129245,2025-05-20 19:18:29.649,1,2025-05-20 19:18:29.649,1,,-05:00:00,-05:00:00,2025-05-20 19:18:29.649,2025-05-20 19:18:29.649
2958,Minsk,21,BY,Belarus,HM,city,53.9006011,27.558972,2025-05-20 19:18:29.649,1,2025-05-20 19:18:29.649,1,,-05:00:00,-05:00:00,2025-05-20 19:18:29.649,2025-05-20 19:18:29.649
2954,Mogilev,21,BY,Belarus,MA,oblast,53.5101791,30.4006444,2025-05-20 19:18:29.649,1,2025-05-20 19:18:29.649,1,,-05:00:00,-05:00:00,2025-05-20 19:18:29.649,2025-05-20 19:18:29.649
2960,Vitebsk,21,BY,Belarus,VI,oblast,55.2959833,28.7583627,2025-05-20 19:18:29.649,1,2025-05-20 19:18:29.649,1,,-05:00:00,-05:00:00,2025-05-20 19:18:29.649,2025-05-20 19:18:29.649
1381,Antwerp,22,BE,Belgium,VAN,province,51.2194475,4.4024643,2025-05-20 19:18:29.649,1,2025-05-20 19:18:29.649,1,,-05:00:00,-05:00:00,2025-05-20 19:18:29.649,2025-05-20 19:18:29.649
1376,Brussels-Capital ,22,BE,Belgium,BRU,region,50.8503463,4.3517211,2025-05-20 19:18:29.649,1,2025-05-20 19:18:29.649,1,,-05:00:00,-05:00:00,2025-05-20 19:18:29.649,2025-05-20 19:18:29.649
1377,East Flanders,22,BE,Belgium,VOV,province,51.0362101,3.7373124,2025-05-20 19:18:29.649,1,2025-05-20 19:18:29.649,1,,-05:00:00,-05:00:00,2025-05-20 19:18:29.649,2025-05-20 19:18:29.649
1373,Flanders,22,BE,Belgium,VLG,region,51.0108706,3.7264613,2025-05-20 19:18:29.649,1,2025-05-20 19:18:29.649,1,,-05:00:00,-05:00:00,2025-05-20 19:18:29.649,2025-05-20 19:18:29.649
1374,Flemish Brabant,22,BE,Belgium,VBR,province,50.8815434,4.564597,2025-05-20 19:18:29.649,1,2025-05-20 19:18:29.649,1,,-05:00:00,-05:00:00,2025-05-20 19:18:29.649,2025-05-20 19:18:29.649
1375,Hainaut,22,BE,Belgium,WHT,province,50.5257076,4.0621017,2025-05-20 19:18:29.649,1,2025-05-20 19:18:29.649,1,,-05:00:00,-05:00:00,2025-05-20 19:18:29.649,2025-05-20 19:18:29.649
1384,Liège,22,BE,Belgium,WLG,province,50.6325574,5.5796662,2025-05-20 19:18:29.649,1,2025-05-20 19:18:29.649,1,,-05:00:00,-05:00:00,2025-05-20 19:18:29.649,2025-05-20 19:18:29.649
1372,Limburg,22,BE,Belgium,VLI,province,50.9959462,4.7862645,2025-05-20 19:18:29.649,1,2025-05-20 19:18:29.649,1,,-05:00:00,-05:00:00,2025-05-20 19:18:29.649,2025-05-20 19:18:29.649
1379,Luxembourg,22,BE,Belgium,WLX,province,49.965,5.501,2025-05-20 19:18:29.649,1,2025-05-20 19:18:29.649,1,,-05:00:00,-05:00:00,2025-05-20 19:18:29.649,2025-05-20 19:18:29.649
1378,Namur,22,BE,Belgium,WNA,province,50.4673883,4.8719854,2025-05-20 19:18:29.649,1,2025-05-20 19:18:29.649,1,,-05:00:00,-05:00:00,2025-05-20 19:18:29.649,2025-05-20 19:18:29.649
1380,Wallonia,22,BE,Belgium,WAL,region,50.4175637,4.4510066,2025-05-20 19:18:29.649,1,2025-05-20 19:18:29.649,1,,-05:00:00,-05:00:00,2025-05-20 19:18:29.649,2025-05-20 19:18:29.649
1382,Walloon Brabant,22,BE,Belgium,WBR,province,50.633241,4.524315,2025-05-20 19:18:29.649,1,2025-05-20 19:18:29.649,1,,-05:00:00,-05:00:00,2025-05-20 19:18:29.649,2025-05-20 19:18:29.649
1383,West Flanders,22,BE,Belgium,VWV,province,51.0404747,2.9994213,2025-05-20 19:18:29.649,1,2025-05-20 19:18:29.649,1,,-05:00:00,-05:00:00,2025-05-20 19:18:29.649,2025-05-20 19:18:29.649
264,Belize,23,BZ,Belize,BZ,district,17.5677679,-88.4016041,2025-05-20 19:18:29.649,1,2025-05-20 19:18:29.649,1,,-05:00:00,-05:00:00,2025-05-20 19:18:29.649,2025-05-20 19:18:29.649
269,Cayo,23,BZ,Belize,CY,district,17.0984445,-88.9413865,2025-05-20 19:18:29.649,1,2025-05-20 19:18:29.649,1,,-05:00:00,-05:00:00,2025-05-20 19:18:29.649,2025-05-20 19:18:29.649
266,Corozal,23,BZ,Belize,CZL,district,18.1349238,-88.2461183,2025-05-20 19:18:29.649,1,2025-05-20 19:18:29.649,1,,-05:00:00,-05:00:00,2025-05-20 19:18:29.649,2025-05-20 19:18:29.649
268,Orange Walk,23,BZ,Belize,OW,district,17.760353,-88.864698,2025-05-20 19:18:29.649,1,2025-05-20 19:18:29.649,1,,-05:00:00,-05:00:00,2025-05-20 19:18:29.649,2025-05-20 19:18:29.649
265,Stann Creek,23,BZ,Belize,SC,district,16.8116631,-88.4016041,2025-05-20 19:18:29.649,1,2025-05-20 19:18:29.649,1,,-05:00:00,-05:00:00,2025-05-20 19:18:29.649,2025-05-20 19:18:29.649
267,Toledo,23,BZ,Belize,TOL,district,16.2491923,-88.864698,2025-05-20 19:18:29.649,1,2025-05-20 19:18:29.649,1,,-05:00:00,-05:00:00,2025-05-20 19:18:29.649,2025-05-20 19:18:29.649
3077,Alibori,24,BJ,Benin,AL,department,10.9681093,2.7779813,2025-05-20 19:18:29.649,1,2025-05-20 19:18:29.649,1,,-05:00:00,-05:00:00,2025-05-20 19:18:29.649,2025-05-20 19:18:29.649
3076,Atakora,24,BJ,Benin,AK,department,10.7954931,1.6760691,2025-05-20 19:18:29.649,1,2025-05-20 19:18:29.649,1,,-05:00:00,-05:00:00,2025-05-20 19:18:29.649,2025-05-20 19:18:29.649
3079,Atlantique,24,BJ,Benin,AQ,department,6.6588391,2.2236667,2025-05-20 19:18:29.649,1,2025-05-20 19:18:29.649,1,,-05:00:00,-05:00:00,2025-05-20 19:18:29.649,2025-05-20 19:18:29.649
3078,Borgou,24,BJ,Benin,BO,department,9.5340864,2.7779813,2025-05-20 19:18:29.649,1,2025-05-20 19:18:29.649,1,,-05:00:00,-05:00:00,2025-05-20 19:18:29.649,2025-05-20 19:18:29.649
3070,Collines,24,BJ,Benin,CO,department,8.3022297,2.302446,2025-05-20 19:18:29.649,1,2025-05-20 19:18:29.649,1,,-05:00:00,-05:00:00,2025-05-20 19:18:29.649,2025-05-20 19:18:29.649
3072,Donga,24,BJ,Benin,DO,department,9.7191867,1.6760691,2025-05-20 19:18:29.649,1,2025-05-20 19:18:29.649,1,,-05:00:00,-05:00:00,2025-05-20 19:18:29.649,2025-05-20 19:18:29.649
3071,Kouffo,24,BJ,Benin,KO,department,7.0035894,1.7538817,2025-05-20 19:18:29.649,1,2025-05-20 19:18:29.649,1,,-05:00:00,-05:00:00,2025-05-20 19:18:29.649,2025-05-20 19:18:29.649
3081,Littoral,24,BJ,Benin,LI,department,6.3806973,2.4406387,2025-05-20 19:18:29.649,1,2025-05-20 19:18:29.649,1,,-05:00:00,-05:00:00,2025-05-20 19:18:29.649,2025-05-20 19:18:29.649
3075,Mono,24,BJ,Benin,MO,department,37.9218608,-118.9528645,2025-05-20 19:18:29.649,1,2025-05-20 19:18:29.649,1,,-05:00:00,-05:00:00,2025-05-20 19:18:29.649,2025-05-20 19:18:29.649
3080,Ouémé,24,BJ,Benin,OU,department,6.6148152,2.4999918,2025-05-20 19:18:29.649,1,2025-05-20 19:18:29.649,1,,-05:00:00,-05:00:00,2025-05-20 19:18:29.649,2025-05-20 19:18:29.649
3074,Plateau,24,BJ,Benin,PL,department,7.3445141,2.539603,2025-05-20 19:18:29.649,1,2025-05-20 19:18:29.649,1,,-05:00:00,-05:00:00,2025-05-20 19:18:29.649,2025-05-20 19:18:29.649
3073,Zou,24,BJ,Benin,ZO,department,7.3469268,2.0665197,2025-05-20 19:18:29.649,1,2025-05-20 19:18:29.649,1,,-05:00:00,-05:00:00,2025-05-20 19:18:29.649,2025-05-20 19:18:29.649
4860,Devonshire,25,BM,Bermuda,DEV,municipality,32.3038062,-64.7606954,2025-05-20 19:18:29.649,1,2025-05-20 19:18:29.649,1,,-05:00:00,-05:00:00,2025-05-20 19:18:29.649,2025-05-20 19:18:29.649
4861,Hamilton,25,BM,Bermuda,HA,municipality,32.3449432,-64.72365,2025-05-20 19:18:29.649,1,2025-05-20 19:18:29.649,1,,-05:00:00,-05:00:00,2025-05-20 19:18:29.649,2025-05-20 19:18:29.649
4863,Paget,25,BM,Bermuda,PAG,municipality,32.281074,-64.7784787,2025-05-20 19:18:29.649,1,2025-05-20 19:18:29.649,1,,-05:00:00,-05:00:00,2025-05-20 19:18:29.649,2025-05-20 19:18:29.649
4864,Pembroke,25,BM,Bermuda,PEM,municipality,32.3007672,-64.796263,2025-05-20 19:18:29.649,1,2025-05-20 19:18:29.649,1,,-05:00:00,-05:00:00,2025-05-20 19:18:29.649,2025-05-20 19:18:29.649
4866,Saint George's,25,BM,Bermuda,SGE,municipality,32.3600874,-64.7234617,2025-05-20 19:18:29.649,1,2025-05-20 19:18:29.649,1,,-05:00:00,-05:00:00,2025-05-20 19:18:29.649,2025-05-20 19:18:29.649
4867,Sandys,25,BM,Bermuda,SAN,municipality,32.2999528,-64.8674103,2025-05-20 19:18:29.649,1,2025-05-20 19:18:29.649,1,,-05:00:00,-05:00:00,2025-05-20 19:18:29.649,2025-05-20 19:18:29.649
4868,Smith's,25,BM,Bermuda,SMI,municipality,32.3133966,-64.7310588,2025-05-20 19:18:29.649,1,2025-05-20 19:18:29.649,1,,-05:00:00,-05:00:00,2025-05-20 19:18:29.649,2025-05-20 19:18:29.649
4869,Southampton,25,BM,Bermuda,SOU,municipality,32.2540095,-64.8259058,2025-05-20 19:18:29.649,1,2025-05-20 19:18:29.649,1,,-05:00:00,-05:00:00,2025-05-20 19:18:29.649,2025-05-20 19:18:29.649
4870,Warwick,25,BM,Bermuda,WAR,municipality,32.2661534,-64.8081198,2025-05-20 19:18:29.649,1,2025-05-20 19:18:29.649,1,,-05:00:00,-05:00:00,2025-05-20 19:18:29.649,2025-05-20 19:18:29.649
240,Bumthang ,26,BT,Bhutan,33,district,27.641839,90.6773046,2025-05-20 19:18:29.649,1,2025-05-20 19:18:29.649,1,,-05:00:00,-05:00:00,2025-05-20 19:18:29.649,2025-05-20 19:18:29.649
239,Chukha ,26,BT,Bhutan,12,district,27.0784304,89.4742177,2025-05-20 19:18:29.649,1,2025-05-20 19:18:29.649,1,,-05:00:00,-05:00:00,2025-05-20 19:18:29.649,2025-05-20 19:18:29.649
238,Dagana ,26,BT,Bhutan,22,district,27.0322861,89.8879304,2025-05-20 19:18:29.649,1,2025-05-20 19:18:29.649,1,,-05:00:00,-05:00:00,2025-05-20 19:18:29.649,2025-05-20 19:18:29.649
229,Gasa ,26,BT,Bhutan,GA,district,28.0185886,89.9253233,2025-05-20 19:18:29.649,1,2025-05-20 19:18:29.649,1,,-05:00:00,-05:00:00,2025-05-20 19:18:29.649,2025-05-20 19:18:29.649
232,Haa ,26,BT,Bhutan,13,district,27.2651669,89.1705998,2025-05-20 19:18:29.649,1,2025-05-20 19:18:29.649,1,,-05:00:00,-05:00:00,2025-05-20 19:18:29.649,2025-05-20 19:18:29.649
234,Lhuntse ,26,BT,Bhutan,44,district,27.8264989,91.135302,2025-05-20 19:18:29.649,1,2025-05-20 19:18:29.649,1,,-05:00:00,-05:00:00,2025-05-20 19:18:29.649,2025-05-20 19:18:29.649
242,Mongar ,26,BT,Bhutan,42,district,27.2617059,91.2891036,2025-05-20 19:18:29.649,1,2025-05-20 19:18:29.649,1,,-05:00:00,-05:00:00,2025-05-20 19:18:29.649,2025-05-20 19:18:29.649
237,Paro ,26,BT,Bhutan,11,district,27.4285949,89.4166516,2025-05-20 19:18:29.649,1,2025-05-20 19:18:29.649,1,,-05:00:00,-05:00:00,2025-05-20 19:18:29.649,2025-05-20 19:18:29.649
244,Pemagatshel ,26,BT,Bhutan,43,district,27.002382,91.3469247,2025-05-20 19:18:29.649,1,2025-05-20 19:18:29.649,1,,-05:00:00,-05:00:00,2025-05-20 19:18:29.649,2025-05-20 19:18:29.649
235,Punakha ,26,BT,Bhutan,23,district,27.6903716,89.8879304,2025-05-20 19:18:29.649,1,2025-05-20 19:18:29.649,1,,-05:00:00,-05:00:00,2025-05-20 19:18:29.649,2025-05-20 19:18:29.649
243,Samdrup Jongkhar ,26,BT,Bhutan,45,district,26.8035682,91.5039207,2025-05-20 19:18:29.649,1,2025-05-20 19:18:29.649,1,,-05:00:00,-05:00:00,2025-05-20 19:18:29.649,2025-05-20 19:18:29.649
246,Samtse ,26,BT,Bhutan,14,district,27.0291832,89.0561532,2025-05-20 19:18:29.649,1,2025-05-20 19:18:29.649,1,,-05:00:00,-05:00:00,2025-05-20 19:18:29.649,2025-05-20 19:18:29.649
247,Sarpang ,26,BT,Bhutan,31,district,26.9373041,90.4879916,2025-05-20 19:18:29.649,1,2025-05-20 19:18:29.649,1,,-05:00:00,-05:00:00,2025-05-20 19:18:29.649,2025-05-20 19:18:29.649
241,Thimphu ,26,BT,Bhutan,15,district,27.4712216,89.6339041,2025-05-20 19:18:29.649,1,2025-05-20 19:18:29.649,1,,-05:00:00,-05:00:00,2025-05-20 19:18:29.649,2025-05-20 19:18:29.649
5242,Trashi Yangtse	,26,BT,Bhutan,TY,district,27.717585,91.1981102,2025-05-20 19:18:29.649,1,2025-05-20 19:18:29.649,1,,-05:00:00,-05:00:00,2025-05-20 19:18:29.649,2025-05-20 19:18:29.649
236,Trashigang ,26,BT,Bhutan,41,district,27.2566795,91.7538817,2025-05-20 19:18:29.649,1,2025-05-20 19:18:29.649,1,,-05:00:00,-05:00:00,2025-05-20 19:18:29.649,2025-05-20 19:18:29.649
245,Trongsa ,26,BT,Bhutan,32,district,27.5002269,90.5080634,2025-05-20 19:18:29.649,1,2025-05-20 19:18:29.649,1,,-05:00:00,-05:00:00,2025-05-20 19:18:29.649,2025-05-20 19:18:29.649
230,Tsirang ,26,BT,Bhutan,21,district,27.032207,90.1869644,2025-05-20 19:18:29.649,1,2025-05-20 19:18:29.649,1,,-05:00:00,-05:00:00,2025-05-20 19:18:29.649,2025-05-20 19:18:29.649
231,Wangdue Phodrang ,26,BT,Bhutan,24,district,27.4526046,90.0674928,2025-05-20 19:18:29.649,1,2025-05-20 19:18:29.649,1,,-05:00:00,-05:00:00,2025-05-20 19:18:29.649,2025-05-20 19:18:29.649
233,Zhemgang ,26,BT,Bhutan,34,district,27.076975,90.8294002,2025-05-20 19:18:29.649,1,2025-05-20 19:18:29.649,1,,-05:00:00,-05:00:00,2025-05-20 19:18:29.649,2025-05-20 19:18:29.649
3375,Beni,27,BO,Bolivia,B,department,-14.3782747,-65.0957792,2025-05-20 19:18:29.649,1,2025-05-20 19:18:29.649,1,,-05:00:00,-05:00:00,2025-05-20 19:18:29.649,2025-05-20 19:18:29.649
3382,Chuquisaca,27,BO,Bolivia,H,department,-20.0249144,-64.1478236,2025-05-20 19:18:29.649,1,2025-05-20 19:18:29.649,1,,-05:00:00,-05:00:00,2025-05-20 19:18:29.649,2025-05-20 19:18:29.649
3381,Cochabamba,27,BO,Bolivia,C,department,-17.5681675,-65.475736,2025-05-20 19:18:29.649,1,2025-05-20 19:18:29.649,1,,-05:00:00,-05:00:00,2025-05-20 19:18:29.649,2025-05-20 19:18:29.649
3380,La Paz,27,BO,Bolivia,L,department,-14.9315782,-70.8299967,2025-05-20 19:18:29.649,1,2025-05-20 19:18:29.649,1,,-05:00:00,-05:00:00,2025-05-20 19:18:29.649,2025-05-20 19:18:29.649
3376,Oruro,27,BO,Bolivia,O,department,-18.5711579,-67.7615983,2025-05-20 19:18:29.649,1,2025-05-20 19:18:29.649,1,,-05:00:00,-05:00:00,2025-05-20 19:18:29.649,2025-05-20 19:18:29.649
3379,Pando,27,BO,Bolivia,N,department,-10.7988901,-66.9988011,2025-05-20 19:18:29.649,1,2025-05-20 19:18:29.649,1,,-05:00:00,-05:00:00,2025-05-20 19:18:29.649,2025-05-20 19:18:29.649
3383,Potosí,27,BO,Bolivia,P,department,-20.624713,-66.9988011,2025-05-20 19:18:29.649,1,2025-05-20 19:18:29.649,1,,-05:00:00,-05:00:00,2025-05-20 19:18:29.649,2025-05-20 19:18:29.649
3377,Santa Cruz,27,BO,Bolivia,S,department,-16.7476037,-62.0750998,2025-05-20 19:18:29.649,1,2025-05-20 19:18:29.649,1,,-05:00:00,-05:00:00,2025-05-20 19:18:29.649,2025-05-20 19:18:29.649
3378,Tarija,27,BO,Bolivia,T,department,-21.5831595,-63.9586111,2025-05-20 19:18:29.649,1,2025-05-20 19:18:29.649,1,,-05:00:00,-05:00:00,2025-05-20 19:18:29.649,2025-05-20 19:18:29.649
5086,Bonaire,155,BQ,"Bonaire, Sint Eustatius and Saba",BQ1,special municipality,12.2018902,-68.2623822,2025-05-20 19:18:29.649,1,2025-05-20 19:18:29.649,1,,-05:00:00,-05:00:00,2025-05-20 19:18:29.649,2025-05-20 19:18:29.649
5087,Saba,155,BQ,"Bonaire, Sint Eustatius and Saba",BQ2,special municipality,17.6354642,-63.2326763,2025-05-20 19:18:29.649,1,2025-05-20 19:18:29.649,1,,-05:00:00,-05:00:00,2025-05-20 19:18:29.649,2025-05-20 19:18:29.649
5088,Sint Eustatius,155,BQ,"Bonaire, Sint Eustatius and Saba",BQ3,special municipality,17.4890306,-62.973555,2025-05-20 19:18:29.649,1,2025-05-20 19:18:29.649,1,,-05:00:00,-05:00:00,2025-05-20 19:18:29.649,2025-05-20 19:18:29.649
472,Bosnian Podrinje,28,BA,Bosnia and Herzegovina,5,canton,43.68749,18.8244394,2025-05-20 19:18:29.649,1,2025-05-20 19:18:29.649,1,,-05:00:00,-05:00:00,2025-05-20 19:18:29.649,2025-05-20 19:18:29.649
460,Brčko,28,BA,Bosnia and Herzegovina,BRC,district,44.8405944,18.742153,2025-05-20 19:18:29.649,1,2025-05-20 19:18:29.649,1,,-05:00:00,-05:00:00,2025-05-20 19:18:29.649,2025-05-20 19:18:29.649
471,Canton 10,28,BA,Bosnia and Herzegovina,10,canton,43.9534155,16.9425187,2025-05-20 19:18:29.649,1,2025-05-20 19:18:29.649,1,,-05:00:00,-05:00:00,2025-05-20 19:18:29.649,2025-05-20 19:18:29.649
462,Central Bosnia,28,BA,Bosnia and Herzegovina,6,canton,44.1381856,17.6866714,2025-05-20 19:18:29.649,1,2025-05-20 19:18:29.649,1,,-05:00:00,-05:00:00,2025-05-20 19:18:29.649,2025-05-20 19:18:29.649
467,Federation of Bosnia and Herzegovina,28,BA,Bosnia and Herzegovina,BIH,entity,43.8874897,17.842793,2025-05-20 19:18:29.649,1,2025-05-20 19:18:29.649,1,,-05:00:00,-05:00:00,2025-05-20 19:18:29.649,2025-05-20 19:18:29.649
463,Herzegovina-Neretva,28,BA,Bosnia and Herzegovina,7,canton,43.5265159,17.763621,2025-05-20 19:18:29.649,1,2025-05-20 19:18:29.649,1,,-05:00:00,-05:00:00,2025-05-20 19:18:29.649,2025-05-20 19:18:29.649
464,Posavina,28,BA,Bosnia and Herzegovina,2,canton,45.0752094,18.3776304,2025-05-20 19:18:29.649,1,2025-05-20 19:18:29.649,1,,-05:00:00,-05:00:00,2025-05-20 19:18:29.649,2025-05-20 19:18:29.649
470,Republika Srpska,28,BA,Bosnia and Herzegovina,SRP,entity,44.7280186,17.3148136,2025-05-20 19:18:29.649,1,2025-05-20 19:18:29.649,1,,-05:00:00,-05:00:00,2025-05-20 19:18:29.649,2025-05-20 19:18:29.649
466,Sarajevo,28,BA,Bosnia and Herzegovina,9,canton,43.8512564,18.2953442,2025-05-20 19:18:29.649,1,2025-05-20 19:18:29.649,1,,-05:00:00,-05:00:00,2025-05-20 19:18:29.649,2025-05-20 19:18:29.649
461,Tuzla,28,BA,Bosnia and Herzegovina,3,canton,44.5343463,18.6972797,2025-05-20 19:18:29.649,1,2025-05-20 19:18:29.649,1,,-05:00:00,-05:00:00,2025-05-20 19:18:29.649,2025-05-20 19:18:29.649
465,Una-Sana,28,BA,Bosnia and Herzegovina,1,canton,44.6503116,16.3171629,2025-05-20 19:18:29.649,1,2025-05-20 19:18:29.649,1,,-05:00:00,-05:00:00,2025-05-20 19:18:29.649,2025-05-20 19:18:29.649
469,West Herzegovina,28,BA,Bosnia and Herzegovina,8,canton,43.4369244,17.3848831,2025-05-20 19:18:29.649,1,2025-05-20 19:18:29.649,1,,-05:00:00,-05:00:00,2025-05-20 19:18:29.649,2025-05-20 19:18:29.649
468,Zenica-Doboj,28,BA,Bosnia and Herzegovina,4,canton,44.2127109,18.1604625,2025-05-20 19:18:29.649,1,2025-05-20 19:18:29.649,1,,-05:00:00,-05:00:00,2025-05-20 19:18:29.649,2025-05-20 19:18:29.649
3067,Central,29,BW,Botswana,CE,district,-21.4603716,23.9886542,2025-05-20 19:18:29.649,1,2025-05-20 19:18:29.649,1,,-05:00:00,-05:00:00,2025-05-20 19:18:29.649,2025-05-20 19:18:29.649
3061,Ghanzi,29,BW,Botswana,GH,district,-21.8652314,21.8568586,2025-05-20 19:18:29.649,1,2025-05-20 19:18:29.649,1,,-05:00:00,-05:00:00,2025-05-20 19:18:29.649,2025-05-20 19:18:29.649
3066,Kgalagadi,29,BW,Botswana,KG,district,-24.7550285,21.8568586,2025-05-20 19:18:29.649,1,2025-05-20 19:18:29.649,1,,-05:00:00,-05:00:00,2025-05-20 19:18:29.649,2025-05-20 19:18:29.649
3062,Kgatleng,29,BW,Botswana,KL,district,-24.1970445,26.2304616,2025-05-20 19:18:29.649,1,2025-05-20 19:18:29.649,1,,-05:00:00,-05:00:00,2025-05-20 19:18:29.649,2025-05-20 19:18:29.649
3069,Kweneng,29,BW,Botswana,KW,district,-23.8367249,25.2837585,2025-05-20 19:18:29.649,1,2025-05-20 19:18:29.649,1,,-05:00:00,-05:00:00,2025-05-20 19:18:29.649,2025-05-20 19:18:29.649
3060,Ngamiland,29,BW,Botswana,NG,city,-19.1905321,23.0011989,2025-05-20 19:18:29.649,1,2025-05-20 19:18:29.649,1,,-05:00:00,-05:00:00,2025-05-20 19:18:29.649,2025-05-20 19:18:29.649
3068,North-East,29,BW,Botswana,NE,district,37.5884461,-94.6863782,2025-05-20 19:18:29.649,1,2025-05-20 19:18:29.649,1,,-05:00:00,-05:00:00,2025-05-20 19:18:29.649,2025-05-20 19:18:29.649
3065,North-West,29,BW,Botswana,NW,district,-19.4836226,20.4472577,2025-05-20 19:18:29.649,1,2025-05-20 19:18:29.649,1,,-05:00:00,-05:00:00,2025-05-20 19:18:29.649,2025-05-20 19:18:29.649
3064,South-East,29,BW,Botswana,SE,district,-24.9866816,25.5290857,2025-05-20 19:18:29.649,1,2025-05-20 19:18:29.649,1,,-05:00:00,-05:00:00,2025-05-20 19:18:29.649,2025-05-20 19:18:29.649
3063,Southern,29,BW,Botswana,SO,district,-24.9096262,23.0541976,2025-05-20 19:18:29.649,1,2025-05-20 19:18:29.649,1,,-05:00:00,-05:00:00,2025-05-20 19:18:29.649,2025-05-20 19:18:29.649
2012,Acre,31,BR,Brazil,AC,state,-9.023796,-70.811995,2025-05-20 19:18:29.649,1,2025-05-20 19:18:29.649,1,,-05:00:00,-05:00:00,2025-05-20 19:18:29.649,2025-05-20 19:18:29.649
2007,Alagoas,31,BR,Brazil,AL,state,-9.5713058,-36.7819505,2025-05-20 19:18:29.649,1,2025-05-20 19:18:29.649,1,,-05:00:00,-05:00:00,2025-05-20 19:18:29.649,2025-05-20 19:18:29.649
1999,Amapá,31,BR,Brazil,AP,state,0.9019925,-52.0029565,2025-05-20 19:18:29.649,1,2025-05-20 19:18:29.649,1,,-05:00:00,-05:00:00,2025-05-20 19:18:29.649,2025-05-20 19:18:29.649
2004,Amazonas,31,BR,Brazil,AM,state,-3.07,-61.66,2025-05-20 19:18:29.649,1,2025-05-20 19:18:29.649,1,,-05:00:00,-05:00:00,2025-05-20 19:18:29.649,2025-05-20 19:18:29.649
2002,Bahia,31,BR,Brazil,BA,state,-11.409874,-41.280857,2025-05-20 19:18:29.649,1,2025-05-20 19:18:29.649,1,,-05:00:00,-05:00:00,2025-05-20 19:18:29.649,2025-05-20 19:18:29.649
2016,Ceará,31,BR,Brazil,CE,state,-5.4983977,-39.3206241,2025-05-20 19:18:29.649,1,2025-05-20 19:18:29.649,1,,-05:00:00,-05:00:00,2025-05-20 19:18:29.649,2025-05-20 19:18:29.649
2017,Distrito Federal,31,BR,Brazil,DF,federal district,-15.7997654,-47.8644715,2025-05-20 19:18:29.649,1,2025-05-20 19:18:29.649,1,,-05:00:00,-05:00:00,2025-05-20 19:18:29.649,2025-05-20 19:18:29.649
2018,Espírito Santo,31,BR,Brazil,ES,state,-19.1834229,-40.3088626,2025-05-20 19:18:29.649,1,2025-05-20 19:18:29.649,1,,-05:00:00,-05:00:00,2025-05-20 19:18:29.649,2025-05-20 19:18:29.649
2000,Goiás,31,BR,Brazil,GO,state,-15.8270369,-49.8362237,2025-05-20 19:18:29.649,1,2025-05-20 19:18:29.649,1,,-05:00:00,-05:00:00,2025-05-20 19:18:29.649,2025-05-20 19:18:29.649
2015,Maranhão,31,BR,Brazil,MA,state,-4.9609498,-45.2744159,2025-05-20 19:18:29.649,1,2025-05-20 19:18:29.649,1,,-05:00:00,-05:00:00,2025-05-20 19:18:29.649,2025-05-20 19:18:29.649
2011,Mato Grosso,31,BR,Brazil,MT,state,-12.6818712,-56.921099,2025-05-20 19:18:29.649,1,2025-05-20 19:18:29.649,1,,-05:00:00,-05:00:00,2025-05-20 19:18:29.649,2025-05-20 19:18:29.649
2010,Mato Grosso do Sul,31,BR,Brazil,MS,state,-20.7722295,-54.7851531,2025-05-20 19:18:29.649,1,2025-05-20 19:18:29.649,1,,-05:00:00,-05:00:00,2025-05-20 19:18:29.649,2025-05-20 19:18:29.649
1998,Minas Gerais,31,BR,Brazil,MG,state,-18.512178,-44.5550308,2025-05-20 19:18:29.649,1,2025-05-20 19:18:29.649,1,,-05:00:00,-05:00:00,2025-05-20 19:18:29.649,2025-05-20 19:18:29.649
2009,Pará,31,BR,Brazil,PA,state,-1.9981271,-54.9306152,2025-05-20 19:18:29.649,1,2025-05-20 19:18:29.649,1,,-05:00:00,-05:00:00,2025-05-20 19:18:29.649,2025-05-20 19:18:29.649
2005,Paraíba,31,BR,Brazil,PB,state,-7.2399609,-36.7819505,2025-05-20 19:18:29.649,1,2025-05-20 19:18:29.649,1,,-05:00:00,-05:00:00,2025-05-20 19:18:29.649,2025-05-20 19:18:29.649
2022,Paraná,31,BR,Brazil,PR,state,-25.2520888,-52.0215415,2025-05-20 19:18:29.649,1,2025-05-20 19:18:29.649,1,,-05:00:00,-05:00:00,2025-05-20 19:18:29.649,2025-05-20 19:18:29.649
2006,Pernambuco,31,BR,Brazil,PE,state,-8.8137173,-36.954107,2025-05-20 19:18:29.649,1,2025-05-20 19:18:29.649,1,,-05:00:00,-05:00:00,2025-05-20 19:18:29.649,2025-05-20 19:18:29.649
2008,Piauí,31,BR,Brazil,PI,state,-7.7183401,-42.7289236,2025-05-20 19:18:29.649,1,2025-05-20 19:18:29.649,1,,-05:00:00,-05:00:00,2025-05-20 19:18:29.649,2025-05-20 19:18:29.649
1997,Rio de Janeiro,31,BR,Brazil,RJ,state,-22.9068467,-43.1728965,2025-05-20 19:18:29.649,1,2025-05-20 19:18:29.649,1,,-05:00:00,-05:00:00,2025-05-20 19:18:29.649,2025-05-20 19:18:29.649
2019,Rio Grande do Norte,31,BR,Brazil,RN,state,-5.4025803,-36.954107,2025-05-20 19:18:29.649,1,2025-05-20 19:18:29.649,1,,-05:00:00,-05:00:00,2025-05-20 19:18:29.649,2025-05-20 19:18:29.649
2001,Rio Grande do Sul,31,BR,Brazil,RS,state,-30.0346316,-51.2176986,2025-05-20 19:18:29.649,1,2025-05-20 19:18:29.649,1,,-05:00:00,-05:00:00,2025-05-20 19:18:29.649,2025-05-20 19:18:29.649
2013,Rondônia,31,BR,Brazil,RO,state,-11.5057341,-63.580611,2025-05-20 19:18:29.649,1,2025-05-20 19:18:29.649,1,,-05:00:00,-05:00:00,2025-05-20 19:18:29.649,2025-05-20 19:18:29.649
4858,Roraima,31,BR,Brazil,RR,state,2.7375971,-62.0750998,2025-05-20 19:18:29.649,1,2025-05-20 19:18:29.649,1,,-05:00:00,-05:00:00,2025-05-20 19:18:29.649,2025-05-20 19:18:29.649
2014,Santa Catarina,31,BR,Brazil,SC,state,-27.33,-49.44,2025-05-20 19:18:29.649,1,2025-05-20 19:18:29.649,1,,-05:00:00,-05:00:00,2025-05-20 19:18:29.649,2025-05-20 19:18:29.649
2021,São Paulo,31,BR,Brazil,SP,state,-23.5505199,-46.6333094,2025-05-20 19:18:29.649,1,2025-05-20 19:18:29.649,1,,-05:00:00,-05:00:00,2025-05-20 19:18:29.649,2025-05-20 19:18:29.649
2003,Sergipe,31,BR,Brazil,SE,state,-10.5740934,-37.3856581,2025-05-20 19:18:29.649,1,2025-05-20 19:18:29.649,1,,-05:00:00,-05:00:00,2025-05-20 19:18:29.649,2025-05-20 19:18:29.649
2020,Tocantins,31,BR,Brazil,TO,state,-10.17528,-48.2982474,2025-05-20 19:18:29.649,1,2025-05-20 19:18:29.649,1,,-05:00:00,-05:00:00,2025-05-20 19:18:29.649,2025-05-20 19:18:29.649
1217,Belait,33,BN,Brunei,BE,district,4.3750749,114.6192899,2025-05-20 19:18:29.649,1,2025-05-20 19:18:29.649,1,,-05:00:00,-05:00:00,2025-05-20 19:18:29.649,2025-05-20 19:18:29.649
1216,Brunei-Muara,33,BN,Brunei,BM,district,4.9311206,114.9516869,2025-05-20 19:18:29.649,1,2025-05-20 19:18:29.649,1,,-05:00:00,-05:00:00,2025-05-20 19:18:29.649,2025-05-20 19:18:29.649
1218,Temburong,33,BN,Brunei,TE,district,4.6204128,115.141484,2025-05-20 19:18:29.649,1,2025-05-20 19:18:29.649,1,,-05:00:00,-05:00:00,2025-05-20 19:18:29.649,2025-05-20 19:18:29.649
1219,Tutong,33,BN,Brunei,TU,district,4.7140373,114.6667939,2025-05-20 19:18:29.649,1,2025-05-20 19:18:29.649,1,,-05:00:00,-05:00:00,2025-05-20 19:18:29.649,2025-05-20 19:18:29.649
4699,Blagoevgrad,34,BG,Bulgaria,1,district,42.0208614,23.0943356,2025-05-20 19:18:29.649,1,2025-05-20 19:18:29.649,1,,-05:00:00,-05:00:00,2025-05-20 19:18:29.649,2025-05-20 19:18:29.649
4715,Burgas,34,BG,Bulgaria,2,district,42.5048,27.4626079,2025-05-20 19:18:29.649,1,2025-05-20 19:18:29.649,1,,-05:00:00,-05:00:00,2025-05-20 19:18:29.649,2025-05-20 19:18:29.649
4718,Dobrich,34,BG,Bulgaria,8,district,43.572786,27.8272802,2025-05-20 19:18:29.649,1,2025-05-20 19:18:29.649,1,,-05:00:00,-05:00:00,2025-05-20 19:18:29.649,2025-05-20 19:18:29.649
4693,Gabrovo,34,BG,Bulgaria,7,district,42.86847,25.316889,2025-05-20 19:18:29.649,1,2025-05-20 19:18:29.649,1,,-05:00:00,-05:00:00,2025-05-20 19:18:29.649,2025-05-20 19:18:29.649
4704,Haskovo,34,BG,Bulgaria,26,district,41.9344178,25.5554672,2025-05-20 19:18:29.649,1,2025-05-20 19:18:29.649,1,,-05:00:00,-05:00:00,2025-05-20 19:18:29.649,2025-05-20 19:18:29.649
4702,Kardzhali,34,BG,Bulgaria,9,district,41.6338416,25.3776687,2025-05-20 19:18:29.649,1,2025-05-20 19:18:29.649,1,,-05:00:00,-05:00:00,2025-05-20 19:18:29.649,2025-05-20 19:18:29.649
4703,Kyustendil,34,BG,Bulgaria,10,district,42.2868799,22.6939635,2025-05-20 19:18:29.649,1,2025-05-20 19:18:29.649,1,,-05:00:00,-05:00:00,2025-05-20 19:18:29.649,2025-05-20 19:18:29.649
4710,Lovech,34,BG,Bulgaria,11,district,43.1367798,24.7139335,2025-05-20 19:18:29.649,1,2025-05-20 19:18:29.649,1,,-05:00:00,-05:00:00,2025-05-20 19:18:29.649,2025-05-20 19:18:29.649
4696,Montana,34,BG,Bulgaria,12,district,43.4085148,23.2257589,2025-05-20 19:18:29.649,1,2025-05-20 19:18:29.649,1,,-05:00:00,-05:00:00,2025-05-20 19:18:29.649,2025-05-20 19:18:29.649
4712,Pazardzhik,34,BG,Bulgaria,13,district,42.1927567,24.3336226,2025-05-20 19:18:29.649,1,2025-05-20 19:18:29.649,1,,-05:00:00,-05:00:00,2025-05-20 19:18:29.649,2025-05-20 19:18:29.649
4695,Pernik,34,BG,Bulgaria,14,district,42.605199,23.0377916,2025-05-20 19:18:29.649,1,2025-05-20 19:18:29.649,1,,-05:00:00,-05:00:00,2025-05-20 19:18:29.649,2025-05-20 19:18:29.649
4706,Pleven,34,BG,Bulgaria,15,district,43.4170169,24.6066708,2025-05-20 19:18:29.649,1,2025-05-20 19:18:29.649,1,,-05:00:00,-05:00:00,2025-05-20 19:18:29.649,2025-05-20 19:18:29.649
4701,Plovdiv,34,BG,Bulgaria,16,district,42.1354079,24.7452904,2025-05-20 19:18:29.649,1,2025-05-20 19:18:29.649,1,,-05:00:00,-05:00:00,2025-05-20 19:18:29.649,2025-05-20 19:18:29.649
4698,Razgrad,34,BG,Bulgaria,17,district,43.5271705,26.5241228,2025-05-20 19:18:29.649,1,2025-05-20 19:18:29.649,1,,-05:00:00,-05:00:00,2025-05-20 19:18:29.649,2025-05-20 19:18:29.649
4713,Ruse,34,BG,Bulgaria,18,district,43.8355964,25.9656144,2025-05-20 19:18:29.649,1,2025-05-20 19:18:29.649,1,,-05:00:00,-05:00:00,2025-05-20 19:18:29.649,2025-05-20 19:18:29.649
4882,Shumen,34,BG,Bulgaria,27,district,43.2712398,26.9361286,2025-05-20 19:18:29.649,1,2025-05-20 19:18:29.649,1,,-05:00:00,-05:00:00,2025-05-20 19:18:29.649,2025-05-20 19:18:29.649
4708,Silistra,34,BG,Bulgaria,19,district,44.1147101,27.2671454,2025-05-20 19:18:29.649,1,2025-05-20 19:18:29.649,1,,-05:00:00,-05:00:00,2025-05-20 19:18:29.649,2025-05-20 19:18:29.649
4700,Sliven,34,BG,Bulgaria,20,district,42.6816702,26.3228569,2025-05-20 19:18:29.649,1,2025-05-20 19:18:29.649,1,,-05:00:00,-05:00:00,2025-05-20 19:18:29.649,2025-05-20 19:18:29.649
4694,Smolyan,34,BG,Bulgaria,21,district,41.5774148,24.7010871,2025-05-20 19:18:29.649,1,2025-05-20 19:18:29.649,1,,-05:00:00,-05:00:00,2025-05-20 19:18:29.649,2025-05-20 19:18:29.649
4719,Sofia,34,BG,Bulgaria,23,district,42.67344,23.8334937,2025-05-20 19:18:29.649,1,2025-05-20 19:18:29.649,1,,-05:00:00,-05:00:00,2025-05-20 19:18:29.649,2025-05-20 19:18:29.649
4705,Sofia City,34,BG,Bulgaria,22,district,42.7570109,23.4504683,2025-05-20 19:18:29.649,1,2025-05-20 19:18:29.649,1,,-05:00:00,-05:00:00,2025-05-20 19:18:29.649,2025-05-20 19:18:29.649
4707,Stara Zagora,34,BG,Bulgaria,24,district,42.4257709,25.6344855,2025-05-20 19:18:29.649,1,2025-05-20 19:18:29.649,1,,-05:00:00,-05:00:00,2025-05-20 19:18:29.649,2025-05-20 19:18:29.649
4714,Targovishte,34,BG,Bulgaria,25,district,43.2462349,26.5691251,2025-05-20 19:18:29.649,1,2025-05-20 19:18:29.649,1,,-05:00:00,-05:00:00,2025-05-20 19:18:29.649,2025-05-20 19:18:29.649
4717,Varna,34,BG,Bulgaria,3,district,43.2046477,27.9105488,2025-05-20 19:18:29.649,1,2025-05-20 19:18:29.649,1,,-05:00:00,-05:00:00,2025-05-20 19:18:29.649,2025-05-20 19:18:29.649
4709,Veliko Tarnovo,34,BG,Bulgaria,4,district,43.0756539,25.61715,2025-05-20 19:18:29.649,1,2025-05-20 19:18:29.649,1,,-05:00:00,-05:00:00,2025-05-20 19:18:29.649,2025-05-20 19:18:29.649
4697,Vidin,34,BG,Bulgaria,5,district,43.9961739,22.8679515,2025-05-20 19:18:29.649,1,2025-05-20 19:18:29.649,1,,-05:00:00,-05:00:00,2025-05-20 19:18:29.649,2025-05-20 19:18:29.649
4711,Vratsa,34,BG,Bulgaria,6,district,43.2101806,23.552921,2025-05-20 19:18:29.649,1,2025-05-20 19:18:29.649,1,,-05:00:00,-05:00:00,2025-05-20 19:18:29.649,2025-05-20 19:18:29.649
4716,Yambol,34,BG,Bulgaria,28,district,42.4841494,26.5035296,2025-05-20 19:18:29.649,1,2025-05-20 19:18:29.649,1,,-05:00:00,-05:00:00,2025-05-20 19:18:29.649,2025-05-20 19:18:29.649
3160,Balé,35,BF,Burkina Faso,BAL,province,11.7820602,-3.0175712,2025-05-20 19:18:29.649,1,2025-05-20 19:18:29.649,1,,-05:00:00,-05:00:00,2025-05-20 19:18:29.649,2025-05-20 19:18:29.649
3155,Bam,35,BF,Burkina Faso,BAM,province,13.446133,-1.5983959,2025-05-20 19:18:29.649,1,2025-05-20 19:18:29.649,1,,-05:00:00,-05:00:00,2025-05-20 19:18:29.649,2025-05-20 19:18:29.649
3120,Banwa,35,BF,Burkina Faso,BAN,province,12.1323053,-4.1513764,2025-05-20 19:18:29.649,1,2025-05-20 19:18:29.649,1,,-05:00:00,-05:00:00,2025-05-20 19:18:29.649,2025-05-20 19:18:29.649
3152,Bazèga,35,BF,Burkina Faso,BAZ,province,11.9767692,-1.443469,2025-05-20 19:18:29.649,1,2025-05-20 19:18:29.649,1,,-05:00:00,-05:00:00,2025-05-20 19:18:29.649,2025-05-20 19:18:29.649
3138,Boucle du Mouhoun,35,BF,Burkina Faso,1,region,12.4166,-3.4195527,2025-05-20 19:18:29.649,1,2025-05-20 19:18:29.649,1,,-05:00:00,-05:00:00,2025-05-20 19:18:29.649,2025-05-20 19:18:29.649
3121,Bougouriba,35,BF,Burkina Faso,BGR,province,10.8722646,-3.3388917,2025-05-20 19:18:29.649,1,2025-05-20 19:18:29.649,1,,-05:00:00,-05:00:00,2025-05-20 19:18:29.649,2025-05-20 19:18:29.649
3131,Boulgou,35,BF,Burkina Faso,BLG,province,11.4336766,-0.3748354,2025-05-20 19:18:29.649,1,2025-05-20 19:18:29.649,1,,-05:00:00,-05:00:00,2025-05-20 19:18:29.649,2025-05-20 19:18:29.649
5343,Boulkiemde,35,BF,Burkina Faso,BLK,province,12.3224419,-2.4738052,2025-05-20 19:18:29.649,1,2025-05-20 19:18:29.649,1,,-05:00:00,-05:00:00,2025-05-20 19:18:29.649,2025-05-20 19:18:29.649
3153,Cascades,35,BF,Burkina Faso,2,region,10.3270364,-5.2549309,2025-05-20 19:18:29.649,1,2025-05-20 19:18:29.649,1,,-05:00:00,-05:00:00,2025-05-20 19:18:29.649,2025-05-20 19:18:29.649
3136,Centre,35,BF,Burkina Faso,3,region,12.339372,-1.7796974,2025-05-20 19:18:29.649,1,2025-05-20 19:18:29.649,1,,-05:00:00,-05:00:00,2025-05-20 19:18:29.649,2025-05-20 19:18:29.649
3162,Centre-Est,35,BF,Burkina Faso,4,region,11.5247674,-0.1494988,2025-05-20 19:18:29.649,1,2025-05-20 19:18:29.649,1,,-05:00:00,-05:00:00,2025-05-20 19:18:29.649,2025-05-20 19:18:29.649
3127,Centre-Nord,35,BF,Burkina Faso,5,region,13.1724464,-0.9056623,2025-05-20 19:18:29.649,1,2025-05-20 19:18:29.649,1,,-05:00:00,-05:00:00,2025-05-20 19:18:29.649,2025-05-20 19:18:29.649
3115,Centre-Ouest,35,BF,Burkina Faso,6,region,11.8798466,-2.302446,2025-05-20 19:18:29.649,1,2025-05-20 19:18:29.649,1,,-05:00:00,-05:00:00,2025-05-20 19:18:29.649,2025-05-20 19:18:29.649
3149,Centre-Sud,35,BF,Burkina Faso,7,region,11.5228911,-1.0586135,2025-05-20 19:18:29.649,1,2025-05-20 19:18:29.649,1,,-05:00:00,-05:00:00,2025-05-20 19:18:29.649,2025-05-20 19:18:29.649
3167,Comoé,35,BF,Burkina Faso,COM,province,10.2495255,-5.059376,2025-05-20 19:18:29.649,1,2025-05-20 19:18:29.649,1,,-05:00:00,-05:00:00,2025-05-20 19:18:29.649,2025-05-20 19:18:29.649
3158,Est,35,BF,Burkina Faso,8,region,12.4365526,0.9056623,2025-05-20 19:18:29.649,1,2025-05-20 19:18:29.649,1,,-05:00:00,-05:00:00,2025-05-20 19:18:29.649,2025-05-20 19:18:29.649
3148,Ganzourgou,35,BF,Burkina Faso,GAN,province,12.2523995,-1.0967544,2025-05-20 19:18:29.649,1,2025-05-20 19:18:29.649,1,,-05:00:00,-05:00:00,2025-05-20 19:18:29.649,2025-05-20 19:18:29.649
3122,Gnagna,35,BF,Burkina Faso,GNA,province,12.8974992,0.0746767,2025-05-20 19:18:29.649,1,2025-05-20 19:18:29.649,1,,-05:00:00,-05:00:00,2025-05-20 19:18:29.649,2025-05-20 19:18:29.649
3143,Gourma,35,BF,Burkina Faso,GOU,province,12.1624473,0.6773046,2025-05-20 19:18:29.649,1,2025-05-20 19:18:29.649,1,,-05:00:00,-05:00:00,2025-05-20 19:18:29.649,2025-05-20 19:18:29.649
3165,Hauts-Bassins,35,BF,Burkina Faso,9,region,11.4942003,-4.2333355,2025-05-20 19:18:29.649,1,2025-05-20 19:18:29.649,1,,-05:00:00,-05:00:00,2025-05-20 19:18:29.649,2025-05-20 19:18:29.649
3129,Houet,35,BF,Burkina Faso,HOU,province,11.1320447,-4.2333355,2025-05-20 19:18:29.649,1,2025-05-20 19:18:29.649,1,,-05:00:00,-05:00:00,2025-05-20 19:18:29.649,2025-05-20 19:18:29.649
3135,Ioba,35,BF,Burkina Faso,IOB,province,11.0562034,-3.0175712,2025-05-20 19:18:29.649,1,2025-05-20 19:18:29.649,1,,-05:00:00,-05:00:00,2025-05-20 19:18:29.649,2025-05-20 19:18:29.649
3168,Kadiogo,35,BF,Burkina Faso,KAD,province,12.3425897,-1.443469,2025-05-20 19:18:29.649,1,2025-05-20 19:18:29.649,1,,-05:00:00,-05:00:00,2025-05-20 19:18:29.649,2025-05-20 19:18:29.649
3112,Kénédougou,35,BF,Burkina Faso,KEN,province,11.3919395,-4.976654,2025-05-20 19:18:29.649,1,2025-05-20 19:18:29.649,1,,-05:00:00,-05:00:00,2025-05-20 19:18:29.649,2025-05-20 19:18:29.649
3132,Komondjari,35,BF,Burkina Faso,KMD,province,12.7126527,0.6773046,2025-05-20 19:18:29.649,1,2025-05-20 19:18:29.649,1,,-05:00:00,-05:00:00,2025-05-20 19:18:29.649,2025-05-20 19:18:29.649
3157,Kompienga,35,BF,Burkina Faso,KMP,province,11.5238362,0.7532809,2025-05-20 19:18:29.649,1,2025-05-20 19:18:29.649,1,,-05:00:00,-05:00:00,2025-05-20 19:18:29.649,2025-05-20 19:18:29.649
3146,Kossi,35,BF,Burkina Faso,KOS,province,12.960458,-3.9062688,2025-05-20 19:18:29.649,1,2025-05-20 19:18:29.649,1,,-05:00:00,-05:00:00,2025-05-20 19:18:29.649,2025-05-20 19:18:29.649
3133,Koulpélogo,35,BF,Burkina Faso,KOP,province,11.5247674,0.1494988,2025-05-20 19:18:29.649,1,2025-05-20 19:18:29.649,1,,-05:00:00,-05:00:00,2025-05-20 19:18:29.649,2025-05-20 19:18:29.649
3161,Kouritenga,35,BF,Burkina Faso,KOT,province,12.1631813,-0.2244662,2025-05-20 19:18:29.649,1,2025-05-20 19:18:29.649,1,,-05:00:00,-05:00:00,2025-05-20 19:18:29.649,2025-05-20 19:18:29.649
3147,Kourwéogo,35,BF,Burkina Faso,KOW,province,12.7077495,-1.7538817,2025-05-20 19:18:29.649,1,2025-05-20 19:18:29.649,1,,-05:00:00,-05:00:00,2025-05-20 19:18:29.649,2025-05-20 19:18:29.649
3159,Léraba,35,BF,Burkina Faso,LER,province,10.6648785,-5.3102505,2025-05-20 19:18:29.649,1,2025-05-20 19:18:29.649,1,,-05:00:00,-05:00:00,2025-05-20 19:18:29.649,2025-05-20 19:18:29.649
3151,Loroum,35,BF,Burkina Faso,LOR,province,13.8129814,-2.0665197,2025-05-20 19:18:29.649,1,2025-05-20 19:18:29.649,1,,-05:00:00,-05:00:00,2025-05-20 19:18:29.649,2025-05-20 19:18:29.649
3123,Mouhoun,35,BF,Burkina Faso,MOU,province,12.1432381,-3.3388917,2025-05-20 19:18:29.649,1,2025-05-20 19:18:29.649,1,,-05:00:00,-05:00:00,2025-05-20 19:18:29.649,2025-05-20 19:18:29.649
3116,Nahouri,35,BF,Burkina Faso,NAO,province,11.2502267,-1.135302,2025-05-20 19:18:29.649,1,2025-05-20 19:18:29.649,1,,-05:00:00,-05:00:00,2025-05-20 19:18:29.649,2025-05-20 19:18:29.649
3113,Namentenga,35,BF,Burkina Faso,NAM,province,13.0812584,-0.5257823,2025-05-20 19:18:29.649,1,2025-05-20 19:18:29.649,1,,-05:00:00,-05:00:00,2025-05-20 19:18:29.649,2025-05-20 19:18:29.649
3142,Nayala,35,BF,Burkina Faso,NAY,province,12.6964558,-3.0175712,2025-05-20 19:18:29.649,1,2025-05-20 19:18:29.649,1,,-05:00:00,-05:00:00,2025-05-20 19:18:29.649,2025-05-20 19:18:29.649
3164,Nord,35,BF,Burkina Faso,10,region,13.718252,-2.302446,2025-05-20 19:18:29.649,1,2025-05-20 19:18:29.649,1,,-05:00:00,-05:00:00,2025-05-20 19:18:29.649,2025-05-20 19:18:29.649
3156,Noumbiel,35,BF,Burkina Faso,NOU,province,9.8440946,-2.9775558,2025-05-20 19:18:29.649,1,2025-05-20 19:18:29.649,1,,-05:00:00,-05:00:00,2025-05-20 19:18:29.649,2025-05-20 19:18:29.649
3141,Oubritenga,35,BF,Burkina Faso,OUB,province,12.7096087,-1.443469,2025-05-20 19:18:29.649,1,2025-05-20 19:18:29.649,1,,-05:00:00,-05:00:00,2025-05-20 19:18:29.649,2025-05-20 19:18:29.649
3144,Oudalan,35,BF,Burkina Faso,OUD,province,14.471902,-0.4502368,2025-05-20 19:18:29.649,1,2025-05-20 19:18:29.649,1,,-05:00:00,-05:00:00,2025-05-20 19:18:29.649,2025-05-20 19:18:29.649
3117,Passoré,35,BF,Burkina Faso,PAS,province,12.8881221,-2.2236667,2025-05-20 19:18:29.649,1,2025-05-20 19:18:29.649,1,,-05:00:00,-05:00:00,2025-05-20 19:18:29.649,2025-05-20 19:18:29.649
3125,Plateau-Central,35,BF,Burkina Faso,11,region,12.3668621,-1.8948243,2025-05-20 19:18:29.649,1,2025-05-20 19:18:29.649,1,,-05:00:00,-05:00:00,2025-05-20 19:18:29.649,2025-05-20 19:18:29.649
3163,Poni,35,BF,Burkina Faso,PON,province,10.3325996,-3.3388917,2025-05-20 19:18:29.649,1,2025-05-20 19:18:29.649,1,,-05:00:00,-05:00:00,2025-05-20 19:18:29.649,2025-05-20 19:18:29.649
3114,Sahel,35,BF,Burkina Faso,12,region,14.1000865,-0.1494988,2025-05-20 19:18:29.649,1,2025-05-20 19:18:29.649,1,,-05:00:00,-05:00:00,2025-05-20 19:18:29.649,2025-05-20 19:18:29.649
3154,Sanguié,35,BF,Burkina Faso,SNG,province,12.1501861,-2.6983868,2025-05-20 19:18:29.649,1,2025-05-20 19:18:29.649,1,,-05:00:00,-05:00:00,2025-05-20 19:18:29.649,2025-05-20 19:18:29.649
3126,Sanmatenga,35,BF,Burkina Faso,SMT,province,13.3565304,-1.0586135,2025-05-20 19:18:29.649,1,2025-05-20 19:18:29.649,1,,-05:00:00,-05:00:00,2025-05-20 19:18:29.649,2025-05-20 19:18:29.649
3139,Séno,35,BF,Burkina Faso,SEN,province,14.0072234,-0.0746767,2025-05-20 19:18:29.649,1,2025-05-20 19:18:29.649,1,,-05:00:00,-05:00:00,2025-05-20 19:18:29.649,2025-05-20 19:18:29.649
3119,Sissili,35,BF,Burkina Faso,SIS,province,11.2441219,-2.2236667,2025-05-20 19:18:29.649,1,2025-05-20 19:18:29.649,1,,-05:00:00,-05:00:00,2025-05-20 19:18:29.649,2025-05-20 19:18:29.649
3166,Soum,35,BF,Burkina Faso,SOM,province,14.0962841,-1.366216,2025-05-20 19:18:29.649,1,2025-05-20 19:18:29.649,1,,-05:00:00,-05:00:00,2025-05-20 19:18:29.649,2025-05-20 19:18:29.649
3137,Sourou,35,BF,Burkina Faso,SOR,province,13.341803,-2.9375739,2025-05-20 19:18:29.649,1,2025-05-20 19:18:29.649,1,,-05:00:00,-05:00:00,2025-05-20 19:18:29.649,2025-05-20 19:18:29.649
3140,Sud-Ouest,35,BF,Burkina Faso,13,region,10.4231493,-3.2583626,2025-05-20 19:18:29.649,1,2025-05-20 19:18:29.649,1,,-05:00:00,-05:00:00,2025-05-20 19:18:29.649,2025-05-20 19:18:29.649
3128,Tapoa,35,BF,Burkina Faso,TAP,province,12.2497072,1.6760691,2025-05-20 19:18:29.649,1,2025-05-20 19:18:29.649,1,,-05:00:00,-05:00:00,2025-05-20 19:18:29.649,2025-05-20 19:18:29.649
3134,Tuy,35,BF,Burkina Faso,TUI,province,38.888684,-77.004719,2025-05-20 19:18:29.649,1,2025-05-20 19:18:29.649,1,,-05:00:00,-05:00:00,2025-05-20 19:18:29.649,2025-05-20 19:18:29.649
3124,Yagha,35,BF,Burkina Faso,YAG,province,13.3576157,0.7532809,2025-05-20 19:18:29.649,1,2025-05-20 19:18:29.649,1,,-05:00:00,-05:00:00,2025-05-20 19:18:29.649,2025-05-20 19:18:29.649
3150,Yatenga,35,BF,Burkina Faso,YAT,province,13.6249344,-2.3813621,2025-05-20 19:18:29.649,1,2025-05-20 19:18:29.649,1,,-05:00:00,-05:00:00,2025-05-20 19:18:29.649,2025-05-20 19:18:29.649
3145,Ziro,35,BF,Burkina Faso,ZIR,province,11.6094995,-1.9099238,2025-05-20 19:18:29.649,1,2025-05-20 19:18:29.649,1,,-05:00:00,-05:00:00,2025-05-20 19:18:29.649,2025-05-20 19:18:29.649
3130,Zondoma,35,BF,Burkina Faso,ZON,province,13.1165926,-2.4208713,2025-05-20 19:18:29.649,1,2025-05-20 19:18:29.649,1,,-05:00:00,-05:00:00,2025-05-20 19:18:29.649,2025-05-20 19:18:29.649
3118,Zoundwéogo,35,BF,Burkina Faso,ZOU,province,11.6141174,-0.9820668,2025-05-20 19:18:29.649,1,2025-05-20 19:18:29.649,1,,-05:00:00,-05:00:00,2025-05-20 19:18:29.649,2025-05-20 19:18:29.649
3196,Bubanza,36,BI,Burundi,BB,province,-3.1572403,29.3714909,2025-05-20 19:18:29.649,1,2025-05-20 19:18:29.649,1,,-05:00:00,-05:00:00,2025-05-20 19:18:29.649,2025-05-20 19:18:29.649
3198,Bujumbura Mairie,36,BI,Burundi,BM,province,-3.3884141,29.3482646,2025-05-20 19:18:29.649,1,2025-05-20 19:18:29.649,1,,-05:00:00,-05:00:00,2025-05-20 19:18:29.649,2025-05-20 19:18:29.649
3200,Bujumbura Rural,36,BI,Burundi,BL,province,-3.5090144,29.464359,2025-05-20 19:18:29.649,1,2025-05-20 19:18:29.649,1,,-05:00:00,-05:00:00,2025-05-20 19:18:29.649,2025-05-20 19:18:29.649
3202,Bururi,36,BI,Burundi,BR,province,-3.9006851,29.5107708,2025-05-20 19:18:29.649,1,2025-05-20 19:18:29.649,1,,-05:00:00,-05:00:00,2025-05-20 19:18:29.649,2025-05-20 19:18:29.649
3201,Cankuzo,36,BI,Burundi,CA,province,-3.1527788,30.6199895,2025-05-20 19:18:29.649,1,2025-05-20 19:18:29.649,1,,-05:00:00,-05:00:00,2025-05-20 19:18:29.649,2025-05-20 19:18:29.649
3190,Cibitoke,36,BI,Burundi,CI,province,-2.8102897,29.1855785,2025-05-20 19:18:29.649,1,2025-05-20 19:18:29.649,1,,-05:00:00,-05:00:00,2025-05-20 19:18:29.649,2025-05-20 19:18:29.649
3197,Gitega,36,BI,Burundi,GI,province,-3.4929051,29.9277947,2025-05-20 19:18:29.649,1,2025-05-20 19:18:29.649,1,,-05:00:00,-05:00:00,2025-05-20 19:18:29.649,2025-05-20 19:18:29.649
3194,Karuzi,36,BI,Burundi,KR,province,-3.1340347,30.112735,2025-05-20 19:18:29.649,1,2025-05-20 19:18:29.649,1,,-05:00:00,-05:00:00,2025-05-20 19:18:29.649,2025-05-20 19:18:29.649
3192,Kayanza,36,BI,Burundi,KY,province,-3.0077981,29.6499162,2025-05-20 19:18:29.649,1,2025-05-20 19:18:29.649,1,,-05:00:00,-05:00:00,2025-05-20 19:18:29.649,2025-05-20 19:18:29.649
3195,Kirundo,36,BI,Burundi,KI,province,-2.5762882,30.112735,2025-05-20 19:18:29.649,1,2025-05-20 19:18:29.649,1,,-05:00:00,-05:00:00,2025-05-20 19:18:29.649,2025-05-20 19:18:29.649
3188,Makamba,36,BI,Burundi,MA,province,-4.3257062,29.6962677,2025-05-20 19:18:29.649,1,2025-05-20 19:18:29.649,1,,-05:00:00,-05:00:00,2025-05-20 19:18:29.649,2025-05-20 19:18:29.649
3193,Muramvya,36,BI,Burundi,MU,province,-3.2898398,29.6499162,2025-05-20 19:18:29.649,1,2025-05-20 19:18:29.649,1,,-05:00:00,-05:00:00,2025-05-20 19:18:29.649,2025-05-20 19:18:29.649
3186,Muyinga,36,BI,Burundi,MY,province,-2.7793511,30.2974199,2025-05-20 19:18:29.649,1,2025-05-20 19:18:29.649,1,,-05:00:00,-05:00:00,2025-05-20 19:18:29.649,2025-05-20 19:18:29.649
3187,Mwaro,36,BI,Burundi,MW,province,-3.5025918,29.6499162,2025-05-20 19:18:29.649,1,2025-05-20 19:18:29.649,1,,-05:00:00,-05:00:00,2025-05-20 19:18:29.649,2025-05-20 19:18:29.649
3199,Ngozi,36,BI,Burundi,NG,province,-2.8958243,29.8815203,2025-05-20 19:18:29.649,1,2025-05-20 19:18:29.649,1,,-05:00:00,-05:00:00,2025-05-20 19:18:29.649,2025-05-20 19:18:29.649
3185,Rumonge,36,BI,Burundi,RM,province,-3.9754049,29.4388014,2025-05-20 19:18:29.649,1,2025-05-20 19:18:29.649,1,,-05:00:00,-05:00:00,2025-05-20 19:18:29.649,2025-05-20 19:18:29.649
3189,Rutana,36,BI,Burundi,RT,province,-3.8791523,30.0665236,2025-05-20 19:18:29.649,1,2025-05-20 19:18:29.649,1,,-05:00:00,-05:00:00,2025-05-20 19:18:29.649,2025-05-20 19:18:29.649
3191,Ruyigi,36,BI,Burundi,RY,province,-3.446207,30.2512728,2025-05-20 19:18:29.649,1,2025-05-20 19:18:29.649,1,,-05:00:00,-05:00:00,2025-05-20 19:18:29.649,2025-05-20 19:18:29.649
3984,Banteay Meanchey,37,KH,Cambodia,1,province,13.7531914,102.989615,2025-05-20 19:18:29.649,1,2025-05-20 19:18:29.649,1,,-05:00:00,-05:00:00,2025-05-20 19:18:29.649,2025-05-20 19:18:29.649
3976,Battambang,37,KH,Cambodia,2,province,13.0286971,102.989615,2025-05-20 19:18:29.649,1,2025-05-20 19:18:29.649,1,,-05:00:00,-05:00:00,2025-05-20 19:18:29.649,2025-05-20 19:18:29.649
3991,Kampong Cham,37,KH,Cambodia,3,province,12.0982918,105.3131185,2025-05-20 19:18:29.649,1,2025-05-20 19:18:29.649,1,,-05:00:00,-05:00:00,2025-05-20 19:18:29.649,2025-05-20 19:18:29.649
3979,Kampong Chhnang,37,KH,Cambodia,4,province,12.1392352,104.5655273,2025-05-20 19:18:29.649,1,2025-05-20 19:18:29.649,1,,-05:00:00,-05:00:00,2025-05-20 19:18:29.649,2025-05-20 19:18:29.649
3988,Kampong Speu,37,KH,Cambodia,5,province,11.6155109,104.3791912,2025-05-20 19:18:29.649,1,2025-05-20 19:18:29.649,1,,-05:00:00,-05:00:00,2025-05-20 19:18:29.649,2025-05-20 19:18:29.649
5070,Kampong Thom,37,KH,Cambodia,6,province,12.8167485,103.8413104,2025-05-20 19:18:29.649,1,2025-05-20 19:18:29.649,1,,-05:00:00,-05:00:00,2025-05-20 19:18:29.649,2025-05-20 19:18:29.649
3981,Kampot,37,KH,Cambodia,7,province,10.7325351,104.3791912,2025-05-20 19:18:29.649,1,2025-05-20 19:18:29.649,1,,-05:00:00,-05:00:00,2025-05-20 19:18:29.649,2025-05-20 19:18:29.649
3983,Kandal,37,KH,Cambodia,8,province,11.2237383,105.1258955,2025-05-20 19:18:29.649,1,2025-05-20 19:18:29.649,1,,-05:00:00,-05:00:00,2025-05-20 19:18:29.649,2025-05-20 19:18:29.649
3978,Kep,37,KH,Cambodia,23,province,10.536089,104.3559158,2025-05-20 19:18:29.649,1,2025-05-20 19:18:29.649,1,,-05:00:00,-05:00:00,2025-05-20 19:18:29.649,2025-05-20 19:18:29.649
3982,Koh Kong,37,KH,Cambodia,9,province,11.5762804,103.3587288,2025-05-20 19:18:29.649,1,2025-05-20 19:18:29.649,1,,-05:00:00,-05:00:00,2025-05-20 19:18:29.649,2025-05-20 19:18:29.649
3986,Kratie,37,KH,Cambodia,10,province,12.5043608,105.9699878,2025-05-20 19:18:29.649,1,2025-05-20 19:18:29.649,1,,-05:00:00,-05:00:00,2025-05-20 19:18:29.649,2025-05-20 19:18:29.649
3985,Mondulkiri,37,KH,Cambodia,11,province,12.7879427,107.1011931,2025-05-20 19:18:29.649,1,2025-05-20 19:18:29.649,1,,-05:00:00,-05:00:00,2025-05-20 19:18:29.649,2025-05-20 19:18:29.649
3987,Oddar Meanchey,37,KH,Cambodia,22,province,14.1609738,103.8216261,2025-05-20 19:18:29.649,1,2025-05-20 19:18:29.649,1,,-05:00:00,-05:00:00,2025-05-20 19:18:29.649,2025-05-20 19:18:29.649
3980,Pailin,37,KH,Cambodia,24,province,12.9092962,102.6675575,2025-05-20 19:18:29.649,1,2025-05-20 19:18:29.649,1,,-05:00:00,-05:00:00,2025-05-20 19:18:29.649,2025-05-20 19:18:29.649
3994,Phnom Penh,37,KH,Cambodia,12,autonomous municipality,11.5563738,104.9282099,2025-05-20 19:18:29.649,1,2025-05-20 19:18:29.649,1,,-05:00:00,-05:00:00,2025-05-20 19:18:29.649,2025-05-20 19:18:29.649
3973,Preah Vihear,37,KH,Cambodia,13,province,14.0085797,104.8454619,2025-05-20 19:18:29.649,1,2025-05-20 19:18:29.649,1,,-05:00:00,-05:00:00,2025-05-20 19:18:29.649,2025-05-20 19:18:29.649
3974,Prey Veng,37,KH,Cambodia,14,province,11.3802442,105.5005483,2025-05-20 19:18:29.649,1,2025-05-20 19:18:29.649,1,,-05:00:00,-05:00:00,2025-05-20 19:18:29.649,2025-05-20 19:18:29.649
3977,Pursat,37,KH,Cambodia,15,province,12.2720956,103.7289167,2025-05-20 19:18:29.649,1,2025-05-20 19:18:29.649,1,,-05:00:00,-05:00:00,2025-05-20 19:18:29.649,2025-05-20 19:18:29.649
3990,Ratanakiri,37,KH,Cambodia,16,province,13.8576607,107.1011931,2025-05-20 19:18:29.649,1,2025-05-20 19:18:29.649,1,,-05:00:00,-05:00:00,2025-05-20 19:18:29.649,2025-05-20 19:18:29.649
3992,Siem Reap,37,KH,Cambodia,17,province,13.330266,104.1001326,2025-05-20 19:18:29.649,1,2025-05-20 19:18:29.649,1,,-05:00:00,-05:00:00,2025-05-20 19:18:29.649,2025-05-20 19:18:29.649
3989,Sihanoukville,37,KH,Cambodia,18,province,10.7581899,103.8216261,2025-05-20 19:18:29.649,1,2025-05-20 19:18:29.649,1,,-05:00:00,-05:00:00,2025-05-20 19:18:29.649,2025-05-20 19:18:29.649
3993,Stung Treng,37,KH,Cambodia,19,province,13.576473,105.9699878,2025-05-20 19:18:29.649,1,2025-05-20 19:18:29.649,1,,-05:00:00,-05:00:00,2025-05-20 19:18:29.649,2025-05-20 19:18:29.649
3972,Svay Rieng,37,KH,Cambodia,20,province,11.142722,105.8290298,2025-05-20 19:18:29.649,1,2025-05-20 19:18:29.649,1,,-05:00:00,-05:00:00,2025-05-20 19:18:29.649,2025-05-20 19:18:29.649
3975,Takeo,37,KH,Cambodia,21,province,10.9321519,104.798771,2025-05-20 19:18:29.649,1,2025-05-20 19:18:29.649,1,,-05:00:00,-05:00:00,2025-05-20 19:18:29.649,2025-05-20 19:18:29.649
2663,Adamawa,38,CM,Cameroon,AD,region,7.0804979,10.5663882,2025-05-20 19:18:29.649,1,2025-05-20 19:18:29.649,1,,-05:00:00,-05:00:00,2025-05-20 19:18:29.649,2025-05-20 19:18:29.649
2660,Centre,38,CM,Cameroon,CE,region,4.6826898,10.4186101,2025-05-20 19:18:29.649,1,2025-05-20 19:18:29.649,1,,-05:00:00,-05:00:00,2025-05-20 19:18:29.649,2025-05-20 19:18:29.649
2661,East,38,CM,Cameroon,ES,region,3.8883737,11.7024964,2025-05-20 19:18:29.649,1,2025-05-20 19:18:29.649,1,,-05:00:00,-05:00:00,2025-05-20 19:18:29.649,2025-05-20 19:18:29.649
2656,Far North,38,CM,Cameroon,EN,region,11.5073543,13.2306919,2025-05-20 19:18:29.649,1,2025-05-20 19:18:29.649,1,,-05:00:00,-05:00:00,2025-05-20 19:18:29.649,2025-05-20 19:18:29.649
2662,Littoral,38,CM,Cameroon,LT,region,4.2944968,8.8873658,2025-05-20 19:18:29.649,1,2025-05-20 19:18:29.649,1,,-05:00:00,-05:00:00,2025-05-20 19:18:29.649,2025-05-20 19:18:29.649
2665,North,38,CM,Cameroon,NO,region,8.6335333,11.2778352,2025-05-20 19:18:29.649,1,2025-05-20 19:18:29.649,1,,-05:00:00,-05:00:00,2025-05-20 19:18:29.649,2025-05-20 19:18:29.649
2657,Northwest,38,CM,Cameroon,NW,region,6.4330598,9.7409925,2025-05-20 19:18:29.649,1,2025-05-20 19:18:29.649,1,,-05:00:00,-05:00:00,2025-05-20 19:18:29.649,2025-05-20 19:18:29.649
2659,South,38,CM,Cameroon,SU,region,2.9231493,9.1068999,2025-05-20 19:18:29.649,1,2025-05-20 19:18:29.649,1,,-05:00:00,-05:00:00,2025-05-20 19:18:29.649,2025-05-20 19:18:29.649
2658,Southwest,38,CM,Cameroon,SW,region,5.2206396,7.9834789,2025-05-20 19:18:29.649,1,2025-05-20 19:18:29.649,1,,-05:00:00,-05:00:00,2025-05-20 19:18:29.649,2025-05-20 19:18:29.649
2664,West,38,CM,Cameroon,OU,region,37.0364989,-95.6705987,2025-05-20 19:18:29.649,1,2025-05-20 19:18:29.649,1,,-05:00:00,-05:00:00,2025-05-20 19:18:29.649,2025-05-20 19:18:29.649
872,Alberta,39,CA,Canada,AB,province,53.9332706,-116.5765035,2025-05-20 19:18:29.649,1,2025-05-20 19:18:29.649,1,,-05:00:00,-05:00:00,2025-05-20 19:18:29.649,2025-05-20 19:18:29.649
875,British Columbia,39,CA,Canada,BC,province,53.7266683,-127.6476205,2025-05-20 19:18:29.649,1,2025-05-20 19:18:29.649,1,,-05:00:00,-05:00:00,2025-05-20 19:18:29.649,2025-05-20 19:18:29.649
867,Manitoba,39,CA,Canada,MB,province,53.7608608,-98.8138762,2025-05-20 19:18:29.649,1,2025-05-20 19:18:29.649,1,,-05:00:00,-05:00:00,2025-05-20 19:18:29.649,2025-05-20 19:18:29.649
868,New Brunswick,39,CA,Canada,NB,province,46.5653163,-66.4619164,2025-05-20 19:18:29.649,1,2025-05-20 19:18:29.649,1,,-05:00:00,-05:00:00,2025-05-20 19:18:29.649,2025-05-20 19:18:29.649
877,Newfoundland and Labrador,39,CA,Canada,NL,province,53.1355091,-57.6604364,2025-05-20 19:18:29.649,1,2025-05-20 19:18:29.649,1,,-05:00:00,-05:00:00,2025-05-20 19:18:29.649,2025-05-20 19:18:29.649
878,Northwest Territories,39,CA,Canada,NT,territory,64.8255441,-124.8457334,2025-05-20 19:18:29.649,1,2025-05-20 19:18:29.649,1,,-05:00:00,-05:00:00,2025-05-20 19:18:29.649,2025-05-20 19:18:29.649
874,Nova Scotia,39,CA,Canada,NS,province,44.6819866,-63.744311,2025-05-20 19:18:29.649,1,2025-05-20 19:18:29.649,1,,-05:00:00,-05:00:00,2025-05-20 19:18:29.649,2025-05-20 19:18:29.649
876,Nunavut,39,CA,Canada,NU,territory,70.2997711,-83.107577,2025-05-20 19:18:29.649,1,2025-05-20 19:18:29.649,1,,-05:00:00,-05:00:00,2025-05-20 19:18:29.649,2025-05-20 19:18:29.649
866,Ontario,39,CA,Canada,ON,province,51.253775,-85.323214,2025-05-20 19:18:29.649,1,2025-05-20 19:18:29.649,1,,-05:00:00,-05:00:00,2025-05-20 19:18:29.649,2025-05-20 19:18:29.649
871,Prince Edward Island,39,CA,Canada,PE,province,46.510712,-63.4168136,2025-05-20 19:18:29.649,1,2025-05-20 19:18:29.649,1,,-05:00:00,-05:00:00,2025-05-20 19:18:29.649,2025-05-20 19:18:29.649
873,Quebec,39,CA,Canada,QC,province,52.9399159,-73.5491361,2025-05-20 19:18:29.649,1,2025-05-20 19:18:29.649,1,,-05:00:00,-05:00:00,2025-05-20 19:18:29.649,2025-05-20 19:18:29.649
870,Saskatchewan,39,CA,Canada,SK,province,52.9399159,-106.4508639,2025-05-20 19:18:29.649,1,2025-05-20 19:18:29.649,1,,-05:00:00,-05:00:00,2025-05-20 19:18:29.649,2025-05-20 19:18:29.649
869,Yukon,39,CA,Canada,YT,territory,35.5067215,-97.7625441,2025-05-20 19:18:29.649,1,2025-05-20 19:18:29.649,1,,-05:00:00,-05:00:00,2025-05-20 19:18:29.649,2025-05-20 19:18:29.649
2994,Barlavento Islands,40,CV,Cape Verde,B,geographical region,16.8236845,-23.9934881,2025-05-20 19:18:29.649,1,2025-05-20 19:18:29.649,1,,-05:00:00,-05:00:00,2025-05-20 19:18:29.649,2025-05-20 19:18:29.649
2999,Boa Vista,40,CV,Cape Verde,BV,municipality,38.743466,-120.7304297,2025-05-20 19:18:29.649,1,2025-05-20 19:18:29.649,1,,-05:00:00,-05:00:00,2025-05-20 19:18:29.649,2025-05-20 19:18:29.649
2996,Brava,40,CV,Cape Verde,BR,municipality,40.9897778,-73.6835715,2025-05-20 19:18:29.649,1,2025-05-20 19:18:29.649,1,,-05:00:00,-05:00:00,2025-05-20 19:18:29.649,2025-05-20 19:18:29.649
2991,Maio,40,CV,Cape Verde,MA,municipality,15.2003098,-23.1679793,2025-05-20 19:18:29.649,1,2025-05-20 19:18:29.649,1,,-05:00:00,-05:00:00,2025-05-20 19:18:29.649,2025-05-20 19:18:29.649
2987,Mosteiros,40,CV,Cape Verde,MO,municipality,37.8904348,-25.8207556,2025-05-20 19:18:29.649,1,2025-05-20 19:18:29.649,1,,-05:00:00,-05:00:00,2025-05-20 19:18:29.649,2025-05-20 19:18:29.649
2997,Paul,40,CV,Cape Verde,PA,municipality,37.0625,-95.677068,2025-05-20 19:18:29.649,1,2025-05-20 19:18:29.649,1,,-05:00:00,-05:00:00,2025-05-20 19:18:29.649,2025-05-20 19:18:29.649
2989,Porto Novo,40,CV,Cape Verde,PN,municipality,6.4968574,2.6288523,2025-05-20 19:18:29.649,1,2025-05-20 19:18:29.649,1,,-05:00:00,-05:00:00,2025-05-20 19:18:29.649,2025-05-20 19:18:29.649
2988,Praia,40,CV,Cape Verde,PR,municipality,14.93305,-23.5133267,2025-05-20 19:18:29.649,1,2025-05-20 19:18:29.649,1,,-05:00:00,-05:00:00,2025-05-20 19:18:29.649,2025-05-20 19:18:29.649
2982,Ribeira Brava,40,CV,Cape Verde,RB,municipality,16.6070739,-24.2033843,2025-05-20 19:18:29.649,1,2025-05-20 19:18:29.649,1,,-05:00:00,-05:00:00,2025-05-20 19:18:29.649,2025-05-20 19:18:29.649
3002,Ribeira Grande,40,CV,Cape Verde,RG,municipality,37.8210369,-25.5148137,2025-05-20 19:18:29.649,1,2025-05-20 19:18:29.649,1,,-05:00:00,-05:00:00,2025-05-20 19:18:29.649,2025-05-20 19:18:29.649
2984,Ribeira Grande de Santiago,40,CV,Cape Verde,RS,municipality,14.9830298,-23.6561725,2025-05-20 19:18:29.649,1,2025-05-20 19:18:29.649,1,,-05:00:00,-05:00:00,2025-05-20 19:18:29.649,2025-05-20 19:18:29.649
2998,Sal,40,CV,Cape Verde,SL,municipality,26.5958122,-80.2045083,2025-05-20 19:18:29.649,1,2025-05-20 19:18:29.649,1,,-05:00:00,-05:00:00,2025-05-20 19:18:29.649,2025-05-20 19:18:29.649
2985,Santa Catarina,40,CV,Cape Verde,CA,municipality,-27.2423392,-50.2188556,2025-05-20 19:18:29.649,1,2025-05-20 19:18:29.649,1,,-05:00:00,-05:00:00,2025-05-20 19:18:29.649,2025-05-20 19:18:29.649
2995,Santa Catarina do Fogo,40,CV,Cape Verde,CF,municipality,14.9309104,-24.3222577,2025-05-20 19:18:29.649,1,2025-05-20 19:18:29.649,1,,-05:00:00,-05:00:00,2025-05-20 19:18:29.649,2025-05-20 19:18:29.649
3004,Santa Cruz,40,CV,Cape Verde,CR,municipality,36.9741171,-122.0307963,2025-05-20 19:18:29.649,1,2025-05-20 19:18:29.649,1,,-05:00:00,-05:00:00,2025-05-20 19:18:29.649,2025-05-20 19:18:29.649
2986,São Domingos,40,CV,Cape Verde,SD,municipality,15.0286165,-23.563922,2025-05-20 19:18:29.649,1,2025-05-20 19:18:29.649,1,,-05:00:00,-05:00:00,2025-05-20 19:18:29.649,2025-05-20 19:18:29.649
3000,São Filipe,40,CV,Cape Verde,SF,municipality,14.8951679,-24.4945636,2025-05-20 19:18:29.649,1,2025-05-20 19:18:29.649,1,,-05:00:00,-05:00:00,2025-05-20 19:18:29.649,2025-05-20 19:18:29.649
2993,São Lourenço dos Órgãos,40,CV,Cape Verde,SO,municipality,15.0537841,-23.6085612,2025-05-20 19:18:29.649,1,2025-05-20 19:18:29.649,1,,-05:00:00,-05:00:00,2025-05-20 19:18:29.649,2025-05-20 19:18:29.649
2990,São Miguel,40,CV,Cape Verde,SM,municipality,37.780411,-25.4970466,2025-05-20 19:18:29.649,1,2025-05-20 19:18:29.649,1,,-05:00:00,-05:00:00,2025-05-20 19:18:29.649,2025-05-20 19:18:29.649
3001,São Vicente,40,CV,Cape Verde,SV,municipality,-23.9607157,-46.3962022,2025-05-20 19:18:29.649,1,2025-05-20 19:18:29.649,1,,-05:00:00,-05:00:00,2025-05-20 19:18:29.649,2025-05-20 19:18:29.649
2992,Sotavento Islands,40,CV,Cape Verde,S,geographical region,15,-24,2025-05-20 19:18:29.649,1,2025-05-20 19:18:29.649,1,,-05:00:00,-05:00:00,2025-05-20 19:18:29.649,2025-05-20 19:18:29.649
2983,Tarrafal,40,CV,Cape Verde,TA,municipality,15.2760578,-23.7484077,2025-05-20 19:18:29.649,1,2025-05-20 19:18:29.649,1,,-05:00:00,-05:00:00,2025-05-20 19:18:29.649,2025-05-20 19:18:29.649
3003,Tarrafal de São Nicolau,40,CV,Cape Verde,TS,municipality,16.5636498,-24.354942,2025-05-20 19:18:29.649,1,2025-05-20 19:18:29.649,1,,-05:00:00,-05:00:00,2025-05-20 19:18:29.649,2025-05-20 19:18:29.649
5252,Cayman Brac,41,KY,Cayman Islands,NULL,NULL,19.719997,-79.8907266,2025-05-20 19:18:29.649,1,2025-05-20 19:18:29.649,1,,-05:00:00,-05:00:00,2025-05-20 19:18:29.649,2025-05-20 19:18:29.649
5251,Grand Cayman,41,KY,Cayman Islands,NULL,NULL,19.3301271,-81.4172451,2025-05-20 19:18:29.649,1,2025-05-20 19:18:29.649,1,,-05:00:00,-05:00:00,2025-05-20 19:18:29.649,2025-05-20 19:18:29.649
5253,Little Cayman,41,KY,Cayman Islands,NULL,NULL,19.6856739,-80.1183019,2025-05-20 19:18:29.649,1,2025-05-20 19:18:29.649,1,,-05:00:00,-05:00:00,2025-05-20 19:18:29.649,2025-05-20 19:18:29.649
1259,Bamingui-Bangoran,42,CF,Central African Republic,BB,prefecture,8.2733455,20.7122465,2025-05-20 19:18:29.649,1,2025-05-20 19:18:29.649,1,,-05:00:00,-05:00:00,2025-05-20 19:18:29.649,2025-05-20 19:18:29.649
1262,Bangui,42,CF,Central African Republic,BGF,commune,4.3946735,18.5581899,2025-05-20 19:18:29.649,1,2025-05-20 19:18:29.649,1,,-05:00:00,-05:00:00,2025-05-20 19:18:29.649,2025-05-20 19:18:29.649
1264,Basse-Kotto,42,CF,Central African Republic,BK,prefecture,4.8719319,21.2845025,2025-05-20 19:18:29.649,1,2025-05-20 19:18:29.649,1,,-05:00:00,-05:00:00,2025-05-20 19:18:29.649,2025-05-20 19:18:29.649
1258,Haut-Mbomou,42,CF,Central African Republic,HM,prefecture,6.2537134,25.4733554,2025-05-20 19:18:29.649,1,2025-05-20 19:18:29.649,1,,-05:00:00,-05:00:00,2025-05-20 19:18:29.649,2025-05-20 19:18:29.649
1268,Haute-Kotto,42,CF,Central African Republic,HK,prefecture,7.7964379,23.3823545,2025-05-20 19:18:29.649,1,2025-05-20 19:18:29.649,1,,-05:00:00,-05:00:00,2025-05-20 19:18:29.649,2025-05-20 19:18:29.649
1263,Kémo,42,CF,Central African Republic,KG,prefecture,5.8867794,19.3783206,2025-05-20 19:18:29.649,1,2025-05-20 19:18:29.649,1,,-05:00:00,-05:00:00,2025-05-20 19:18:29.649,2025-05-20 19:18:29.649
1256,Lobaye,42,CF,Central African Republic,LB,prefecture,4.3525981,17.4795173,2025-05-20 19:18:29.649,1,2025-05-20 19:18:29.649,1,,-05:00:00,-05:00:00,2025-05-20 19:18:29.649,2025-05-20 19:18:29.649
1257,Mambéré-Kadéï,42,CF,Central African Republic,HS,prefecture,4.7055653,15.9699878,2025-05-20 19:18:29.649,1,2025-05-20 19:18:29.649,1,,-05:00:00,-05:00:00,2025-05-20 19:18:29.649,2025-05-20 19:18:29.649
1266,Mbomou,42,CF,Central African Republic,MB,prefecture,5.556837,23.7632828,2025-05-20 19:18:29.649,1,2025-05-20 19:18:29.649,1,,-05:00:00,-05:00:00,2025-05-20 19:18:29.649,2025-05-20 19:18:29.649
1253,Nana-Grébizi,42,CF,Central African Republic,KB,economic prefecture,7.1848607,19.3783206,2025-05-20 19:18:29.649,1,2025-05-20 19:18:29.649,1,,-05:00:00,-05:00:00,2025-05-20 19:18:29.649,2025-05-20 19:18:29.649
1260,Nana-Mambéré,42,CF,Central African Republic,NM,prefecture,5.6932135,15.2194808,2025-05-20 19:18:29.649,1,2025-05-20 19:18:29.649,1,,-05:00:00,-05:00:00,2025-05-20 19:18:29.649,2025-05-20 19:18:29.649
1255,Ombella-M'Poko,42,CF,Central African Republic,MP,prefecture,5.1188825,18.4276047,2025-05-20 19:18:29.649,1,2025-05-20 19:18:29.649,1,,-05:00:00,-05:00:00,2025-05-20 19:18:29.649,2025-05-20 19:18:29.649
1265,Ouaka,42,CF,Central African Republic,UK,prefecture,6.3168216,20.7122465,2025-05-20 19:18:29.649,1,2025-05-20 19:18:29.649,1,,-05:00:00,-05:00:00,2025-05-20 19:18:29.649,2025-05-20 19:18:29.649
1254,Ouham,42,CF,Central African Republic,AC,prefecture,7.090911,17.668887,2025-05-20 19:18:29.649,1,2025-05-20 19:18:29.649,1,,-05:00:00,-05:00:00,2025-05-20 19:18:29.649,2025-05-20 19:18:29.649
1267,Ouham-Pendé,42,CF,Central African Republic,OP,prefecture,6.4850984,16.1580937,2025-05-20 19:18:29.649,1,2025-05-20 19:18:29.649,1,,-05:00:00,-05:00:00,2025-05-20 19:18:29.649,2025-05-20 19:18:29.649
1252,Sangha-Mbaéré,42,CF,Central African Republic,SE,prefecture,3.4368607,16.3463791,2025-05-20 19:18:29.649,1,2025-05-20 19:18:29.649,1,,-05:00:00,-05:00:00,2025-05-20 19:18:29.649,2025-05-20 19:18:29.649
1261,Vakaga,42,CF,Central African Republic,VK,prefecture,9.5113296,22.2384017,2025-05-20 19:18:29.649,1,2025-05-20 19:18:29.649,1,,-05:00:00,-05:00:00,2025-05-20 19:18:29.649,2025-05-20 19:18:29.649
3583,Bahr el Gazel,43,TD,Chad,BG,province,14.7702266,16.912251,2025-05-20 19:18:29.649,1,2025-05-20 19:18:29.649,1,,-05:00:00,-05:00:00,2025-05-20 19:18:29.649,2025-05-20 19:18:29.649
3590,Batha,43,TD,Chad,BA,province,13.9371775,18.4276047,2025-05-20 19:18:29.649,1,2025-05-20 19:18:29.649,1,,-05:00:00,-05:00:00,2025-05-20 19:18:29.649,2025-05-20 19:18:29.649
3574,Borkou,43,TD,Chad,BO,province,17.8688845,18.8076195,2025-05-20 19:18:29.649,1,2025-05-20 19:18:29.649,1,,-05:00:00,-05:00:00,2025-05-20 19:18:29.649,2025-05-20 19:18:29.649
5114,Chari-Baguirmi,43,TD,Chad,CB,province,11.4618626,15.2446394,2025-05-20 19:18:29.649,1,2025-05-20 19:18:29.649,1,,-05:00:00,-05:00:00,2025-05-20 19:18:29.649,2025-05-20 19:18:29.649
3575,Ennedi-Est,43,TD,Chad,EE,province,16.3420496,23.0011989,2025-05-20 19:18:29.649,1,2025-05-20 19:18:29.649,1,,-05:00:00,-05:00:00,2025-05-20 19:18:29.649,2025-05-20 19:18:29.649
3584,Ennedi-Ouest,43,TD,Chad,EO,province,18.977563,21.8568586,2025-05-20 19:18:29.649,1,2025-05-20 19:18:29.649,1,,-05:00:00,-05:00:00,2025-05-20 19:18:29.649,2025-05-20 19:18:29.649
3576,Guéra,43,TD,Chad,GR,province,11.1219015,18.4276047,2025-05-20 19:18:29.649,1,2025-05-20 19:18:29.649,1,,-05:00:00,-05:00:00,2025-05-20 19:18:29.649,2025-05-20 19:18:29.649
3573,Hadjer-Lamis,43,TD,Chad,HL,province,12.4577273,16.7234639,2025-05-20 19:18:29.649,1,2025-05-20 19:18:29.649,1,,-05:00:00,-05:00:00,2025-05-20 19:18:29.649,2025-05-20 19:18:29.649
3588,Kanem,43,TD,Chad,KA,province,14.8781262,15.4068079,2025-05-20 19:18:29.649,1,2025-05-20 19:18:29.649,1,,-05:00:00,-05:00:00,2025-05-20 19:18:29.649,2025-05-20 19:18:29.649
3577,Lac,43,TD,Chad,LC,province,13.6915377,14.1001326,2025-05-20 19:18:29.649,1,2025-05-20 19:18:29.649,1,,-05:00:00,-05:00:00,2025-05-20 19:18:29.649,2025-05-20 19:18:29.649
3585,Logone Occidental,43,TD,Chad,LO,province,8.759676,15.876004,2025-05-20 19:18:29.649,1,2025-05-20 19:18:29.649,1,,-05:00:00,-05:00:00,2025-05-20 19:18:29.649,2025-05-20 19:18:29.649
3591,Logone Oriental,43,TD,Chad,LR,province,8.3149949,16.3463791,2025-05-20 19:18:29.649,1,2025-05-20 19:18:29.649,1,,-05:00:00,-05:00:00,2025-05-20 19:18:29.649,2025-05-20 19:18:29.649
3589,Mandoul,43,TD,Chad,MA,province,8.603091,17.4795173,2025-05-20 19:18:29.649,1,2025-05-20 19:18:29.649,1,,-05:00:00,-05:00:00,2025-05-20 19:18:29.649,2025-05-20 19:18:29.649
3580,Mayo-Kebbi Est,43,TD,Chad,ME,province,9.4046039,14.8454619,2025-05-20 19:18:29.649,1,2025-05-20 19:18:29.649,1,,-05:00:00,-05:00:00,2025-05-20 19:18:29.649,2025-05-20 19:18:29.649
3571,Mayo-Kebbi Ouest,43,TD,Chad,MO,province,10.4113014,15.5943388,2025-05-20 19:18:29.649,1,2025-05-20 19:18:29.649,1,,-05:00:00,-05:00:00,2025-05-20 19:18:29.649,2025-05-20 19:18:29.649
3570,Moyen-Chari,43,TD,Chad,MC,province,9.0639998,18.4276047,2025-05-20 19:18:29.649,1,2025-05-20 19:18:29.649,1,,-05:00:00,-05:00:00,2025-05-20 19:18:29.649,2025-05-20 19:18:29.649
3586,N'Djamena,43,TD,Chad,ND,province,12.1348457,15.0557415,2025-05-20 19:18:29.649,1,2025-05-20 19:18:29.649,1,,-05:00:00,-05:00:00,2025-05-20 19:18:29.649,2025-05-20 19:18:29.649
3582,Ouaddaï,43,TD,Chad,OD,province,13.748476,20.7122465,2025-05-20 19:18:29.649,1,2025-05-20 19:18:29.649,1,,-05:00:00,-05:00:00,2025-05-20 19:18:29.649,2025-05-20 19:18:29.649
3592,Salamat,43,TD,Chad,SA,province,10.9691601,20.7122465,2025-05-20 19:18:29.649,1,2025-05-20 19:18:29.649,1,,-05:00:00,-05:00:00,2025-05-20 19:18:29.649,2025-05-20 19:18:29.649
3572,Sila,43,TD,Chad,SI,province,12.13074,21.2845025,2025-05-20 19:18:29.649,1,2025-05-20 19:18:29.649,1,,-05:00:00,-05:00:00,2025-05-20 19:18:29.649,2025-05-20 19:18:29.649
3579,Tandjilé,43,TD,Chad,TA,province,9.6625729,16.7234639,2025-05-20 19:18:29.649,1,2025-05-20 19:18:29.649,1,,-05:00:00,-05:00:00,2025-05-20 19:18:29.649,2025-05-20 19:18:29.649
3587,Tibesti,43,TD,Chad,TI,province,21.3650031,16.912251,2025-05-20 19:18:29.649,1,2025-05-20 19:18:29.649,1,,-05:00:00,-05:00:00,2025-05-20 19:18:29.649,2025-05-20 19:18:29.649
3581,Wadi Fira,43,TD,Chad,WF,province,15.0892416,21.4752851,2025-05-20 19:18:29.649,1,2025-05-20 19:18:29.649,1,,-05:00:00,-05:00:00,2025-05-20 19:18:29.649,2025-05-20 19:18:29.649
2828,Aisén del General Carlos Ibañez del Campo,44,CL,Chile,AI,region,-46.378345,-72.3007623,2025-05-20 19:18:29.649,1,2025-05-20 19:18:29.649,1,,-05:00:00,-05:00:00,2025-05-20 19:18:29.649,2025-05-20 19:18:29.649
2832,Antofagasta,44,CL,Chile,AN,region,-23.8369104,-69.2877535,2025-05-20 19:18:29.649,1,2025-05-20 19:18:29.649,1,,-05:00:00,-05:00:00,2025-05-20 19:18:29.649,2025-05-20 19:18:29.649
2829,Arica y Parinacota,44,CL,Chile,AP,region,-18.5940485,-69.4784541,2025-05-20 19:18:29.649,1,2025-05-20 19:18:29.649,1,,-05:00:00,-05:00:00,2025-05-20 19:18:29.649,2025-05-20 19:18:29.649
2823,Atacama,44,CL,Chile,AT,region,-27.5660558,-70.050314,2025-05-20 19:18:29.649,1,2025-05-20 19:18:29.649,1,,-05:00:00,-05:00:00,2025-05-20 19:18:29.649,2025-05-20 19:18:29.649
2827,Biobío,44,CL,Chile,BI,region,-37.4464428,-72.1416132,2025-05-20 19:18:29.649,1,2025-05-20 19:18:29.649,1,,-05:00:00,-05:00:00,2025-05-20 19:18:29.649,2025-05-20 19:18:29.649
2825,Coquimbo,44,CL,Chile,CO,region,-30.540181,-70.8119953,2025-05-20 19:18:29.649,1,2025-05-20 19:18:29.649,1,,-05:00:00,-05:00:00,2025-05-20 19:18:29.649,2025-05-20 19:18:29.649
2826,La Araucanía,44,CL,Chile,AR,region,-38.948921,-72.331113,2025-05-20 19:18:29.649,1,2025-05-20 19:18:29.649,1,,-05:00:00,-05:00:00,2025-05-20 19:18:29.649,2025-05-20 19:18:29.649
2838,Libertador General Bernardo O'Higgins,44,CL,Chile,LI,region,-34.5755374,-71.0022311,2025-05-20 19:18:29.649,1,2025-05-20 19:18:29.649,1,,-05:00:00,-05:00:00,2025-05-20 19:18:29.649,2025-05-20 19:18:29.649
2835,Los Lagos,44,CL,Chile,LL,region,-41.9197779,-72.1416132,2025-05-20 19:18:29.649,1,2025-05-20 19:18:29.649,1,,-05:00:00,-05:00:00,2025-05-20 19:18:29.649,2025-05-20 19:18:29.649
2834,Los Ríos,44,CL,Chile,LR,region,-40.2310217,-72.331113,2025-05-20 19:18:29.649,1,2025-05-20 19:18:29.649,1,,-05:00:00,-05:00:00,2025-05-20 19:18:29.649,2025-05-20 19:18:29.649
2836,Magallanes y de la Antártica Chilena,44,CL,Chile,MA,region,-52.2064316,-72.1685001,2025-05-20 19:18:29.649,1,2025-05-20 19:18:29.649,1,,-05:00:00,-05:00:00,2025-05-20 19:18:29.649,2025-05-20 19:18:29.649
2833,Maule,44,CL,Chile,ML,region,-35.5163603,-71.5723953,2025-05-20 19:18:29.649,1,2025-05-20 19:18:29.649,1,,-05:00:00,-05:00:00,2025-05-20 19:18:29.649,2025-05-20 19:18:29.649
2831,Ñuble,44,CL,Chile,NB,region,-36.7225743,-71.7622481,2025-05-20 19:18:29.649,1,2025-05-20 19:18:29.649,1,,-05:00:00,-05:00:00,2025-05-20 19:18:29.649,2025-05-20 19:18:29.649
2824,Región Metropolitana de Santiago,44,CL,Chile,RM,region,-33.4375545,-70.6504896,2025-05-20 19:18:29.649,1,2025-05-20 19:18:29.649,1,,-05:00:00,-05:00:00,2025-05-20 19:18:29.649,2025-05-20 19:18:29.649
2837,Tarapacá,44,CL,Chile,TA,region,-20.2028799,-69.2877535,2025-05-20 19:18:29.649,1,2025-05-20 19:18:29.649,1,,-05:00:00,-05:00:00,2025-05-20 19:18:29.649,2025-05-20 19:18:29.649
2830,Valparaíso,44,CL,Chile,VS,region,-33.047238,-71.6126885,2025-05-20 19:18:29.649,1,2025-05-20 19:18:29.649,1,,-05:00:00,-05:00:00,2025-05-20 19:18:29.649,2025-05-20 19:18:29.649
2251,Anhui,45,CN,China,AH,province,30.6006773,117.9249002,2025-05-20 19:18:29.649,1,2025-05-20 19:18:29.649,1,,-05:00:00,-05:00:00,2025-05-20 19:18:29.649,2025-05-20 19:18:29.649
2257,Beijing,45,CN,China,BJ,municipality,39.9041999,116.4073963,2025-05-20 19:18:29.649,1,2025-05-20 19:18:29.649,1,,-05:00:00,-05:00:00,2025-05-20 19:18:29.649,2025-05-20 19:18:29.649
2271,Chongqing,45,CN,China,CQ,municipality,29.4315861,106.912251,2025-05-20 19:18:29.649,1,2025-05-20 19:18:29.649,1,,-05:00:00,-05:00:00,2025-05-20 19:18:29.649,2025-05-20 19:18:29.649
2248,Fujian,45,CN,China,FJ,province,26.4836842,117.9249002,2025-05-20 19:18:29.649,1,2025-05-20 19:18:29.649,1,,-05:00:00,-05:00:00,2025-05-20 19:18:29.649,2025-05-20 19:18:29.649
2275,Gansu,45,CN,China,GS,province,35.7518326,104.2861116,2025-05-20 19:18:29.649,1,2025-05-20 19:18:29.649,1,,-05:00:00,-05:00:00,2025-05-20 19:18:29.649,2025-05-20 19:18:29.649
2279,Guangdong,45,CN,China,GD,province,23.3790333,113.7632828,2025-05-20 19:18:29.649,1,2025-05-20 19:18:29.649,1,,-05:00:00,-05:00:00,2025-05-20 19:18:29.649,2025-05-20 19:18:29.649
2278,Guangxi Zhuang,45,CN,China,GX,autonomous region,23.7247599,108.8076195,2025-05-20 19:18:29.649,1,2025-05-20 19:18:29.649,1,,-05:00:00,-05:00:00,2025-05-20 19:18:29.649,2025-05-20 19:18:29.649
2261,Guizhou,45,CN,China,GZ,province,26.8429645,107.2902839,2025-05-20 19:18:29.649,1,2025-05-20 19:18:29.649,1,,-05:00:00,-05:00:00,2025-05-20 19:18:29.649,2025-05-20 19:18:29.649
2273,Hainan,45,CN,China,HI,province,19.5663947,109.949686,2025-05-20 19:18:29.649,1,2025-05-20 19:18:29.649,1,,-05:00:00,-05:00:00,2025-05-20 19:18:29.649,2025-05-20 19:18:29.649
2280,Hebei,45,CN,China,HE,province,37.8956594,114.9042208,2025-05-20 19:18:29.649,1,2025-05-20 19:18:29.649,1,,-05:00:00,-05:00:00,2025-05-20 19:18:29.649,2025-05-20 19:18:29.649
2265,Heilongjiang,45,CN,China,HL,province,47.1216472,128.738231,2025-05-20 19:18:29.649,1,2025-05-20 19:18:29.649,1,,-05:00:00,-05:00:00,2025-05-20 19:18:29.649,2025-05-20 19:18:29.649
2259,Henan,45,CN,China,HA,province,34.2904302,113.3823545,2025-05-20 19:18:29.649,1,2025-05-20 19:18:29.649,1,,-05:00:00,-05:00:00,2025-05-20 19:18:29.649,2025-05-20 19:18:29.649
2267,Hong Kong SAR,45,CN,China,HK,special administrative region,22.3193039,114.1693611,2025-05-20 19:18:29.649,1,2025-05-20 19:18:29.649,1,,-05:00:00,-05:00:00,2025-05-20 19:18:29.649,2025-05-20 19:18:29.649
2274,Hubei,45,CN,China,HB,province,30.7378118,112.2384017,2025-05-20 19:18:29.649,1,2025-05-20 19:18:29.649,1,,-05:00:00,-05:00:00,2025-05-20 19:18:29.649,2025-05-20 19:18:29.649
2258,Hunan,45,CN,China,HN,province,27.3683009,109.2819347,2025-05-20 19:18:29.649,1,2025-05-20 19:18:29.649,1,,-05:00:00,-05:00:00,2025-05-20 19:18:29.649,2025-05-20 19:18:29.649
2269,Inner Mongolia,45,CN,China,NM,autonomous region,43.37822,115.0594815,2025-05-20 19:18:29.649,1,2025-05-20 19:18:29.649,1,,-05:00:00,-05:00:00,2025-05-20 19:18:29.649,2025-05-20 19:18:29.649
2250,Jiangsu,45,CN,China,JS,province,33.1401715,119.7889248,2025-05-20 19:18:29.649,1,2025-05-20 19:18:29.649,1,,-05:00:00,-05:00:00,2025-05-20 19:18:29.649,2025-05-20 19:18:29.649
2256,Jiangxi,45,CN,China,JX,province,27.0874564,114.9042208,2025-05-20 19:18:29.649,1,2025-05-20 19:18:29.649,1,,-05:00:00,-05:00:00,2025-05-20 19:18:29.649,2025-05-20 19:18:29.649
2253,Jilin,45,CN,China,JL,province,43.837883,126.549572,2025-05-20 19:18:29.649,1,2025-05-20 19:18:29.649,1,,-05:00:00,-05:00:00,2025-05-20 19:18:29.649,2025-05-20 19:18:29.649
2268,Liaoning,45,CN,China,LN,province,41.9436543,122.5290376,2025-05-20 19:18:29.649,1,2025-05-20 19:18:29.649,1,,-05:00:00,-05:00:00,2025-05-20 19:18:29.649,2025-05-20 19:18:29.649
2266,Macau SAR,45,CN,China,MO,special administrative region,22.198745,113.543873,2025-05-20 19:18:29.649,1,2025-05-20 19:18:29.649,1,,-05:00:00,-05:00:00,2025-05-20 19:18:29.649,2025-05-20 19:18:29.649
2262,Ningxia Huizu,45,CN,China,NX,autonomous region,37.198731,106.1580937,2025-05-20 19:18:29.649,1,2025-05-20 19:18:29.649,1,,-05:00:00,-05:00:00,2025-05-20 19:18:29.649,2025-05-20 19:18:29.649
2270,Qinghai,45,CN,China,QH,province,35.744798,96.4077358,2025-05-20 19:18:29.649,1,2025-05-20 19:18:29.649,1,,-05:00:00,-05:00:00,2025-05-20 19:18:29.649,2025-05-20 19:18:29.649
2272,Shaanxi,45,CN,China,SN,province,35.3939908,109.1880047,2025-05-20 19:18:29.649,1,2025-05-20 19:18:29.649,1,,-05:00:00,-05:00:00,2025-05-20 19:18:29.649,2025-05-20 19:18:29.649
2252,Shandong,45,CN,China,SD,province,37.8006064,-122.2699918,2025-05-20 19:18:29.649,1,2025-05-20 19:18:29.649,1,,-05:00:00,-05:00:00,2025-05-20 19:18:29.649,2025-05-20 19:18:29.649
2249,Shanghai,45,CN,China,SH,municipality,31.230416,121.473701,2025-05-20 19:18:29.649,1,2025-05-20 19:18:29.649,1,,-05:00:00,-05:00:00,2025-05-20 19:18:29.649,2025-05-20 19:18:29.649
2254,Shanxi,45,CN,China,SX,province,37.2425649,111.8568586,2025-05-20 19:18:29.649,1,2025-05-20 19:18:29.649,1,,-05:00:00,-05:00:00,2025-05-20 19:18:29.649,2025-05-20 19:18:29.649
2277,Sichuan,45,CN,China,SC,province,30.2638032,102.8054753,2025-05-20 19:18:29.649,1,2025-05-20 19:18:29.649,1,,-05:00:00,-05:00:00,2025-05-20 19:18:29.649,2025-05-20 19:18:29.649
2255,Taiwan,45,CN,China,TW,province,23.69781,120.960515,2025-05-20 19:18:29.649,1,2025-05-20 19:18:29.649,1,,-05:00:00,-05:00:00,2025-05-20 19:18:29.649,2025-05-20 19:18:29.649
2276,Tianjin,45,CN,China,TJ,municipality,39.1252291,117.0153435,2025-05-20 19:18:29.649,1,2025-05-20 19:18:29.649,1,,-05:00:00,-05:00:00,2025-05-20 19:18:29.649,2025-05-20 19:18:29.649
2263,Xinjiang,45,CN,China,XJ,autonomous region,42.5246357,87.5395855,2025-05-20 19:18:29.649,1,2025-05-20 19:18:29.649,1,,-05:00:00,-05:00:00,2025-05-20 19:18:29.649,2025-05-20 19:18:29.649
2264,Xizang,45,CN,China,XZ,autonomous region,30.1533605,88.7878678,2025-05-20 19:18:29.649,1,2025-05-20 19:18:29.649,1,,-05:00:00,-05:00:00,2025-05-20 19:18:29.649,2025-05-20 19:18:29.649
2260,Yunnan,45,CN,China,YN,province,24.4752847,101.3431058,2025-05-20 19:18:29.649,1,2025-05-20 19:18:29.649,1,,-05:00:00,-05:00:00,2025-05-20 19:18:29.649,2025-05-20 19:18:29.649
2247,Zhejiang,45,CN,China,ZJ,province,29.1416432,119.7889248,2025-05-20 19:18:29.649,1,2025-05-20 19:18:29.649,1,,-05:00:00,-05:00:00,2025-05-20 19:18:29.649,2025-05-20 19:18:29.649
2895,Amazonas,48,CO,Colombia,AMA,department,-1.4429123,-71.5723953,2025-05-20 19:18:29.649,1,2025-05-20 19:18:29.649,1,,-05:00:00,-05:00:00,2025-05-20 19:18:29.649,2025-05-20 19:18:29.649
2890,Antioquia,48,CO,Colombia,ANT,department,7.1986064,-75.3412179,2025-05-20 19:18:29.649,1,2025-05-20 19:18:29.649,1,,-05:00:00,-05:00:00,2025-05-20 19:18:29.649,2025-05-20 19:18:29.649
2881,Arauca,48,CO,Colombia,ARA,department,6.547306,-71.0022311,2025-05-20 19:18:29.649,1,2025-05-20 19:18:29.649,1,,-05:00:00,-05:00:00,2025-05-20 19:18:29.649,2025-05-20 19:18:29.649
2880,Atlántico,48,CO,Colombia,ATL,department,10.6966159,-74.8741045,2025-05-20 19:18:29.649,1,2025-05-20 19:18:29.649,1,,-05:00:00,-05:00:00,2025-05-20 19:18:29.649,2025-05-20 19:18:29.649
4921,Bogotá D.C.,48,CO,Colombia,DC,capital district,4.2820415,-74.5027042,2025-05-20 19:18:29.649,1,2025-05-20 19:18:29.649,1,,-05:00:00,-05:00:00,2025-05-20 19:18:29.649,2025-05-20 19:18:29.649
2893,Bolívar,48,CO,Colombia,BOL,department,8.6704382,-74.0300122,2025-05-20 19:18:29.649,1,2025-05-20 19:18:29.649,1,,-05:00:00,-05:00:00,2025-05-20 19:18:29.649,2025-05-20 19:18:29.649
2903,Boyacá,48,CO,Colombia,BOY,department,5.454511,-73.362003,2025-05-20 19:18:29.649,1,2025-05-20 19:18:29.649,1,,-05:00:00,-05:00:00,2025-05-20 19:18:29.649,2025-05-20 19:18:29.649
2887,Caldas,48,CO,Colombia,CAL,department,5.29826,-75.2479061,2025-05-20 19:18:29.649,1,2025-05-20 19:18:29.649,1,,-05:00:00,-05:00:00,2025-05-20 19:18:29.649,2025-05-20 19:18:29.649
2891,Caquetá,48,CO,Colombia,CAQ,department,0.869892,-73.8419063,2025-05-20 19:18:29.649,1,2025-05-20 19:18:29.649,1,,-05:00:00,-05:00:00,2025-05-20 19:18:29.649,2025-05-20 19:18:29.649
2892,Casanare,48,CO,Colombia,CAS,department,5.7589269,-71.5723953,2025-05-20 19:18:29.649,1,2025-05-20 19:18:29.649,1,,-05:00:00,-05:00:00,2025-05-20 19:18:29.649,2025-05-20 19:18:29.649
2884,Cauca,48,CO,Colombia,CAU,department,2.7049813,-76.8259652,2025-05-20 19:18:29.649,1,2025-05-20 19:18:29.649,1,,-05:00:00,-05:00:00,2025-05-20 19:18:29.649,2025-05-20 19:18:29.649
2899,Cesar,48,CO,Colombia,CES,department,9.3372948,-73.6536209,2025-05-20 19:18:29.649,1,2025-05-20 19:18:29.649,1,,-05:00:00,-05:00:00,2025-05-20 19:18:29.649,2025-05-20 19:18:29.649
2876,Chocó,48,CO,Colombia,CHO,department,5.2528033,-76.8259652,2025-05-20 19:18:29.649,1,2025-05-20 19:18:29.649,1,,-05:00:00,-05:00:00,2025-05-20 19:18:29.649,2025-05-20 19:18:29.649
2898,Córdoba,48,CO,Colombia,COR,department,8.049293,-75.57405,2025-05-20 19:18:29.649,1,2025-05-20 19:18:29.649,1,,-05:00:00,-05:00:00,2025-05-20 19:18:29.649,2025-05-20 19:18:29.649
2875,Cundinamarca,48,CO,Colombia,CUN,department,5.026003,-74.0300122,2025-05-20 19:18:29.649,1,2025-05-20 19:18:29.649,1,,-05:00:00,-05:00:00,2025-05-20 19:18:29.649,2025-05-20 19:18:29.649
2882,Guainía,48,CO,Colombia,GUA,department,2.585393,-68.5247149,2025-05-20 19:18:29.649,1,2025-05-20 19:18:29.649,1,,-05:00:00,-05:00:00,2025-05-20 19:18:29.649,2025-05-20 19:18:29.649
2888,Guaviare,48,CO,Colombia,GUV,department,2.043924,-72.331113,2025-05-20 19:18:29.649,1,2025-05-20 19:18:29.649,1,,-05:00:00,-05:00:00,2025-05-20 19:18:29.649,2025-05-20 19:18:29.649
4871,Huila,48,CO,Colombia,HUI,department,2.5359349,-75.5276699,2025-05-20 19:18:29.649,1,2025-05-20 19:18:29.649,1,,-05:00:00,-05:00:00,2025-05-20 19:18:29.649,2025-05-20 19:18:29.649
2889,La Guajira,48,CO,Colombia,LAG,department,11.3547743,-72.5204827,2025-05-20 19:18:29.649,1,2025-05-20 19:18:29.649,1,,-05:00:00,-05:00:00,2025-05-20 19:18:29.649,2025-05-20 19:18:29.649
2886,Magdalena,48,CO,Colombia,MAG,department,10.4113014,-74.4056612,2025-05-20 19:18:29.649,1,2025-05-20 19:18:29.649,1,,-05:00:00,-05:00:00,2025-05-20 19:18:29.649,2025-05-20 19:18:29.649
2878,Meta,48,CO,Colombia,MET,department,39.7673258,-104.9753595,2025-05-20 19:18:29.649,1,2025-05-20 19:18:29.649,1,,-05:00:00,-05:00:00,2025-05-20 19:18:29.649,2025-05-20 19:18:29.649
2897,Nariño,48,CO,Colombia,NAR,department,1.289151,-77.35794,2025-05-20 19:18:29.649,1,2025-05-20 19:18:29.649,1,,-05:00:00,-05:00:00,2025-05-20 19:18:29.649,2025-05-20 19:18:29.649
2877,Norte de Santander,48,CO,Colombia,NSA,department,7.9462831,-72.8988069,2025-05-20 19:18:29.649,1,2025-05-20 19:18:29.649,1,,-05:00:00,-05:00:00,2025-05-20 19:18:29.649,2025-05-20 19:18:29.649
2896,Putumayo,48,CO,Colombia,PUT,department,0.4359506,-75.5276699,2025-05-20 19:18:29.649,1,2025-05-20 19:18:29.649,1,,-05:00:00,-05:00:00,2025-05-20 19:18:29.649,2025-05-20 19:18:29.649
2874,Quindío,48,CO,Colombia,QUI,department,4.4610191,-75.667356,2025-05-20 19:18:29.649,1,2025-05-20 19:18:29.649,1,,-05:00:00,-05:00:00,2025-05-20 19:18:29.649,2025-05-20 19:18:29.649
2879,Risaralda,48,CO,Colombia,RIS,department,5.3158475,-75.9927652,2025-05-20 19:18:29.649,1,2025-05-20 19:18:29.649,1,,-05:00:00,-05:00:00,2025-05-20 19:18:29.649,2025-05-20 19:18:29.649
2900,"San Andrés, Providencia y Santa Catalina",48,CO,Colombia,SAP,department,12.5567324,-81.7185253,2025-05-20 19:18:29.649,1,2025-05-20 19:18:29.649,1,,-05:00:00,-05:00:00,2025-05-20 19:18:29.649,2025-05-20 19:18:29.649
2901,Santander,48,CO,Colombia,SAN,department,6.6437076,-73.6536209,2025-05-20 19:18:29.649,1,2025-05-20 19:18:29.649,1,,-05:00:00,-05:00:00,2025-05-20 19:18:29.649,2025-05-20 19:18:29.649
2902,Sucre,48,CO,Colombia,SUC,department,8.813977,-74.723283,2025-05-20 19:18:29.649,1,2025-05-20 19:18:29.649,1,,-05:00:00,-05:00:00,2025-05-20 19:18:29.649,2025-05-20 19:18:29.649
2883,Tolima,48,CO,Colombia,TOL,department,4.0925168,-75.1545381,2025-05-20 19:18:29.649,1,2025-05-20 19:18:29.649,1,,-05:00:00,-05:00:00,2025-05-20 19:18:29.649,2025-05-20 19:18:29.649
2904,Valle del Cauca,48,CO,Colombia,VAC,department,3.8008893,-76.6412712,2025-05-20 19:18:29.649,1,2025-05-20 19:18:29.649,1,,-05:00:00,-05:00:00,2025-05-20 19:18:29.649,2025-05-20 19:18:29.649
2885,Vaupés,48,CO,Colombia,VAU,department,0.8553561,-70.8119953,2025-05-20 19:18:29.649,1,2025-05-20 19:18:29.649,1,,-05:00:00,-05:00:00,2025-05-20 19:18:29.649,2025-05-20 19:18:29.649
2894,Vichada,48,CO,Colombia,VID,department,4.4234452,-69.2877535,2025-05-20 19:18:29.649,1,2025-05-20 19:18:29.649,1,,-05:00:00,-05:00:00,2025-05-20 19:18:29.649,2025-05-20 19:18:29.649
2821,Anjouan,49,KM,Comoros,A,island,-12.2138145,44.4370606,2025-05-20 19:18:29.649,1,2025-05-20 19:18:29.649,1,,-05:00:00,-05:00:00,2025-05-20 19:18:29.649,2025-05-20 19:18:29.649
2822,Grande Comore,49,KM,Comoros,G,island,-11.7167338,43.3680788,2025-05-20 19:18:29.649,1,2025-05-20 19:18:29.649,1,,-05:00:00,-05:00:00,2025-05-20 19:18:29.649,2025-05-20 19:18:29.649
2820,Mohéli,49,KM,Comoros,M,island,-12.3377376,43.7334089,2025-05-20 19:18:29.649,1,2025-05-20 19:18:29.649,1,,-05:00:00,-05:00:00,2025-05-20 19:18:29.649,2025-05-20 19:18:29.649
2866,Bouenza,50,CG,Congo,11,department,-4.1128079,13.7289167,2025-05-20 19:18:29.649,1,2025-05-20 19:18:29.649,1,,-05:00:00,-05:00:00,2025-05-20 19:18:29.649,2025-05-20 19:18:29.649
2870,Brazzaville,50,CG,Congo,BZV,department,-4.2633597,15.2428853,2025-05-20 19:18:29.649,1,2025-05-20 19:18:29.649,1,,-05:00:00,-05:00:00,2025-05-20 19:18:29.649,2025-05-20 19:18:29.649
2864,Cuvette,50,CG,Congo,8,department,-0.2877446,16.1580937,2025-05-20 19:18:29.649,1,2025-05-20 19:18:29.649,1,,-05:00:00,-05:00:00,2025-05-20 19:18:29.649,2025-05-20 19:18:29.649
2869,Cuvette-Ouest,50,CG,Congo,15,department,0.144755,14.4723301,2025-05-20 19:18:29.649,1,2025-05-20 19:18:29.649,1,,-05:00:00,-05:00:00,2025-05-20 19:18:29.649,2025-05-20 19:18:29.649
2867,Kouilou,50,CG,Congo,5,department,-4.1428413,11.8891721,2025-05-20 19:18:29.649,1,2025-05-20 19:18:29.649,1,,-05:00:00,-05:00:00,2025-05-20 19:18:29.649,2025-05-20 19:18:29.649
2868,Lékoumou,50,CG,Congo,2,department,-3.170382,13.3587288,2025-05-20 19:18:29.649,1,2025-05-20 19:18:29.649,1,,-05:00:00,-05:00:00,2025-05-20 19:18:29.649,2025-05-20 19:18:29.649
2865,Likouala,50,CG,Congo,7,department,2.043924,17.668887,2025-05-20 19:18:29.649,1,2025-05-20 19:18:29.649,1,,-05:00:00,-05:00:00,2025-05-20 19:18:29.649,2025-05-20 19:18:29.649
2872,Niari,50,CG,Congo,9,department,-3.18427,12.2547919,2025-05-20 19:18:29.649,1,2025-05-20 19:18:29.649,1,,-05:00:00,-05:00:00,2025-05-20 19:18:29.649,2025-05-20 19:18:29.649
2862,Plateaux,50,CG,Congo,14,department,-2.0680088,15.4068079,2025-05-20 19:18:29.649,1,2025-05-20 19:18:29.649,1,,-05:00:00,-05:00:00,2025-05-20 19:18:29.649,2025-05-20 19:18:29.649
2863,Pointe-Noire,50,CG,Congo,16,department,-4.7691623,11.866362,2025-05-20 19:18:29.649,1,2025-05-20 19:18:29.649,1,,-05:00:00,-05:00:00,2025-05-20 19:18:29.649,2025-05-20 19:18:29.649
2873,Pool,50,CG,Congo,12,department,-3.7762628,14.8454619,2025-05-20 19:18:29.649,1,2025-05-20 19:18:29.649,1,,-05:00:00,-05:00:00,2025-05-20 19:18:29.649,2025-05-20 19:18:29.649
2871,Sangha,50,CG,Congo,13,department,1.4662328,15.4068079,2025-05-20 19:18:29.649,1,2025-05-20 19:18:29.649,1,,-05:00:00,-05:00:00,2025-05-20 19:18:29.649,2025-05-20 19:18:29.649
1215,Alajuela,53,CR,Costa Rica,A,province,10.391583,-84.4382721,2025-05-20 19:18:29.649,1,2025-05-20 19:18:29.649,1,,-05:00:00,-05:00:00,2025-05-20 19:18:29.649,2025-05-20 19:18:29.649
1211,Cartago,53,CR,Costa Rica,C,province,9.8622311,-83.9214187,2025-05-20 19:18:29.649,1,2025-05-20 19:18:29.649,1,,-05:00:00,-05:00:00,2025-05-20 19:18:29.649,2025-05-20 19:18:29.649
1209,Guanacaste,53,CR,Costa Rica,G,province,10.6267399,-85.4436706,2025-05-20 19:18:29.649,1,2025-05-20 19:18:29.649,1,,-05:00:00,-05:00:00,2025-05-20 19:18:29.649,2025-05-20 19:18:29.649
1212,Heredia,53,CR,Costa Rica,H,province,10.473523,-84.0167423,2025-05-20 19:18:29.649,1,2025-05-20 19:18:29.649,1,,-05:00:00,-05:00:00,2025-05-20 19:18:29.649,2025-05-20 19:18:29.649
1213,Limón,53,CR,Costa Rica,L,province,9.9896398,-83.0332417,2025-05-20 19:18:29.649,1,2025-05-20 19:18:29.649,1,,-05:00:00,-05:00:00,2025-05-20 19:18:29.649,2025-05-20 19:18:29.649
1210,Puntarenas,53,CR,Costa Rica,P,province,9.2169531,-83.336188,2025-05-20 19:18:29.649,1,2025-05-20 19:18:29.649,1,,-05:00:00,-05:00:00,2025-05-20 19:18:29.649,2025-05-20 19:18:29.649
1214,San José,53,CR,Costa Rica,SJ,province,9.9129727,-84.0768294,2025-05-20 19:18:29.649,1,2025-05-20 19:18:29.649,1,,-05:00:00,-05:00:00,2025-05-20 19:18:29.649,2025-05-20 19:18:29.649
2634,Abidjan,54,CI,Cote D'Ivoire (Ivory Coast),AB,autonomous district,5.3599517,-4.0082563,2025-05-20 19:18:29.649,1,2025-05-20 19:18:29.649,1,,-05:00:00,-05:00:00,2025-05-20 19:18:29.649,2025-05-20 19:18:29.649
2626,Agnéby,54,CI,Cote D'Ivoire (Ivory Coast),16,region,5.3224503,-4.3449529,2025-05-20 19:18:29.649,1,2025-05-20 19:18:29.649,1,,-05:00:00,-05:00:00,2025-05-20 19:18:29.649,2025-05-20 19:18:29.649
2636,Bafing,54,CI,Cote D'Ivoire (Ivory Coast),17,region,8.3252047,-7.5247243,2025-05-20 19:18:29.649,1,2025-05-20 19:18:29.649,1,,-05:00:00,-05:00:00,2025-05-20 19:18:29.649,2025-05-20 19:18:29.649
2643,Bas-Sassandra,54,CI,Cote D'Ivoire (Ivory Coast),BS,district,5.2798356,-6.1526985,2025-05-20 19:18:29.649,1,2025-05-20 19:18:29.649,1,,-05:00:00,-05:00:00,2025-05-20 19:18:29.649,2025-05-20 19:18:29.649
2654,Comoé,54,CI,Cote D'Ivoire (Ivory Coast),CM,district,6.2219079,-4.6072799,2025-05-20 19:18:29.649,1,2025-05-20 19:18:29.649,1,,-05:00:00,-05:00:00,2025-05-20 19:18:29.649,2025-05-20 19:18:29.649
2644,Denguélé,54,CI,Cote D'Ivoire (Ivory Coast),DN,district,48.0707763,-68.5609341,2025-05-20 19:18:29.649,1,2025-05-20 19:18:29.649,1,,-05:00:00,-05:00:00,2025-05-20 19:18:29.649,2025-05-20 19:18:29.649
2645,Dix-Huit Montagnes,54,CI,Cote D'Ivoire (Ivory Coast),6,region,7.3762373,-7.4381355,2025-05-20 19:18:29.649,1,2025-05-20 19:18:29.649,1,,-05:00:00,-05:00:00,2025-05-20 19:18:29.649,2025-05-20 19:18:29.649
2633,Fromager,54,CI,Cote D'Ivoire (Ivory Coast),18,region,45.5450213,-73.6046223,2025-05-20 19:18:29.649,1,2025-05-20 19:18:29.649,1,,-05:00:00,-05:00:00,2025-05-20 19:18:29.649,2025-05-20 19:18:29.649
2651,Gôh-Djiboua,54,CI,Cote D'Ivoire (Ivory Coast),GD,district,5.8711393,-5.5617279,2025-05-20 19:18:29.649,1,2025-05-20 19:18:29.649,1,,-05:00:00,-05:00:00,2025-05-20 19:18:29.649,2025-05-20 19:18:29.649
2638,Haut-Sassandra,54,CI,Cote D'Ivoire (Ivory Coast),2,region,6.8757848,-6.5783387,2025-05-20 19:18:29.649,1,2025-05-20 19:18:29.649,1,,-05:00:00,-05:00:00,2025-05-20 19:18:29.649,2025-05-20 19:18:29.649
2632,Lacs,54,CI,Cote D'Ivoire (Ivory Coast),LC,district,48.1980169,-80.4564412,2025-05-20 19:18:29.649,1,2025-05-20 19:18:29.649,1,,-05:00:00,-05:00:00,2025-05-20 19:18:29.649,2025-05-20 19:18:29.649
2627,Lagunes,54,CI,Cote D'Ivoire (Ivory Coast),LG,district,5.8827334,-4.2333355,2025-05-20 19:18:29.649,1,2025-05-20 19:18:29.649,1,,-05:00:00,-05:00:00,2025-05-20 19:18:29.649,2025-05-20 19:18:29.649
2631,Marahoué,54,CI,Cote D'Ivoire (Ivory Coast),12,region,6.8846207,-5.8987139,2025-05-20 19:18:29.649,1,2025-05-20 19:18:29.649,1,,-05:00:00,-05:00:00,2025-05-20 19:18:29.649,2025-05-20 19:18:29.649
2629,Montagnes,54,CI,Cote D'Ivoire (Ivory Coast),MG,district,6.8871664,-9.1070644,2025-05-20 19:18:29.649,1,2025-05-20 19:18:29.649,1,,-05:00:00,-05:00:00,2025-05-20 19:18:29.649,2025-05-20 19:18:29.649
2646,Moyen-Cavally,54,CI,Cote D'Ivoire (Ivory Coast),19,region,6.5208793,-7.6114217,2025-05-20 19:18:29.649,1,2025-05-20 19:18:29.649,1,,-05:00:00,-05:00:00,2025-05-20 19:18:29.649,2025-05-20 19:18:29.649
2630,Moyen-Comoé,54,CI,Cote D'Ivoire (Ivory Coast),5,region,6.6514917,-3.5003454,2025-05-20 19:18:29.649,1,2025-05-20 19:18:29.649,1,,-05:00:00,-05:00:00,2025-05-20 19:18:29.649,2025-05-20 19:18:29.649
2655,N'zi-Comoé,54,CI,Cote D'Ivoire (Ivory Coast),11,region,7.2456749,-4.2333355,2025-05-20 19:18:29.649,1,2025-05-20 19:18:29.649,1,,-05:00:00,-05:00:00,2025-05-20 19:18:29.649,2025-05-20 19:18:29.649
2648,Sassandra-Marahoué,54,CI,Cote D'Ivoire (Ivory Coast),SM,district,6.8803348,-6.2375947,2025-05-20 19:18:29.649,1,2025-05-20 19:18:29.649,1,,-05:00:00,-05:00:00,2025-05-20 19:18:29.649,2025-05-20 19:18:29.649
2625,Savanes,54,CI,Cote D'Ivoire (Ivory Coast),3,region,9.6373527,-6.7007186,2025-05-20 19:18:29.649,1,2025-05-20 19:18:29.649,1,,-05:00:00,-05:00:00,2025-05-20 19:18:29.649,2025-05-20 19:18:29.649
2628,Sud-Bandama,54,CI,Cote D'Ivoire (Ivory Coast),15,region,5.5357083,-5.5617279,2025-05-20 19:18:29.649,1,2025-05-20 19:18:29.649,1,,-05:00:00,-05:00:00,2025-05-20 19:18:29.649,2025-05-20 19:18:29.649
2652,Sud-Comoé,54,CI,Cote D'Ivoire (Ivory Coast),13,region,5.6669704,-3.9472305,2025-05-20 19:18:29.649,1,2025-05-20 19:18:29.649,1,,-05:00:00,-05:00:00,2025-05-20 19:18:29.649,2025-05-20 19:18:29.649
2637,Vallée du Bandama,54,CI,Cote D'Ivoire (Ivory Coast),VB,district,8.278978,-4.8935627,2025-05-20 19:18:29.649,1,2025-05-20 19:18:29.649,1,,-05:00:00,-05:00:00,2025-05-20 19:18:29.649,2025-05-20 19:18:29.649
2650,Woroba,54,CI,Cote D'Ivoire (Ivory Coast),WR,district,8.2491372,-6.9209135,2025-05-20 19:18:29.649,1,2025-05-20 19:18:29.649,1,,-05:00:00,-05:00:00,2025-05-20 19:18:29.649,2025-05-20 19:18:29.649
2649,Worodougou,54,CI,Cote D'Ivoire (Ivory Coast),14,region,8.2548962,-6.5783387,2025-05-20 19:18:29.649,1,2025-05-20 19:18:29.649,1,,-05:00:00,-05:00:00,2025-05-20 19:18:29.649,2025-05-20 19:18:29.649
2653,Yamoussoukro,54,CI,Cote D'Ivoire (Ivory Coast),YM,autonomous district,6.8276228,-5.2893433,2025-05-20 19:18:29.649,1,2025-05-20 19:18:29.649,1,,-05:00:00,-05:00:00,2025-05-20 19:18:29.649,2025-05-20 19:18:29.649
2641,Zanzan,54,CI,Cote D'Ivoire (Ivory Coast),ZZ,district,8.8207904,-3.4195527,2025-05-20 19:18:29.649,1,2025-05-20 19:18:29.649,1,,-05:00:00,-05:00:00,2025-05-20 19:18:29.649,2025-05-20 19:18:29.649
734,Bjelovar-Bilogora,55,HR,Croatia,7,county,45.8987972,16.8423093,2025-05-20 19:18:29.649,1,2025-05-20 19:18:29.649,1,,-05:00:00,-05:00:00,2025-05-20 19:18:29.649,2025-05-20 19:18:29.649
737,Brod-Posavina,55,HR,Croatia,12,county,45.2637951,17.3264562,2025-05-20 19:18:29.649,1,2025-05-20 19:18:29.649,1,,-05:00:00,-05:00:00,2025-05-20 19:18:29.649,2025-05-20 19:18:29.649
728,Dubrovnik-Neretva,55,HR,Croatia,19,county,43.0766588,17.5268471,2025-05-20 19:18:29.649,1,2025-05-20 19:18:29.649,1,,-05:00:00,-05:00:00,2025-05-20 19:18:29.649,2025-05-20 19:18:29.649
743,Istria,55,HR,Croatia,18,county,45.1286455,13.901542,2025-05-20 19:18:29.649,1,2025-05-20 19:18:29.649,1,,-05:00:00,-05:00:00,2025-05-20 19:18:29.649,2025-05-20 19:18:29.649
5069,Karlovac,55,HR,Croatia,4,county,45.2613352,15.52542016,2025-05-20 19:18:29.649,1,2025-05-20 19:18:29.649,1,,-05:00:00,-05:00:00,2025-05-20 19:18:29.649,2025-05-20 19:18:29.649
742,Koprivnica-Križevci,55,HR,Croatia,6,county,46.1568919,16.8390826,2025-05-20 19:18:29.649,1,2025-05-20 19:18:29.649,1,,-05:00:00,-05:00:00,2025-05-20 19:18:29.649,2025-05-20 19:18:29.649
729,Krapina-Zagorje,55,HR,Croatia,2,county,46.1013393,15.8809693,2025-05-20 19:18:29.649,1,2025-05-20 19:18:29.649,1,,-05:00:00,-05:00:00,2025-05-20 19:18:29.649,2025-05-20 19:18:29.649
731,Lika-Senj,55,HR,Croatia,9,county,44.6192218,15.4701608,2025-05-20 19:18:29.649,1,2025-05-20 19:18:29.649,1,,-05:00:00,-05:00:00,2025-05-20 19:18:29.649,2025-05-20 19:18:29.649
726,Međimurje,55,HR,Croatia,20,county,46.3766644,16.4213298,2025-05-20 19:18:29.649,1,2025-05-20 19:18:29.649,1,,-05:00:00,-05:00:00,2025-05-20 19:18:29.649,2025-05-20 19:18:29.649
740,Osijek-Baranja,55,HR,Croatia,14,county,45.5576428,18.3942141,2025-05-20 19:18:29.649,1,2025-05-20 19:18:29.649,1,,-05:00:00,-05:00:00,2025-05-20 19:18:29.649,2025-05-20 19:18:29.649
724,Požega-Slavonia,55,HR,Croatia,11,county,45.3417868,17.8114359,2025-05-20 19:18:29.649,1,2025-05-20 19:18:29.649,1,,-05:00:00,-05:00:00,2025-05-20 19:18:29.649,2025-05-20 19:18:29.649
735,Primorje-Gorski Kotar,55,HR,Croatia,8,county,45.3173996,14.8167466,2025-05-20 19:18:29.649,1,2025-05-20 19:18:29.649,1,,-05:00:00,-05:00:00,2025-05-20 19:18:29.649,2025-05-20 19:18:29.649
730,Šibenik-Knin,55,HR,Croatia,15,county,43.9281485,16.1037694,2025-05-20 19:18:29.649,1,2025-05-20 19:18:29.649,1,,-05:00:00,-05:00:00,2025-05-20 19:18:29.649,2025-05-20 19:18:29.649
733,Sisak-Moslavina,55,HR,Croatia,3,county,45.3837926,16.5380994,2025-05-20 19:18:29.649,1,2025-05-20 19:18:29.649,1,,-05:00:00,-05:00:00,2025-05-20 19:18:29.649,2025-05-20 19:18:29.649
725,Split-Dalmatia,55,HR,Croatia,17,county,43.5240328,16.8178377,2025-05-20 19:18:29.649,1,2025-05-20 19:18:29.649,1,,-05:00:00,-05:00:00,2025-05-20 19:18:29.649,2025-05-20 19:18:29.649
739,Varaždin,55,HR,Croatia,5,county,46.2317473,16.3360559,2025-05-20 19:18:29.649,1,2025-05-20 19:18:29.649,1,,-05:00:00,-05:00:00,2025-05-20 19:18:29.649,2025-05-20 19:18:29.649
732,Virovitica-Podravina,55,HR,Croatia,10,county,45.6557985,17.7932472,2025-05-20 19:18:29.649,1,2025-05-20 19:18:29.649,1,,-05:00:00,-05:00:00,2025-05-20 19:18:29.649,2025-05-20 19:18:29.649
741,Vukovar-Syrmia,55,HR,Croatia,16,county,45.1773552,18.8053527,2025-05-20 19:18:29.649,1,2025-05-20 19:18:29.649,1,,-05:00:00,-05:00:00,2025-05-20 19:18:29.649,2025-05-20 19:18:29.649
727,Zadar,55,HR,Croatia,13,county,44.146939,15.6164943,2025-05-20 19:18:29.649,1,2025-05-20 19:18:29.649,1,,-05:00:00,-05:00:00,2025-05-20 19:18:29.649,2025-05-20 19:18:29.649
736,Zagreb,55,HR,Croatia,1,county,45.8706612,16.395491,2025-05-20 19:18:29.649,1,2025-05-20 19:18:29.649,1,,-05:00:00,-05:00:00,2025-05-20 19:18:29.649,2025-05-20 19:18:29.649
738,Zagreb,55,HR,Croatia,21,city,45.8150108,15.9819189,2025-05-20 19:18:29.649,1,2025-05-20 19:18:29.649,1,,-05:00:00,-05:00:00,2025-05-20 19:18:29.649,2025-05-20 19:18:29.649
283,Artemisa,56,CU,Cuba,15,province,22.7522903,-82.9931607,2025-05-20 19:18:29.649,1,2025-05-20 19:18:29.649,1,,-05:00:00,-05:00:00,2025-05-20 19:18:29.649,2025-05-20 19:18:29.649
286,Camagüey,56,CU,Cuba,9,province,21.2167247,-77.7452081,2025-05-20 19:18:29.649,1,2025-05-20 19:18:29.649,1,,-05:00:00,-05:00:00,2025-05-20 19:18:29.649,2025-05-20 19:18:29.649
282,Ciego de Ávila,56,CU,Cuba,8,province,21.9329515,-78.5660852,2025-05-20 19:18:29.649,1,2025-05-20 19:18:29.649,1,,-05:00:00,-05:00:00,2025-05-20 19:18:29.649,2025-05-20 19:18:29.649
287,Cienfuegos,56,CU,Cuba,6,province,22.2379783,-80.365865,2025-05-20 19:18:29.649,1,2025-05-20 19:18:29.649,1,,-05:00:00,-05:00:00,2025-05-20 19:18:29.649,2025-05-20 19:18:29.649
275,Granma,56,CU,Cuba,12,province,20.3844902,-76.6412712,2025-05-20 19:18:29.649,1,2025-05-20 19:18:29.649,1,,-05:00:00,-05:00:00,2025-05-20 19:18:29.649,2025-05-20 19:18:29.649
285,Guantánamo,56,CU,Cuba,14,province,20.1455917,-74.8741045,2025-05-20 19:18:29.649,1,2025-05-20 19:18:29.649,1,,-05:00:00,-05:00:00,2025-05-20 19:18:29.649,2025-05-20 19:18:29.649
272,Havana,56,CU,Cuba,3,province,23.0540698,-82.345189,2025-05-20 19:18:29.649,1,2025-05-20 19:18:29.649,1,,-05:00:00,-05:00:00,2025-05-20 19:18:29.649,2025-05-20 19:18:29.649
279,Holguín,56,CU,Cuba,11,province,20.7837893,-75.8069082,2025-05-20 19:18:29.649,1,2025-05-20 19:18:29.649,1,,-05:00:00,-05:00:00,2025-05-20 19:18:29.649,2025-05-20 19:18:29.649
278,Isla de la Juventud,56,CU,Cuba,99,special municipality,21.7084737,-82.8220232,2025-05-20 19:18:29.649,1,2025-05-20 19:18:29.649,1,,-05:00:00,-05:00:00,2025-05-20 19:18:29.649,2025-05-20 19:18:29.649
281,Las Tunas,56,CU,Cuba,10,province,21.0605162,-76.9182097,2025-05-20 19:18:29.649,1,2025-05-20 19:18:29.649,1,,-05:00:00,-05:00:00,2025-05-20 19:18:29.649,2025-05-20 19:18:29.649
284,Matanzas,56,CU,Cuba,4,province,22.5767123,-81.3399414,2025-05-20 19:18:29.649,1,2025-05-20 19:18:29.649,1,,-05:00:00,-05:00:00,2025-05-20 19:18:29.649,2025-05-20 19:18:29.649
276,Mayabeque,56,CU,Cuba,16,province,22.8926529,-81.9534815,2025-05-20 19:18:29.649,1,2025-05-20 19:18:29.649,1,,-05:00:00,-05:00:00,2025-05-20 19:18:29.649,2025-05-20 19:18:29.649
277,Pinar del Río,56,CU,Cuba,1,province,22.4076256,-83.8473015,2025-05-20 19:18:29.649,1,2025-05-20 19:18:29.649,1,,-05:00:00,-05:00:00,2025-05-20 19:18:29.649,2025-05-20 19:18:29.649
274,Sancti Spíritus,56,CU,Cuba,7,province,21.9938214,-79.4703885,2025-05-20 19:18:29.649,1,2025-05-20 19:18:29.649,1,,-05:00:00,-05:00:00,2025-05-20 19:18:29.649,2025-05-20 19:18:29.649
273,Santiago de Cuba,56,CU,Cuba,13,province,20.2397682,-75.9927652,2025-05-20 19:18:29.649,1,2025-05-20 19:18:29.649,1,,-05:00:00,-05:00:00,2025-05-20 19:18:29.649,2025-05-20 19:18:29.649
280,Villa Clara,56,CU,Cuba,5,province,22.4937204,-79.9192702,2025-05-20 19:18:29.649,1,2025-05-20 19:18:29.649,1,,-05:00:00,-05:00:00,2025-05-20 19:18:29.649,2025-05-20 19:18:29.649
749,Famagusta (Mağusa),57,CY,Cyprus,4,district,35.2857023,33.8411288,2025-05-20 19:18:29.649,1,2025-05-20 19:18:29.649,1,,-05:00:00,-05:00:00,2025-05-20 19:18:29.649,2025-05-20 19:18:29.649
744,Kyrenia (Keryneia),57,CY,Cyprus,6,district,35.299194,33.2363246,2025-05-20 19:18:29.649,1,2025-05-20 19:18:29.649,1,,-05:00:00,-05:00:00,2025-05-20 19:18:29.649,2025-05-20 19:18:29.649
747,Larnaca (Larnaka),57,CY,Cyprus,3,district,34.8507206,33.4831906,2025-05-20 19:18:29.649,1,2025-05-20 19:18:29.649,1,,-05:00:00,-05:00:00,2025-05-20 19:18:29.649,2025-05-20 19:18:29.649
748,Limassol (Leymasun),57,CY,Cyprus,2,district,34.7071301,33.0226174,2025-05-20 19:18:29.649,1,2025-05-20 19:18:29.649,1,,-05:00:00,-05:00:00,2025-05-20 19:18:29.649,2025-05-20 19:18:29.649
745,Nicosia (Lefkoşa),57,CY,Cyprus,1,district,35.1855659,33.3822764,2025-05-20 19:18:29.649,1,2025-05-20 19:18:29.649,1,,-05:00:00,-05:00:00,2025-05-20 19:18:29.649,2025-05-20 19:18:29.649
746,Paphos (Pafos),57,CY,Cyprus,5,district,34.9164594,32.4920088,2025-05-20 19:18:29.649,1,2025-05-20 19:18:29.649,1,,-05:00:00,-05:00:00,2025-05-20 19:18:29.649,2025-05-20 19:18:29.649
4627,Benešov,58,CZ,Czech Republic,201,district,49.6900828,14.7764399,2025-05-20 19:18:29.649,1,2025-05-20 19:18:29.649,1,,-05:00:00,-05:00:00,2025-05-20 19:18:29.649,2025-05-20 19:18:29.649
4620,Beroun,58,CZ,Czech Republic,202,district,49.9573428,13.9840715,2025-05-20 19:18:29.649,1,2025-05-20 19:18:29.649,1,,-05:00:00,-05:00:00,2025-05-20 19:18:29.649,2025-05-20 19:18:29.649
4615,Blansko,58,CZ,Czech Republic,641,district,49.3648502,16.6477552,2025-05-20 19:18:29.649,1,2025-05-20 19:18:29.649,1,,-05:00:00,-05:00:00,2025-05-20 19:18:29.649,2025-05-20 19:18:29.649
4542,Břeclav,58,CZ,Czech Republic,644,district,48.75314,16.8825169,2025-05-20 19:18:29.649,1,2025-05-20 19:18:29.649,1,,-05:00:00,-05:00:00,2025-05-20 19:18:29.649,2025-05-20 19:18:29.649
4568,Brno-město,58,CZ,Czech Republic,642,district,49.1950602,16.6068371,2025-05-20 19:18:29.649,1,2025-05-20 19:18:29.649,1,,-05:00:00,-05:00:00,2025-05-20 19:18:29.649,2025-05-20 19:18:29.649
4545,Brno-venkov,58,CZ,Czech Republic,643,district,49.1250138,16.4558824,2025-05-20 19:18:29.649,1,2025-05-20 19:18:29.649,1,,-05:00:00,-05:00:00,2025-05-20 19:18:29.649,2025-05-20 19:18:29.649
4644,Bruntál,58,CZ,Czech Republic,801,district,49.9881767,17.4636941,2025-05-20 19:18:29.649,1,2025-05-20 19:18:29.649,1,,-05:00:00,-05:00:00,2025-05-20 19:18:29.649,2025-05-20 19:18:29.649
4633,Česká Lípa,58,CZ,Czech Republic,511,district,50.6785201,14.5396991,2025-05-20 19:18:29.649,1,2025-05-20 19:18:29.649,1,,-05:00:00,-05:00:00,2025-05-20 19:18:29.649,2025-05-20 19:18:29.649
4556,České Budějovice,58,CZ,Czech Republic,311,district,48.9775553,14.5150747,2025-05-20 19:18:29.649,1,2025-05-20 19:18:29.649,1,,-05:00:00,-05:00:00,2025-05-20 19:18:29.649,2025-05-20 19:18:29.649
4543,Český Krumlov,58,CZ,Czech Republic,312,district,48.8127354,14.3174657,2025-05-20 19:18:29.649,1,2025-05-20 19:18:29.649,1,,-05:00:00,-05:00:00,2025-05-20 19:18:29.649,2025-05-20 19:18:29.649
4573,Cheb,58,CZ,Czech Republic,411,district,50.0795334,12.3698636,2025-05-20 19:18:29.649,1,2025-05-20 19:18:29.649,1,,-05:00:00,-05:00:00,2025-05-20 19:18:29.649,2025-05-20 19:18:29.649
4553,Chomutov,58,CZ,Czech Republic,422,district,50.4583872,13.301791,2025-05-20 19:18:29.649,1,2025-05-20 19:18:29.649,1,,-05:00:00,-05:00:00,2025-05-20 19:18:29.649,2025-05-20 19:18:29.649
4634,Chrudim,58,CZ,Czech Republic,531,district,49.8830216,15.8290866,2025-05-20 19:18:29.649,1,2025-05-20 19:18:29.649,1,,-05:00:00,-05:00:00,2025-05-20 19:18:29.649,2025-05-20 19:18:29.649
4609,Děčín,58,CZ,Czech Republic,421,district,50.7725563,14.2127612,2025-05-20 19:18:29.649,1,2025-05-20 19:18:29.649,1,,-05:00:00,-05:00:00,2025-05-20 19:18:29.649,2025-05-20 19:18:29.649
4641,Domažlice,58,CZ,Czech Republic,321,district,49.4397027,12.9311435,2025-05-20 19:18:29.649,1,2025-05-20 19:18:29.649,1,,-05:00:00,-05:00:00,2025-05-20 19:18:29.649,2025-05-20 19:18:29.649
4559,Frýdek-Místek,58,CZ,Czech Republic,802,district,49.6819305,18.3673216,2025-05-20 19:18:29.649,1,2025-05-20 19:18:29.649,1,,-05:00:00,-05:00:00,2025-05-20 19:18:29.649,2025-05-20 19:18:29.649
4611,Havlíčkův Brod,58,CZ,Czech Republic,631,district,49.6043364,15.5796552,2025-05-20 19:18:29.649,1,2025-05-20 19:18:29.649,1,,-05:00:00,-05:00:00,2025-05-20 19:18:29.649,2025-05-20 19:18:29.649
4561,Hodonín,58,CZ,Czech Republic,645,district,48.8529391,17.1260025,2025-05-20 19:18:29.649,1,2025-05-20 19:18:29.649,1,,-05:00:00,-05:00:00,2025-05-20 19:18:29.649,2025-05-20 19:18:29.649
4580,Hradec Králové,58,CZ,Czech Republic,521,district,50.2414805,15.6743,2025-05-20 19:18:29.649,1,2025-05-20 19:18:29.649,1,,-05:00:00,-05:00:00,2025-05-20 19:18:29.649,2025-05-20 19:18:29.649
4612,Jablonec nad Nisou,58,CZ,Czech Republic,512,district,50.7220528,15.1703135,2025-05-20 19:18:29.649,1,2025-05-20 19:18:29.649,1,,-05:00:00,-05:00:00,2025-05-20 19:18:29.649,2025-05-20 19:18:29.649
4625,Jeseník,58,CZ,Czech Republic,711,district,50.2246249,17.1980471,2025-05-20 19:18:29.649,1,2025-05-20 19:18:29.649,1,,-05:00:00,-05:00:00,2025-05-20 19:18:29.649,2025-05-20 19:18:29.649
4640,Jičín,58,CZ,Czech Republic,522,district,50.4353325,15.361044,2025-05-20 19:18:29.649,1,2025-05-20 19:18:29.649,1,,-05:00:00,-05:00:00,2025-05-20 19:18:29.649,2025-05-20 19:18:29.649
4613,Jihlava,58,CZ,Czech Republic,632,district,49.3983782,15.5870415,2025-05-20 19:18:29.649,1,2025-05-20 19:18:29.649,1,,-05:00:00,-05:00:00,2025-05-20 19:18:29.649,2025-05-20 19:18:29.649
4639,Jihočeský kraj,58,CZ,Czech Republic,31,region,48.9457789,14.4416055,2025-05-20 19:18:29.649,1,2025-05-20 19:18:29.649,1,,-05:00:00,-05:00:00,2025-05-20 19:18:29.649,2025-05-20 19:18:29.649
4602,Jihomoravský kraj,58,CZ,Czech Republic,64,region,48.9544528,16.7676899,2025-05-20 19:18:29.649,1,2025-05-20 19:18:29.649,1,,-05:00:00,-05:00:00,2025-05-20 19:18:29.649,2025-05-20 19:18:29.649
4624,Jindřichův Hradec,58,CZ,Czech Republic,313,district,49.1444823,15.0061389,2025-05-20 19:18:29.649,1,2025-05-20 19:18:29.649,1,,-05:00:00,-05:00:00,2025-05-20 19:18:29.649,2025-05-20 19:18:29.649
4581,Karlovarský kraj,58,CZ,Czech Republic,41,region,50.1744199,12.0382373,2025-05-20 19:18:29.649,1,2025-05-20 19:18:29.649,1,,-05:00:00,-05:00:00,2025-05-20 19:18:29.649,2025-05-20 19:18:29.649
4604,Karlovy Vary,58,CZ,Czech Republic,412,district,50.2125452,12.3122311,2025-05-20 19:18:29.649,1,2025-05-20 19:18:29.649,1,,-05:00:00,-05:00:00,2025-05-20 19:18:29.649,2025-05-20 19:18:29.649
4586,Karviná,58,CZ,Czech Republic,803,district,49.8566524,18.5432186,2025-05-20 19:18:29.649,1,2025-05-20 19:18:29.649,1,,-05:00:00,-05:00:00,2025-05-20 19:18:29.649,2025-05-20 19:18:29.649
4631,Kladno,58,CZ,Czech Republic,203,district,50.1940258,14.1043657,2025-05-20 19:18:29.649,1,2025-05-20 19:18:29.649,1,,-05:00:00,-05:00:00,2025-05-20 19:18:29.649,2025-05-20 19:18:29.649
4591,Klatovy,58,CZ,Czech Republic,322,district,49.3955549,13.2950937,2025-05-20 19:18:29.649,1,2025-05-20 19:18:29.649,1,,-05:00:00,-05:00:00,2025-05-20 19:18:29.649,2025-05-20 19:18:29.649
4618,Kolín,58,CZ,Czech Republic,204,district,49.9883293,15.0551977,2025-05-20 19:18:29.649,1,2025-05-20 19:18:29.649,1,,-05:00:00,-05:00:00,2025-05-20 19:18:29.649,2025-05-20 19:18:29.649
4575,Kraj Vysočina,58,CZ,Czech Republic,63,region,49.4490052,15.6405934,2025-05-20 19:18:29.649,1,2025-05-20 19:18:29.649,1,,-05:00:00,-05:00:00,2025-05-20 19:18:29.649,2025-05-20 19:18:29.649
4614,Královéhradecký kraj,58,CZ,Czech Republic,52,region,50.3512484,15.7976459,2025-05-20 19:18:29.649,1,2025-05-20 19:18:29.649,1,,-05:00:00,-05:00:00,2025-05-20 19:18:29.649,2025-05-20 19:18:29.649
4593,Kroměříž,58,CZ,Czech Republic,721,district,49.2916582,17.39938,2025-05-20 19:18:29.649,1,2025-05-20 19:18:29.649,1,,-05:00:00,-05:00:00,2025-05-20 19:18:29.649,2025-05-20 19:18:29.649
4923,Kutná Hora,58,CZ,Czech Republic,205,district,49.9492089,15.247044,2025-05-20 19:18:29.649,1,2025-05-20 19:18:29.649,1,,-05:00:00,-05:00:00,2025-05-20 19:18:29.649,2025-05-20 19:18:29.649
4590,Liberec,58,CZ,Czech Republic,513,district,50.7564101,14.9965041,2025-05-20 19:18:29.649,1,2025-05-20 19:18:29.649,1,,-05:00:00,-05:00:00,2025-05-20 19:18:29.649,2025-05-20 19:18:29.649
4601,Liberecký kraj,58,CZ,Czech Republic,51,region,50.659424,14.7632424,2025-05-20 19:18:29.649,1,2025-05-20 19:18:29.649,1,,-05:00:00,-05:00:00,2025-05-20 19:18:29.649,2025-05-20 19:18:29.649
4605,Litoměřice,58,CZ,Czech Republic,423,district,50.5384197,14.1305458,2025-05-20 19:18:29.649,1,2025-05-20 19:18:29.649,1,,-05:00:00,-05:00:00,2025-05-20 19:18:29.649,2025-05-20 19:18:29.649
4617,Louny,58,CZ,Czech Republic,424,district,50.3539812,13.8033551,2025-05-20 19:18:29.649,1,2025-05-20 19:18:29.649,1,,-05:00:00,-05:00:00,2025-05-20 19:18:29.649,2025-05-20 19:18:29.649
4638,Mělník,58,CZ,Czech Republic,206,district,50.3104415,14.5179223,2025-05-20 19:18:29.649,1,2025-05-20 19:18:29.649,1,,-05:00:00,-05:00:00,2025-05-20 19:18:29.649,2025-05-20 19:18:29.649
4643,Mladá Boleslav,58,CZ,Czech Republic,207,district,50.4252317,14.9362477,2025-05-20 19:18:29.649,1,2025-05-20 19:18:29.649,1,,-05:00:00,-05:00:00,2025-05-20 19:18:29.649,2025-05-20 19:18:29.649
4600,Moravskoslezský kraj,58,CZ,Czech Republic,80,region,49.7305327,18.2332637,2025-05-20 19:18:29.649,1,2025-05-20 19:18:29.649,1,,-05:00:00,-05:00:00,2025-05-20 19:18:29.649,2025-05-20 19:18:29.649
4629,Most,58,CZ,Czech Republic,425,district,37.1554083,-94.2948884,2025-05-20 19:18:29.649,1,2025-05-20 19:18:29.649,1,,-05:00:00,-05:00:00,2025-05-20 19:18:29.649,2025-05-20 19:18:29.649
4550,Náchod,58,CZ,Czech Republic,523,district,50.4145722,16.1656347,2025-05-20 19:18:29.649,1,2025-05-20 19:18:29.649,1,,-05:00:00,-05:00:00,2025-05-20 19:18:29.649,2025-05-20 19:18:29.649
4548,Nový Jičín,58,CZ,Czech Republic,804,district,49.5943251,18.0135356,2025-05-20 19:18:29.649,1,2025-05-20 19:18:29.649,1,,-05:00:00,-05:00:00,2025-05-20 19:18:29.649,2025-05-20 19:18:29.649
4582,Nymburk,58,CZ,Czech Republic,208,district,50.1855816,15.0436604,2025-05-20 19:18:29.649,1,2025-05-20 19:18:29.649,1,,-05:00:00,-05:00:00,2025-05-20 19:18:29.649,2025-05-20 19:18:29.649
4574,Olomouc,58,CZ,Czech Republic,712,district,49.593778,17.2508787,2025-05-20 19:18:29.649,1,2025-05-20 19:18:29.649,1,,-05:00:00,-05:00:00,2025-05-20 19:18:29.649,2025-05-20 19:18:29.649
4589,Olomoucký kraj,58,CZ,Czech Republic,71,region,49.6586549,17.0811406,2025-05-20 19:18:29.649,1,2025-05-20 19:18:29.649,1,,-05:00:00,-05:00:00,2025-05-20 19:18:29.649,2025-05-20 19:18:29.649
4623,Opava,58,CZ,Czech Republic,805,district,49.9083757,17.916338,2025-05-20 19:18:29.649,1,2025-05-20 19:18:29.649,1,,-05:00:00,-05:00:00,2025-05-20 19:18:29.649,2025-05-20 19:18:29.649
4584,Ostrava-město,58,CZ,Czech Republic,806,district,49.8209226,18.2625243,2025-05-20 19:18:29.649,1,2025-05-20 19:18:29.649,1,,-05:00:00,-05:00:00,2025-05-20 19:18:29.649,2025-05-20 19:18:29.649
4547,Pardubice,58,CZ,Czech Republic,532,district,50.055596,15.0930588,2025-05-20 19:18:29.649,1,2025-05-20 19:18:29.649,1,,-05:00:00,-05:00:00,2025-05-20 19:18:29.649,2025-05-20 19:18:29.649
4588,Pardubický kraj,58,CZ,Czech Republic,53,region,49.884222,14.7989412,2025-05-20 19:18:29.649,1,2025-05-20 19:18:29.649,1,,-05:00:00,-05:00:00,2025-05-20 19:18:29.649,2025-05-20 19:18:29.649
4645,Pelhřimov,58,CZ,Czech Republic,633,district,49.4306207,15.222983,2025-05-20 19:18:29.649,1,2025-05-20 19:18:29.649,1,,-05:00:00,-05:00:00,2025-05-20 19:18:29.649,2025-05-20 19:18:29.649
4560,Písek,58,CZ,Czech Republic,314,district,49.3419938,14.246976,2025-05-20 19:18:29.649,1,2025-05-20 19:18:29.649,1,,-05:00:00,-05:00:00,2025-05-20 19:18:29.649,2025-05-20 19:18:29.649
4608,Plzeň-jih,58,CZ,Czech Republic,324,district,49.5904885,13.5715861,2025-05-20 19:18:29.649,1,2025-05-20 19:18:29.649,1,,-05:00:00,-05:00:00,2025-05-20 19:18:29.649,2025-05-20 19:18:29.649
4544,Plzeň-město,58,CZ,Czech Republic,323,district,49.7384314,13.3736371,2025-05-20 19:18:29.649,1,2025-05-20 19:18:29.649,1,,-05:00:00,-05:00:00,2025-05-20 19:18:29.649,2025-05-20 19:18:29.649
4564,Plzeň-sever,58,CZ,Czech Republic,325,district,49.8774893,13.2537428,2025-05-20 19:18:29.649,1,2025-05-20 19:18:29.649,1,,-05:00:00,-05:00:00,2025-05-20 19:18:29.649,2025-05-20 19:18:29.649
4607,Plzeňský kraj,58,CZ,Czech Republic,32,region,49.4134812,13.3157246,2025-05-20 19:18:29.649,1,2025-05-20 19:18:29.649,1,,-05:00:00,-05:00:00,2025-05-20 19:18:29.649,2025-05-20 19:18:29.649
4578,Prachatice,58,CZ,Czech Republic,315,district,49.01091,14.0000005,2025-05-20 19:18:29.649,1,2025-05-20 19:18:29.649,1,,-05:00:00,-05:00:00,2025-05-20 19:18:29.649,2025-05-20 19:18:29.649
4606,Praha-východ,58,CZ,Czech Republic,209,district,49.9389307,14.7924472,2025-05-20 19:18:29.649,1,2025-05-20 19:18:29.649,1,,-05:00:00,-05:00:00,2025-05-20 19:18:29.649,2025-05-20 19:18:29.649
4619,Praha-západ,58,CZ,Czech Republic,20A,district,49.8935235,14.3293779,2025-05-20 19:18:29.649,1,2025-05-20 19:18:29.649,1,,-05:00:00,-05:00:00,2025-05-20 19:18:29.649,2025-05-20 19:18:29.649
4598,"Praha, Hlavní město",58,CZ,Czech Republic,10,capital city,50.0755381,14.4378005,2025-05-20 19:18:29.649,1,2025-05-20 19:18:29.649,1,,-05:00:00,-05:00:00,2025-05-20 19:18:29.649,2025-05-20 19:18:29.649
4626,Přerov,58,CZ,Czech Republic,714,district,49.4671356,17.5077332,2025-05-20 19:18:29.649,1,2025-05-20 19:18:29.649,1,,-05:00:00,-05:00:00,2025-05-20 19:18:29.649,2025-05-20 19:18:29.649
4546,Příbram,58,CZ,Czech Republic,20B,district,49.6947959,14.082381,2025-05-20 19:18:29.649,1,2025-05-20 19:18:29.649,1,,-05:00:00,-05:00:00,2025-05-20 19:18:29.649,2025-05-20 19:18:29.649
4551,Prostějov,58,CZ,Czech Republic,713,district,49.4418401,17.1277904,2025-05-20 19:18:29.649,1,2025-05-20 19:18:29.649,1,,-05:00:00,-05:00:00,2025-05-20 19:18:29.649,2025-05-20 19:18:29.649
4558,Rakovník,58,CZ,Czech Republic,20C,district,50.106123,13.7396623,2025-05-20 19:18:29.649,1,2025-05-20 19:18:29.649,1,,-05:00:00,-05:00:00,2025-05-20 19:18:29.649,2025-05-20 19:18:29.649
4583,Rokycany,58,CZ,Czech Republic,326,district,49.8262827,13.6874943,2025-05-20 19:18:29.649,1,2025-05-20 19:18:29.649,1,,-05:00:00,-05:00:00,2025-05-20 19:18:29.649,2025-05-20 19:18:29.649
4636,Rychnov nad Kněžnou,58,CZ,Czech Republic,524,district,50.1659651,16.2776842,2025-05-20 19:18:29.649,1,2025-05-20 19:18:29.649,1,,-05:00:00,-05:00:00,2025-05-20 19:18:29.649,2025-05-20 19:18:29.649
4596,Semily,58,CZ,Czech Republic,514,district,50.6051576,15.3281409,2025-05-20 19:18:29.649,1,2025-05-20 19:18:29.649,1,,-05:00:00,-05:00:00,2025-05-20 19:18:29.649,2025-05-20 19:18:29.649
4595,Sokolov,58,CZ,Czech Republic,413,district,50.2013434,12.6054636,2025-05-20 19:18:29.649,1,2025-05-20 19:18:29.649,1,,-05:00:00,-05:00:00,2025-05-20 19:18:29.649,2025-05-20 19:18:29.649
4628,Strakonice,58,CZ,Czech Republic,316,district,49.2604043,13.9103085,2025-05-20 19:18:29.649,1,2025-05-20 19:18:29.649,1,,-05:00:00,-05:00:00,2025-05-20 19:18:29.649,2025-05-20 19:18:29.649
4554,Středočeský kraj,58,CZ,Czech Republic,20,region,49.8782223,14.9362955,2025-05-20 19:18:29.649,1,2025-05-20 19:18:29.649,1,,-05:00:00,-05:00:00,2025-05-20 19:18:29.649,2025-05-20 19:18:29.649
4642,Šumperk,58,CZ,Czech Republic,715,district,49.9778407,16.9717754,2025-05-20 19:18:29.649,1,2025-05-20 19:18:29.649,1,,-05:00:00,-05:00:00,2025-05-20 19:18:29.649,2025-05-20 19:18:29.649
4571,Svitavy,58,CZ,Czech Republic,533,district,49.7551629,16.4691861,2025-05-20 19:18:29.649,1,2025-05-20 19:18:29.649,1,,-05:00:00,-05:00:00,2025-05-20 19:18:29.649,2025-05-20 19:18:29.649
4565,Tábor,58,CZ,Czech Republic,317,district,49.3646293,14.7191293,2025-05-20 19:18:29.649,1,2025-05-20 19:18:29.649,1,,-05:00:00,-05:00:00,2025-05-20 19:18:29.649,2025-05-20 19:18:29.649
4646,Tachov,58,CZ,Czech Republic,327,district,49.7987803,12.6361921,2025-05-20 19:18:29.649,1,2025-05-20 19:18:29.649,1,,-05:00:00,-05:00:00,2025-05-20 19:18:29.649,2025-05-20 19:18:29.649
4621,Teplice,58,CZ,Czech Republic,426,district,50.6584605,13.7513227,2025-05-20 19:18:29.649,1,2025-05-20 19:18:29.649,1,,-05:00:00,-05:00:00,2025-05-20 19:18:29.649,2025-05-20 19:18:29.649
4597,Třebíč,58,CZ,Czech Republic,634,district,49.2147869,15.8795516,2025-05-20 19:18:29.649,1,2025-05-20 19:18:29.649,1,,-05:00:00,-05:00:00,2025-05-20 19:18:29.649,2025-05-20 19:18:29.649
4579,Trutnov,58,CZ,Czech Republic,525,district,50.5653838,15.9090923,2025-05-20 19:18:29.649,1,2025-05-20 19:18:29.649,1,,-05:00:00,-05:00:00,2025-05-20 19:18:29.649,2025-05-20 19:18:29.649
4592,Uherské Hradiště,58,CZ,Czech Republic,722,district,49.0597969,17.4958501,2025-05-20 19:18:29.649,1,2025-05-20 19:18:29.649,1,,-05:00:00,-05:00:00,2025-05-20 19:18:29.649,2025-05-20 19:18:29.649
4576,Ústecký kraj,58,CZ,Czech Republic,42,region,50.5607124,12.4803865,2025-05-20 19:18:29.649,1,2025-05-20 19:18:29.649,1,,-05:00:00,-05:00:00,2025-05-20 19:18:29.649,2025-05-20 19:18:29.649
4599,Ústí nad Labem,58,CZ,Czech Republic,427,district,50.6957132,13.7312245,2025-05-20 19:18:29.649,1,2025-05-20 19:18:29.649,1,,-05:00:00,-05:00:00,2025-05-20 19:18:29.649,2025-05-20 19:18:29.649
4647,Ústí nad Orlicí,58,CZ,Czech Republic,534,district,49.9721801,16.3996617,2025-05-20 19:18:29.649,1,2025-05-20 19:18:29.649,1,,-05:00:00,-05:00:00,2025-05-20 19:18:29.649,2025-05-20 19:18:29.649
4572,Vsetín,58,CZ,Czech Republic,723,district,49.379325,18.0618162,2025-05-20 19:18:29.649,1,2025-05-20 19:18:29.649,1,,-05:00:00,-05:00:00,2025-05-20 19:18:29.649,2025-05-20 19:18:29.649
4622,Vyškov,58,CZ,Czech Republic,646,district,49.2127445,16.9855927,2025-05-20 19:18:29.649,1,2025-05-20 19:18:29.649,1,,-05:00:00,-05:00:00,2025-05-20 19:18:29.649,2025-05-20 19:18:29.649
4648,Žďár nad Sázavou,58,CZ,Czech Republic,635,district,49.5643012,15.939103,2025-05-20 19:18:29.649,1,2025-05-20 19:18:29.649,1,,-05:00:00,-05:00:00,2025-05-20 19:18:29.649,2025-05-20 19:18:29.649
4563,Zlín,58,CZ,Czech Republic,724,district,49.1696052,17.802522,2025-05-20 19:18:29.649,1,2025-05-20 19:18:29.649,1,,-05:00:00,-05:00:00,2025-05-20 19:18:29.649,2025-05-20 19:18:29.649
4552,Zlínský kraj,58,CZ,Czech Republic,72,region,49.2162296,17.7720353,2025-05-20 19:18:29.649,1,2025-05-20 19:18:29.649,1,,-05:00:00,-05:00:00,2025-05-20 19:18:29.649,2025-05-20 19:18:29.649
4630,Znojmo,58,CZ,Czech Republic,647,district,48.9272327,16.1037808,2025-05-20 19:18:29.649,1,2025-05-20 19:18:29.649,1,,-05:00:00,-05:00:00,2025-05-20 19:18:29.649,2025-05-20 19:18:29.649
2753,Bas-Uélé,51,CD,Democratic Republic of the Congo,BU,province,3.9901009,24.9042208,2025-05-20 19:18:29.649,1,2025-05-20 19:18:29.649,1,,-05:00:00,-05:00:00,2025-05-20 19:18:29.649,2025-05-20 19:18:29.649
2744,Équateur,51,CD,Democratic Republic of the Congo,EQ,province,-1.831239,-78.183406,2025-05-20 19:18:29.649,1,2025-05-20 19:18:29.649,1,,-05:00:00,-05:00:00,2025-05-20 19:18:29.649,2025-05-20 19:18:29.649
2750,Haut-Katanga,51,CD,Democratic Republic of the Congo,HK,province,-10.4102075,27.5495846,2025-05-20 19:18:29.649,1,2025-05-20 19:18:29.649,1,,-05:00:00,-05:00:00,2025-05-20 19:18:29.649,2025-05-20 19:18:29.649
2758,Haut-Lomami,51,CD,Democratic Republic of the Congo,HL,province,-7.7052752,24.9042208,2025-05-20 19:18:29.649,1,2025-05-20 19:18:29.649,1,,-05:00:00,-05:00:00,2025-05-20 19:18:29.649,2025-05-20 19:18:29.649
2734,Haut-Uélé,51,CD,Democratic Republic of the Congo,HU,province,3.5845154,28.299435,2025-05-20 19:18:29.649,1,2025-05-20 19:18:29.649,1,,-05:00:00,-05:00:00,2025-05-20 19:18:29.649,2025-05-20 19:18:29.649
2751,Ituri,51,CD,Democratic Republic of the Congo,IT,province,1.5957682,29.4179324,2025-05-20 19:18:29.649,1,2025-05-20 19:18:29.649,1,,-05:00:00,-05:00:00,2025-05-20 19:18:29.649,2025-05-20 19:18:29.649
2757,Kasaï,51,CD,Democratic Republic of the Congo,KS,province,-5.0471979,20.7122465,2025-05-20 19:18:29.649,1,2025-05-20 19:18:29.649,1,,-05:00:00,-05:00:00,2025-05-20 19:18:29.649,2025-05-20 19:18:29.649
2742,Kasaï Central,51,CD,Democratic Republic of the Congo,KC,province,-8.4404591,20.4165934,2025-05-20 19:18:29.649,1,2025-05-20 19:18:29.649,1,,-05:00:00,-05:00:00,2025-05-20 19:18:29.649,2025-05-20 19:18:29.649
2735,Kasaï Oriental,51,CD,Democratic Republic of the Congo,KE,province,-6.033623,23.5728501,2025-05-20 19:18:29.649,1,2025-05-20 19:18:29.649,1,,-05:00:00,-05:00:00,2025-05-20 19:18:29.649,2025-05-20 19:18:29.649
2741,Kinshasa,51,CD,Democratic Republic of the Congo,KN,city,-4.4419311,15.2662931,2025-05-20 19:18:29.649,1,2025-05-20 19:18:29.649,1,,-05:00:00,-05:00:00,2025-05-20 19:18:29.649,2025-05-20 19:18:29.649
2746,Kongo Central,51,CD,Democratic Republic of the Congo,BC,province,-5.2365685,13.914399,2025-05-20 19:18:29.649,1,2025-05-20 19:18:29.649,1,,-05:00:00,-05:00:00,2025-05-20 19:18:29.649,2025-05-20 19:18:29.649
2740,Kwango,51,CD,Democratic Republic of the Congo,KG,province,-6.4337409,17.668887,2025-05-20 19:18:29.649,1,2025-05-20 19:18:29.649,1,,-05:00:00,-05:00:00,2025-05-20 19:18:29.649,2025-05-20 19:18:29.649
2759,Kwilu,51,CD,Democratic Republic of the Congo,KL,province,-5.1188825,18.4276047,2025-05-20 19:18:29.649,1,2025-05-20 19:18:29.649,1,,-05:00:00,-05:00:00,2025-05-20 19:18:29.649,2025-05-20 19:18:29.649
2747,Lomami,51,CD,Democratic Republic of the Congo,LO,province,-6.1453931,24.524264,2025-05-20 19:18:29.649,1,2025-05-20 19:18:29.649,1,,-05:00:00,-05:00:00,2025-05-20 19:18:29.649,2025-05-20 19:18:29.649
4953,Lualaba,51,CD,Democratic Republic of the Congo,LU,province,-10.4808698,25.6297816,2025-05-20 19:18:29.649,1,2025-05-20 19:18:29.649,1,,-05:00:00,-05:00:00,2025-05-20 19:18:29.649,2025-05-20 19:18:29.649
2755,Mai-Ndombe,51,CD,Democratic Republic of the Congo,MN,province,-2.6357434,18.4276047,2025-05-20 19:18:29.649,1,2025-05-20 19:18:29.649,1,,-05:00:00,-05:00:00,2025-05-20 19:18:29.649,2025-05-20 19:18:29.649
2745,Maniema,51,CD,Democratic Republic of the Congo,MA,province,-3.0730929,26.0413889,2025-05-20 19:18:29.649,1,2025-05-20 19:18:29.649,1,,-05:00:00,-05:00:00,2025-05-20 19:18:29.649,2025-05-20 19:18:29.649
2752,Mongala,51,CD,Democratic Republic of the Congo,MO,province,1.9962324,21.4752851,2025-05-20 19:18:29.649,1,2025-05-20 19:18:29.649,1,,-05:00:00,-05:00:00,2025-05-20 19:18:29.649,2025-05-20 19:18:29.649
2749,Nord-Kivu,51,CD,Democratic Republic of the Congo,NK,province,-0.7917729,29.0459927,2025-05-20 19:18:29.649,1,2025-05-20 19:18:29.649,1,,-05:00:00,-05:00:00,2025-05-20 19:18:29.649,2025-05-20 19:18:29.649
2739,Nord-Ubangi,51,CD,Democratic Republic of the Congo,NU,province,3.7878726,21.4752851,2025-05-20 19:18:29.649,1,2025-05-20 19:18:29.649,1,,-05:00:00,-05:00:00,2025-05-20 19:18:29.649,2025-05-20 19:18:29.649
2743,Sankuru,51,CD,Democratic Republic of the Congo,SA,province,-2.8437453,23.3823545,2025-05-20 19:18:29.649,1,2025-05-20 19:18:29.649,1,,-05:00:00,-05:00:00,2025-05-20 19:18:29.649,2025-05-20 19:18:29.649
2738,Sud-Kivu,51,CD,Democratic Republic of the Congo,SK,province,-3.011658,28.299435,2025-05-20 19:18:29.649,1,2025-05-20 19:18:29.649,1,,-05:00:00,-05:00:00,2025-05-20 19:18:29.649,2025-05-20 19:18:29.649
2748,Sud-Ubangi,51,CD,Democratic Republic of the Congo,SU,province,3.2299942,19.1880047,2025-05-20 19:18:29.649,1,2025-05-20 19:18:29.649,1,,-05:00:00,-05:00:00,2025-05-20 19:18:29.649,2025-05-20 19:18:29.649
2733,Tanganyika,51,CD,Democratic Republic of the Congo,TA,province,-6.2740118,27.9249002,2025-05-20 19:18:29.649,1,2025-05-20 19:18:29.649,1,,-05:00:00,-05:00:00,2025-05-20 19:18:29.649,2025-05-20 19:18:29.649
2756,Tshopo,51,CD,Democratic Republic of the Congo,TO,province,0.5455462,24.9042208,2025-05-20 19:18:29.649,1,2025-05-20 19:18:29.649,1,,-05:00:00,-05:00:00,2025-05-20 19:18:29.649,2025-05-20 19:18:29.649
2732,Tshuapa,51,CD,Democratic Republic of the Congo,TU,province,-0.9903023,23.0288844,2025-05-20 19:18:29.649,1,2025-05-20 19:18:29.649,1,,-05:00:00,-05:00:00,2025-05-20 19:18:29.649,2025-05-20 19:18:29.649
1531,Central Denmark,59,DK,Denmark,82,region,56.302139,9.302777,2025-05-20 19:18:29.649,1,2025-05-20 19:18:29.649,1,,-05:00:00,-05:00:00,2025-05-20 19:18:29.649,2025-05-20 19:18:29.649
1530,Denmark,59,DK,Denmark,84,region,55.6751812,12.5493261,2025-05-20 19:18:29.649,1,2025-05-20 19:18:29.649,1,,-05:00:00,-05:00:00,2025-05-20 19:18:29.649,2025-05-20 19:18:29.649
1532,North Denmark,59,DK,Denmark,81,region,56.8307416,9.4930527,2025-05-20 19:18:29.649,1,2025-05-20 19:18:29.649,1,,-05:00:00,-05:00:00,2025-05-20 19:18:29.649,2025-05-20 19:18:29.649
1529,Southern Denmark,59,DK,Denmark,83,region,55.3307714,9.0924903,2025-05-20 19:18:29.649,1,2025-05-20 19:18:29.649,1,,-05:00:00,-05:00:00,2025-05-20 19:18:29.649,2025-05-20 19:18:29.649
1528,Zealand,59,DK,Denmark,85,region,55.4632518,11.7214979,2025-05-20 19:18:29.649,1,2025-05-20 19:18:29.649,1,,-05:00:00,-05:00:00,2025-05-20 19:18:29.649,2025-05-20 19:18:29.649
2933,Ali Sabieh,60,DJ,Djibouti,AS,region,11.1928973,42.941698,2025-05-20 19:18:29.649,1,2025-05-20 19:18:29.649,1,,-05:00:00,-05:00:00,2025-05-20 19:18:29.649,2025-05-20 19:18:29.649
2932,Arta,60,DJ,Djibouti,AR,region,11.5255528,42.8479474,2025-05-20 19:18:29.649,1,2025-05-20 19:18:29.649,1,,-05:00:00,-05:00:00,2025-05-20 19:18:29.649,2025-05-20 19:18:29.649
2930,Dikhil,60,DJ,Djibouti,DI,region,11.1054336,42.3704744,2025-05-20 19:18:29.649,1,2025-05-20 19:18:29.649,1,,-05:00:00,-05:00:00,2025-05-20 19:18:29.649,2025-05-20 19:18:29.649
2929,Djibouti,60,DJ,Djibouti,DJ,city,11.825138,42.590275,2025-05-20 19:18:29.649,1,2025-05-20 19:18:29.649,1,,-05:00:00,-05:00:00,2025-05-20 19:18:29.649,2025-05-20 19:18:29.649
2928,Obock,60,DJ,Djibouti,OB,region,12.3895691,43.0194897,2025-05-20 19:18:29.649,1,2025-05-20 19:18:29.649,1,,-05:00:00,-05:00:00,2025-05-20 19:18:29.649,2025-05-20 19:18:29.649
2931,Tadjourah,60,DJ,Djibouti,TA,region,11.9338885,42.3938375,2025-05-20 19:18:29.649,1,2025-05-20 19:18:29.649,1,,-05:00:00,-05:00:00,2025-05-20 19:18:29.649,2025-05-20 19:18:29.649
4082,Saint Andrew,61,DM,Dominica,2,parish,15.5468152,-61.4399424,2025-05-20 19:18:29.649,1,2025-05-20 19:18:29.649,1,,-05:00:00,-05:00:00,2025-05-20 19:18:29.649,2025-05-20 19:18:29.649
4078,Saint David,61,DM,Dominica,3,parish,15.4241823,-61.3676204,2025-05-20 19:18:29.649,1,2025-05-20 19:18:29.649,1,,-05:00:00,-05:00:00,2025-05-20 19:18:29.649,2025-05-20 19:18:29.649
4079,Saint George,61,DM,Dominica,4,parish,15.3092532,-61.3870614,2025-05-20 19:18:29.649,1,2025-05-20 19:18:29.649,1,,-05:00:00,-05:00:00,2025-05-20 19:18:29.649,2025-05-20 19:18:29.649
4076,Saint John,61,DM,Dominica,5,parish,15.5757467,-61.4817853,2025-05-20 19:18:29.649,1,2025-05-20 19:18:29.649,1,,-05:00:00,-05:00:00,2025-05-20 19:18:29.649,2025-05-20 19:18:29.649
4085,Saint Joseph,61,DM,Dominica,6,parish,15.4475894,-61.4673363,2025-05-20 19:18:29.649,1,2025-05-20 19:18:29.649,1,,-05:00:00,-05:00:00,2025-05-20 19:18:29.649,2025-05-20 19:18:29.649
4083,Saint Luke,61,DM,Dominica,7,parish,15.2550271,-61.3817636,2025-05-20 19:18:29.649,1,2025-05-20 19:18:29.649,1,,-05:00:00,-05:00:00,2025-05-20 19:18:29.649,2025-05-20 19:18:29.649
4077,Saint Mark,61,DM,Dominica,8,parish,15.2308636,-61.3724836,2025-05-20 19:18:29.649,1,2025-05-20 19:18:29.649,1,,-05:00:00,-05:00:00,2025-05-20 19:18:29.649,2025-05-20 19:18:29.649
4080,Saint Patrick,61,DM,Dominica,9,parish,15.2814797,-61.3348603,2025-05-20 19:18:29.649,1,2025-05-20 19:18:29.649,1,,-05:00:00,-05:00:00,2025-05-20 19:18:29.649,2025-05-20 19:18:29.649
4084,Saint Paul,61,DM,Dominica,10,parish,15.3671913,-61.4121082,2025-05-20 19:18:29.649,1,2025-05-20 19:18:29.649,1,,-05:00:00,-05:00:00,2025-05-20 19:18:29.649,2025-05-20 19:18:29.649
4081,Saint Peter,61,DM,Dominica,11,parish,15.5021502,-61.4802157,2025-05-20 19:18:29.649,1,2025-05-20 19:18:29.649,1,,-05:00:00,-05:00:00,2025-05-20 19:18:29.649,2025-05-20 19:18:29.649
4114,Azua,62,DO,Dominican Republic,2,province,18.4552709,-70.7380928,2025-05-20 19:18:29.649,1,2025-05-20 19:18:29.649,1,,-05:00:00,-05:00:00,2025-05-20 19:18:29.649,2025-05-20 19:18:29.649
4105,Baoruco,62,DO,Dominican Republic,3,province,18.4879898,-71.4182249,2025-05-20 19:18:29.649,1,2025-05-20 19:18:29.649,1,,-05:00:00,-05:00:00,2025-05-20 19:18:29.649,2025-05-20 19:18:29.649
4090,Barahona,62,DO,Dominican Republic,4,province,18.2139066,-71.1043759,2025-05-20 19:18:29.649,1,2025-05-20 19:18:29.649,1,,-05:00:00,-05:00:00,2025-05-20 19:18:29.649,2025-05-20 19:18:29.649
4107,Dajabón,62,DO,Dominican Republic,5,province,19.5499241,-71.7086514,2025-05-20 19:18:29.649,1,2025-05-20 19:18:29.649,1,,-05:00:00,-05:00:00,2025-05-20 19:18:29.649,2025-05-20 19:18:29.649
4095,Distrito Nacional,62,DO,Dominican Republic,1,district,18.4860575,-69.9312117,2025-05-20 19:18:29.649,1,2025-05-20 19:18:29.649,1,,-05:00:00,-05:00:00,2025-05-20 19:18:29.649,2025-05-20 19:18:29.649
4113,Duarte,62,DO,Dominican Republic,6,province,19.2090823,-70.0270004,2025-05-20 19:18:29.649,1,2025-05-20 19:18:29.649,1,,-05:00:00,-05:00:00,2025-05-20 19:18:29.649,2025-05-20 19:18:29.649
4086,El Seibo,62,DO,Dominican Republic,8,province,18.7658496,-69.040668,2025-05-20 19:18:29.649,1,2025-05-20 19:18:29.649,1,,-05:00:00,-05:00:00,2025-05-20 19:18:29.649,2025-05-20 19:18:29.649
4102,Espaillat,62,DO,Dominican Republic,9,province,19.6277658,-70.2786775,2025-05-20 19:18:29.649,1,2025-05-20 19:18:29.649,1,,-05:00:00,-05:00:00,2025-05-20 19:18:29.649,2025-05-20 19:18:29.649
4106,Hato Mayor,62,DO,Dominican Republic,30,province,18.7635799,-69.2557637,2025-05-20 19:18:29.649,1,2025-05-20 19:18:29.649,1,,-05:00:00,-05:00:00,2025-05-20 19:18:29.649,2025-05-20 19:18:29.649
4089,Hermanas Mirabal,62,DO,Dominican Republic,19,province,19.3747559,-70.3513235,2025-05-20 19:18:29.649,1,2025-05-20 19:18:29.649,1,,-05:00:00,-05:00:00,2025-05-20 19:18:29.649,2025-05-20 19:18:29.649
4097,Independencia,62,DO,Dominican Republic,10,province,32.6335748,-115.4289294,2025-05-20 19:18:29.649,1,2025-05-20 19:18:29.649,1,,-05:00:00,-05:00:00,2025-05-20 19:18:29.649,2025-05-20 19:18:29.649
4109,La Altagracia,62,DO,Dominican Republic,11,province,18.5850236,-68.6201072,2025-05-20 19:18:29.649,1,2025-05-20 19:18:29.649,1,,-05:00:00,-05:00:00,2025-05-20 19:18:29.649,2025-05-20 19:18:29.649
4087,La Romana,62,DO,Dominican Republic,12,province,18.4310271,-68.9837373,2025-05-20 19:18:29.649,1,2025-05-20 19:18:29.649,1,,-05:00:00,-05:00:00,2025-05-20 19:18:29.649,2025-05-20 19:18:29.649
4116,La Vega,62,DO,Dominican Republic,13,province,19.2211554,-70.5288753,2025-05-20 19:18:29.649,1,2025-05-20 19:18:29.649,1,,-05:00:00,-05:00:00,2025-05-20 19:18:29.649,2025-05-20 19:18:29.649
4094,María Trinidad Sánchez,62,DO,Dominican Republic,14,province,19.3734597,-69.8514439,2025-05-20 19:18:29.649,1,2025-05-20 19:18:29.649,1,,-05:00:00,-05:00:00,2025-05-20 19:18:29.649,2025-05-20 19:18:29.649
4099,Monseñor Nouel,62,DO,Dominican Republic,28,province,18.9215234,-70.3836815,2025-05-20 19:18:29.649,1,2025-05-20 19:18:29.649,1,,-05:00:00,-05:00:00,2025-05-20 19:18:29.649,2025-05-20 19:18:29.649
4115,Monte Cristi,62,DO,Dominican Republic,15,province,19.7396899,-71.4433984,2025-05-20 19:18:29.649,1,2025-05-20 19:18:29.649,1,,-05:00:00,-05:00:00,2025-05-20 19:18:29.649,2025-05-20 19:18:29.649
4111,Monte Plata,62,DO,Dominican Republic,29,province,18.8080878,-69.7869146,2025-05-20 19:18:29.649,1,2025-05-20 19:18:29.649,1,,-05:00:00,-05:00:00,2025-05-20 19:18:29.649,2025-05-20 19:18:29.649
4101,Pedernales,62,DO,Dominican Republic,16,province,17.8537626,-71.3303209,2025-05-20 19:18:29.649,1,2025-05-20 19:18:29.649,1,,-05:00:00,-05:00:00,2025-05-20 19:18:29.649,2025-05-20 19:18:29.649
4096,Peravia,62,DO,Dominican Republic,17,province,18.2786594,-70.3335887,2025-05-20 19:18:29.649,1,2025-05-20 19:18:29.649,1,,-05:00:00,-05:00:00,2025-05-20 19:18:29.649,2025-05-20 19:18:29.649
4092,Puerto Plata,62,DO,Dominican Republic,18,province,19.7543225,-70.8332847,2025-05-20 19:18:29.649,1,2025-05-20 19:18:29.649,1,,-05:00:00,-05:00:00,2025-05-20 19:18:29.649,2025-05-20 19:18:29.649
4103,Samaná,62,DO,Dominican Republic,20,province,19.2058371,-69.3362949,2025-05-20 19:18:29.649,1,2025-05-20 19:18:29.649,1,,-05:00:00,-05:00:00,2025-05-20 19:18:29.649,2025-05-20 19:18:29.649
4091,San Cristóbal,62,DO,Dominican Republic,21,province,18.4180414,-70.1065849,2025-05-20 19:18:29.649,1,2025-05-20 19:18:29.649,1,,-05:00:00,-05:00:00,2025-05-20 19:18:29.649,2025-05-20 19:18:29.649
4112,San José de Ocoa,62,DO,Dominican Republic,31,province,18.543858,-70.5041816,2025-05-20 19:18:29.649,1,2025-05-20 19:18:29.649,1,,-05:00:00,-05:00:00,2025-05-20 19:18:29.649,2025-05-20 19:18:29.649
4098,San Juan,62,DO,Dominican Republic,22,province,-31.5287127,-68.5360403,2025-05-20 19:18:29.649,1,2025-05-20 19:18:29.649,1,,-05:00:00,-05:00:00,2025-05-20 19:18:29.649,2025-05-20 19:18:29.649
4110,San Pedro de Macorís,62,DO,Dominican Republic,23,province,18.46266,-69.3051234,2025-05-20 19:18:29.649,1,2025-05-20 19:18:29.649,1,,-05:00:00,-05:00:00,2025-05-20 19:18:29.649,2025-05-20 19:18:29.649
4088,Sánchez Ramírez,62,DO,Dominican Republic,24,province,19.052706,-70.1492264,2025-05-20 19:18:29.649,1,2025-05-20 19:18:29.649,1,,-05:00:00,-05:00:00,2025-05-20 19:18:29.649,2025-05-20 19:18:29.649
4108,Santiago,62,DO,Dominican Republic,25,province,-33.45,-70.6667,2025-05-20 19:18:29.649,1,2025-05-20 19:18:29.649,1,,-05:00:00,-05:00:00,2025-05-20 19:18:29.649,2025-05-20 19:18:29.649
4100,Santiago Rodríguez,62,DO,Dominican Republic,26,province,19.4713181,-71.3395801,2025-05-20 19:18:29.649,1,2025-05-20 19:18:29.649,1,,-05:00:00,-05:00:00,2025-05-20 19:18:29.649,2025-05-20 19:18:29.649
4093,Santo Domingo,62,DO,Dominican Republic,32,province,18.5104253,-69.8404054,2025-05-20 19:18:29.649,1,2025-05-20 19:18:29.649,1,,-05:00:00,-05:00:00,2025-05-20 19:18:29.649,2025-05-20 19:18:29.649
4104,Valverde,62,DO,Dominican Republic,27,province,19.5881221,-70.980331,2025-05-20 19:18:29.649,1,2025-05-20 19:18:29.649,1,,-05:00:00,-05:00:00,2025-05-20 19:18:29.649,2025-05-20 19:18:29.649
2923,Azuay,64,EC,Ecuador,A,province,-2.8943068,-78.9968344,2025-05-20 19:18:29.649,1,2025-05-20 19:18:29.649,1,,-05:00:00,-05:00:00,2025-05-20 19:18:29.649,2025-05-20 19:18:29.649
2920,Bolívar,64,EC,Ecuador,B,province,-1.7095828,-79.0450429,2025-05-20 19:18:29.649,1,2025-05-20 19:18:29.649,1,,-05:00:00,-05:00:00,2025-05-20 19:18:29.649,2025-05-20 19:18:29.649
2917,Cañar,64,EC,Ecuador,F,province,-2.5589315,-78.9388191,2025-05-20 19:18:29.649,1,2025-05-20 19:18:29.649,1,,-05:00:00,-05:00:00,2025-05-20 19:18:29.649,2025-05-20 19:18:29.649
2915,Carchi,64,EC,Ecuador,C,province,0.5026912,-77.9042521,2025-05-20 19:18:29.649,1,2025-05-20 19:18:29.649,1,,-05:00:00,-05:00:00,2025-05-20 19:18:29.649,2025-05-20 19:18:29.649
2925,Chimborazo,64,EC,Ecuador,H,province,-1.6647995,-78.6543255,2025-05-20 19:18:29.649,1,2025-05-20 19:18:29.649,1,,-05:00:00,-05:00:00,2025-05-20 19:18:29.649,2025-05-20 19:18:29.649
2921,Cotopaxi,64,EC,Ecuador,X,province,-0.8384206,-78.6662678,2025-05-20 19:18:29.649,1,2025-05-20 19:18:29.649,1,,-05:00:00,-05:00:00,2025-05-20 19:18:29.649,2025-05-20 19:18:29.649
2924,El Oro,64,EC,Ecuador,O,province,-3.2592413,-79.9583541,2025-05-20 19:18:29.649,1,2025-05-20 19:18:29.649,1,,-05:00:00,-05:00:00,2025-05-20 19:18:29.649,2025-05-20 19:18:29.649
2922,Esmeraldas,64,EC,Ecuador,E,province,0.9681789,-79.6517202,2025-05-20 19:18:29.649,1,2025-05-20 19:18:29.649,1,,-05:00:00,-05:00:00,2025-05-20 19:18:29.649,2025-05-20 19:18:29.649
2905,Galápagos,64,EC,Ecuador,W,province,-0.9537691,-90.9656019,2025-05-20 19:18:29.649,1,2025-05-20 19:18:29.649,1,,-05:00:00,-05:00:00,2025-05-20 19:18:29.649,2025-05-20 19:18:29.649
2914,Guayas,64,EC,Ecuador,G,province,-1.9574839,-79.9192702,2025-05-20 19:18:29.649,1,2025-05-20 19:18:29.649,1,,-05:00:00,-05:00:00,2025-05-20 19:18:29.649,2025-05-20 19:18:29.649
2911,Imbabura,64,EC,Ecuador,I,province,0.3499768,-78.1260129,2025-05-20 19:18:29.649,1,2025-05-20 19:18:29.649,1,,-05:00:00,-05:00:00,2025-05-20 19:18:29.649,2025-05-20 19:18:29.649
5068,Loja,64,EC,Ecuador,L,province,-3.99313,-79.20422,2025-05-20 19:18:29.649,1,2025-05-20 19:18:29.649,1,,-05:00:00,-05:00:00,2025-05-20 19:18:29.649,2025-05-20 19:18:29.649
2910,Los Ríos,64,EC,Ecuador,R,province,-1.0230607,-79.4608897,2025-05-20 19:18:29.649,1,2025-05-20 19:18:29.649,1,,-05:00:00,-05:00:00,2025-05-20 19:18:29.649,2025-05-20 19:18:29.649
2913,Manabí,64,EC,Ecuador,M,province,-1.0543434,-80.452644,2025-05-20 19:18:29.649,1,2025-05-20 19:18:29.649,1,,-05:00:00,-05:00:00,2025-05-20 19:18:29.649,2025-05-20 19:18:29.649
2918,Morona-Santiago,64,EC,Ecuador,S,province,-2.3051062,-78.1146866,2025-05-20 19:18:29.649,1,2025-05-20 19:18:29.649,1,,-05:00:00,-05:00:00,2025-05-20 19:18:29.649,2025-05-20 19:18:29.649
2916,Napo,64,EC,Ecuador,N,province,-0.9955964,-77.8129684,2025-05-20 19:18:29.649,1,2025-05-20 19:18:29.649,1,,-05:00:00,-05:00:00,2025-05-20 19:18:29.649,2025-05-20 19:18:29.649
2926,Orellana,64,EC,Ecuador,D,province,-0.4545163,-76.9950286,2025-05-20 19:18:29.649,1,2025-05-20 19:18:29.649,1,,-05:00:00,-05:00:00,2025-05-20 19:18:29.649,2025-05-20 19:18:29.649
2907,Pastaza,64,EC,Ecuador,Y,province,-1.4882265,-78.0031057,2025-05-20 19:18:29.649,1,2025-05-20 19:18:29.649,1,,-05:00:00,-05:00:00,2025-05-20 19:18:29.649,2025-05-20 19:18:29.649
2927,Pichincha,64,EC,Ecuador,P,province,-0.1464847,-78.4751945,2025-05-20 19:18:29.649,1,2025-05-20 19:18:29.649,1,,-05:00:00,-05:00:00,2025-05-20 19:18:29.649,2025-05-20 19:18:29.649
2912,Santa Elena,64,EC,Ecuador,SE,province,-2.2267105,-80.859499,2025-05-20 19:18:29.649,1,2025-05-20 19:18:29.649,1,,-05:00:00,-05:00:00,2025-05-20 19:18:29.649,2025-05-20 19:18:29.649
2919,Santo Domingo de los Tsáchilas,64,EC,Ecuador,SD,province,-0.2521882,-79.1879383,2025-05-20 19:18:29.649,1,2025-05-20 19:18:29.649,1,,-05:00:00,-05:00:00,2025-05-20 19:18:29.649,2025-05-20 19:18:29.649
2906,Sucumbíos,64,EC,Ecuador,U,province,0.0889231,-76.8897557,2025-05-20 19:18:29.649,1,2025-05-20 19:18:29.649,1,,-05:00:00,-05:00:00,2025-05-20 19:18:29.649,2025-05-20 19:18:29.649
2908,Tungurahua,64,EC,Ecuador,T,province,-1.2635284,-78.5660852,2025-05-20 19:18:29.649,1,2025-05-20 19:18:29.649,1,,-05:00:00,-05:00:00,2025-05-20 19:18:29.649,2025-05-20 19:18:29.649
2909,Zamora Chinchipe,64,EC,Ecuador,Z,province,-4.0655892,-78.9503525,2025-05-20 19:18:29.649,1,2025-05-20 19:18:29.649,1,,-05:00:00,-05:00:00,2025-05-20 19:18:29.649,2025-05-20 19:18:29.649
3235,Alexandria,65,EG,Egypt,ALX,governorate,30.8760568,29.742604,2025-05-20 19:18:29.649,1,2025-05-20 19:18:29.649,1,,-05:00:00,-05:00:00,2025-05-20 19:18:29.649,2025-05-20 19:18:29.649
3225,Aswan,65,EG,Egypt,ASN,governorate,23.6966498,32.7181375,2025-05-20 19:18:29.649,1,2025-05-20 19:18:29.649,1,,-05:00:00,-05:00:00,2025-05-20 19:18:29.649,2025-05-20 19:18:29.649
3236,Asyut,65,EG,Egypt,AST,governorate,27.2133831,31.4456179,2025-05-20 19:18:29.649,1,2025-05-20 19:18:29.649,1,,-05:00:00,-05:00:00,2025-05-20 19:18:29.649,2025-05-20 19:18:29.649
3241,Beheira,65,EG,Egypt,BH,governorate,30.8480986,30.3435506,2025-05-20 19:18:29.649,1,2025-05-20 19:18:29.649,1,,-05:00:00,-05:00:00,2025-05-20 19:18:29.649,2025-05-20 19:18:29.649
3230,Beni Suef,65,EG,Egypt,BNS,governorate,28.8938837,31.4456179,2025-05-20 19:18:29.649,1,2025-05-20 19:18:29.649,1,,-05:00:00,-05:00:00,2025-05-20 19:18:29.649,2025-05-20 19:18:29.649
3223,Cairo,65,EG,Egypt,C,governorate,29.9537564,31.5370003,2025-05-20 19:18:29.649,1,2025-05-20 19:18:29.649,1,,-05:00:00,-05:00:00,2025-05-20 19:18:29.649,2025-05-20 19:18:29.649
3245,Dakahlia,65,EG,Egypt,DK,governorate,31.1656044,31.4913182,2025-05-20 19:18:29.649,1,2025-05-20 19:18:29.649,1,,-05:00:00,-05:00:00,2025-05-20 19:18:29.649,2025-05-20 19:18:29.649
3224,Damietta,65,EG,Egypt,DT,governorate,31.3625799,31.6739371,2025-05-20 19:18:29.649,1,2025-05-20 19:18:29.649,1,,-05:00:00,-05:00:00,2025-05-20 19:18:29.649,2025-05-20 19:18:29.649
3238,Faiyum,65,EG,Egypt,FYM,governorate,29.3084021,30.8428497,2025-05-20 19:18:29.649,1,2025-05-20 19:18:29.649,1,,-05:00:00,-05:00:00,2025-05-20 19:18:29.649,2025-05-20 19:18:29.649
3234,Gharbia,65,EG,Egypt,GH,governorate,30.8753556,31.03351,2025-05-20 19:18:29.649,1,2025-05-20 19:18:29.649,1,,-05:00:00,-05:00:00,2025-05-20 19:18:29.649,2025-05-20 19:18:29.649
3239,Giza,65,EG,Egypt,GZ,governorate,28.7666216,29.2320784,2025-05-20 19:18:29.649,1,2025-05-20 19:18:29.649,1,,-05:00:00,-05:00:00,2025-05-20 19:18:29.649,2025-05-20 19:18:29.649
3244,Ismailia,65,EG,Egypt,IS,governorate,30.5830934,32.2653887,2025-05-20 19:18:29.649,1,2025-05-20 19:18:29.649,1,,-05:00:00,-05:00:00,2025-05-20 19:18:29.649,2025-05-20 19:18:29.649
3222,Kafr El-Sheikh,65,EG,Egypt,KFS,governorate,31.3085444,30.8039474,2025-05-20 19:18:29.649,1,2025-05-20 19:18:29.649,1,,-05:00:00,-05:00:00,2025-05-20 19:18:29.649,2025-05-20 19:18:29.649
3242,Luxor,65,EG,Egypt,LX,governorate,25.3944444,32.4920088,2025-05-20 19:18:29.649,1,2025-05-20 19:18:29.649,1,,-05:00:00,-05:00:00,2025-05-20 19:18:29.649,2025-05-20 19:18:29.649
3231,Matrouh,65,EG,Egypt,MT,governorate,29.569635,26.419389,2025-05-20 19:18:29.649,1,2025-05-20 19:18:29.649,1,,-05:00:00,-05:00:00,2025-05-20 19:18:29.649,2025-05-20 19:18:29.649
3243,Minya,65,EG,Egypt,MN,governorate,28.284729,30.5279096,2025-05-20 19:18:29.649,1,2025-05-20 19:18:29.649,1,,-05:00:00,-05:00:00,2025-05-20 19:18:29.649,2025-05-20 19:18:29.649
3228,Monufia,65,EG,Egypt,MNF,governorate,30.5972455,30.9876321,2025-05-20 19:18:29.649,1,2025-05-20 19:18:29.649,1,,-05:00:00,-05:00:00,2025-05-20 19:18:29.649,2025-05-20 19:18:29.649
3246,New Valley,65,EG,Egypt,WAD,governorate,24.5455638,27.1735316,2025-05-20 19:18:29.649,1,2025-05-20 19:18:29.649,1,,-05:00:00,-05:00:00,2025-05-20 19:18:29.649,2025-05-20 19:18:29.649
3227,North Sinai,65,EG,Egypt,SIN,governorate,30.282365,33.617577,2025-05-20 19:18:29.649,1,2025-05-20 19:18:29.649,1,,-05:00:00,-05:00:00,2025-05-20 19:18:29.649,2025-05-20 19:18:29.649
3229,Port Said,65,EG,Egypt,PTS,governorate,31.0758606,32.2653887,2025-05-20 19:18:29.649,1,2025-05-20 19:18:29.649,1,,-05:00:00,-05:00:00,2025-05-20 19:18:29.649,2025-05-20 19:18:29.649
3232,Qalyubia,65,EG,Egypt,KB,governorate,30.3292368,31.2168466,2025-05-20 19:18:29.649,1,2025-05-20 19:18:29.649,1,,-05:00:00,-05:00:00,2025-05-20 19:18:29.649,2025-05-20 19:18:29.649
3247,Qena,65,EG,Egypt,KN,governorate,26.2346033,32.9888319,2025-05-20 19:18:29.649,1,2025-05-20 19:18:29.649,1,,-05:00:00,-05:00:00,2025-05-20 19:18:29.649,2025-05-20 19:18:29.649
3240,Red Sea,65,EG,Egypt,BA,governorate,24.6826316,34.1531947,2025-05-20 19:18:29.649,1,2025-05-20 19:18:29.649,1,,-05:00:00,-05:00:00,2025-05-20 19:18:29.649,2025-05-20 19:18:29.649
5067,Sharqia,65,EG,Egypt,SHR,governorate,30.6730545,31.1593247,2025-05-20 19:18:29.649,1,2025-05-20 19:18:29.649,1,,-05:00:00,-05:00:00,2025-05-20 19:18:29.649,2025-05-20 19:18:29.649
3226,Sohag,65,EG,Egypt,SHG,governorate,26.693834,32.174605,2025-05-20 19:18:29.649,1,2025-05-20 19:18:29.649,1,,-05:00:00,-05:00:00,2025-05-20 19:18:29.649,2025-05-20 19:18:29.649
3237,South Sinai,65,EG,Egypt,JS,governorate,29.3101828,34.1531947,2025-05-20 19:18:29.649,1,2025-05-20 19:18:29.649,1,,-05:00:00,-05:00:00,2025-05-20 19:18:29.649,2025-05-20 19:18:29.649
3233,Suez,65,EG,Egypt,SUZ,governorate,29.3682255,32.174605,2025-05-20 19:18:29.649,1,2025-05-20 19:18:29.649,1,,-05:00:00,-05:00:00,2025-05-20 19:18:29.649,2025-05-20 19:18:29.649
4139,Ahuachapán,66,SV,El Salvador,AH,department,13.8216148,-89.9253233,2025-05-20 19:18:29.649,1,2025-05-20 19:18:29.649,1,,-05:00:00,-05:00:00,2025-05-20 19:18:29.649,2025-05-20 19:18:29.649
4132,Cabañas,66,SV,El Salvador,CA,department,13.8648288,-88.7493998,2025-05-20 19:18:29.649,1,2025-05-20 19:18:29.649,1,,-05:00:00,-05:00:00,2025-05-20 19:18:29.649,2025-05-20 19:18:29.649
4131,Chalatenango,66,SV,El Salvador,CH,department,14.1916648,-89.1705998,2025-05-20 19:18:29.649,1,2025-05-20 19:18:29.649,1,,-05:00:00,-05:00:00,2025-05-20 19:18:29.649,2025-05-20 19:18:29.649
4137,Cuscatlán,66,SV,El Salvador,CU,department,13.8661957,-89.0561532,2025-05-20 19:18:29.649,1,2025-05-20 19:18:29.649,1,,-05:00:00,-05:00:00,2025-05-20 19:18:29.649,2025-05-20 19:18:29.649
4134,La Libertad,66,SV,El Salvador,LI,department,13.6817661,-89.3606298,2025-05-20 19:18:29.649,1,2025-05-20 19:18:29.649,1,,-05:00:00,-05:00:00,2025-05-20 19:18:29.649,2025-05-20 19:18:29.649
4136,La Paz,66,SV,El Salvador,PA,department,13.4662148,-89.1369972,2025-05-20 19:18:29.649,1,2025-05-20 19:18:29.649,1,,-05:00:00,-05:00:00,2025-05-20 19:18:29.649,2025-05-20 19:18:29.649
4138,La Unión ,66,SV,El Salvador,UN,department,13.4886443,-87.8942451,2025-05-20 19:18:29.649,1,2025-05-20 19:18:29.649,1,,-05:00:00,-05:00:00,2025-05-20 19:18:29.649,2025-05-20 19:18:29.649
4130,Morazán,66,SV,El Salvador,MO,department,13.7682,-88.1291387,2025-05-20 19:18:29.649,1,2025-05-20 19:18:29.649,1,,-05:00:00,-05:00:00,2025-05-20 19:18:29.649,2025-05-20 19:18:29.649
4135,San Miguel,66,SV,El Salvador,SM,department,13.4451041,-88.2461183,2025-05-20 19:18:29.649,1,2025-05-20 19:18:29.649,1,,-05:00:00,-05:00:00,2025-05-20 19:18:29.649,2025-05-20 19:18:29.649
4133,San Salvador,66,SV,El Salvador,SS,department,13.7739997,-89.2086773,2025-05-20 19:18:29.649,1,2025-05-20 19:18:29.649,1,,-05:00:00,-05:00:00,2025-05-20 19:18:29.649,2025-05-20 19:18:29.649
4127,San Vicente,66,SV,El Salvador,SV,department,13.5868561,-88.7493998,2025-05-20 19:18:29.649,1,2025-05-20 19:18:29.649,1,,-05:00:00,-05:00:00,2025-05-20 19:18:29.649,2025-05-20 19:18:29.649
4128,Santa Ana,66,SV,El Salvador,SA,department,14.1461121,-89.5120084,2025-05-20 19:18:29.649,1,2025-05-20 19:18:29.649,1,,-05:00:00,-05:00:00,2025-05-20 19:18:29.649,2025-05-20 19:18:29.649
4140,Sonsonate,66,SV,El Salvador,SO,department,13.682358,-89.6628111,2025-05-20 19:18:29.649,1,2025-05-20 19:18:29.649,1,,-05:00:00,-05:00:00,2025-05-20 19:18:29.649,2025-05-20 19:18:29.649
4129,Usulután,66,SV,El Salvador,US,department,13.4470634,-88.556531,2025-05-20 19:18:29.649,1,2025-05-20 19:18:29.649,1,,-05:00:00,-05:00:00,2025-05-20 19:18:29.649,2025-05-20 19:18:29.649
3444,Annobón,67,GQ,Equatorial Guinea,AN,province,-1.4268782,5.6352801,2025-05-20 19:18:29.649,1,2025-05-20 19:18:29.649,1,,-05:00:00,-05:00:00,2025-05-20 19:18:29.649,2025-05-20 19:18:29.649
3446,Bioko Norte,67,GQ,Equatorial Guinea,BN,province,3.6595072,8.7921836,2025-05-20 19:18:29.649,1,2025-05-20 19:18:29.649,1,,-05:00:00,-05:00:00,2025-05-20 19:18:29.649,2025-05-20 19:18:29.649
3443,Bioko Sur,67,GQ,Equatorial Guinea,BS,province,3.4209785,8.6160674,2025-05-20 19:18:29.649,1,2025-05-20 19:18:29.649,1,,-05:00:00,-05:00:00,2025-05-20 19:18:29.649,2025-05-20 19:18:29.649
3445,Centro Sur,67,GQ,Equatorial Guinea,CS,province,1.3436084,10.439656,2025-05-20 19:18:29.649,1,2025-05-20 19:18:29.649,1,,-05:00:00,-05:00:00,2025-05-20 19:18:29.649,2025-05-20 19:18:29.649
3442,Insular,67,GQ,Equatorial Guinea,I,region,37.09024,-95.712891,2025-05-20 19:18:29.649,1,2025-05-20 19:18:29.649,1,,-05:00:00,-05:00:00,2025-05-20 19:18:29.649,2025-05-20 19:18:29.649
3439,Kié-Ntem,67,GQ,Equatorial Guinea,KN,province,2.028093,11.0711758,2025-05-20 19:18:29.649,1,2025-05-20 19:18:29.649,1,,-05:00:00,-05:00:00,2025-05-20 19:18:29.649,2025-05-20 19:18:29.649
3441,Litoral,67,GQ,Equatorial Guinea,LI,province,1.5750244,9.8124935,2025-05-20 19:18:29.649,1,2025-05-20 19:18:29.649,1,,-05:00:00,-05:00:00,2025-05-20 19:18:29.649,2025-05-20 19:18:29.649
3438,Río Muni,67,GQ,Equatorial Guinea,C,region,1.4610606,9.6786894,2025-05-20 19:18:29.649,1,2025-05-20 19:18:29.649,1,,-05:00:00,-05:00:00,2025-05-20 19:18:29.649,2025-05-20 19:18:29.649
3440,Wele-Nzas,67,GQ,Equatorial Guinea,WN,province,1.4166162,11.0711758,2025-05-20 19:18:29.649,1,2025-05-20 19:18:29.649,1,,-05:00:00,-05:00:00,2025-05-20 19:18:29.649,2025-05-20 19:18:29.649
3425,Anseba,68,ER,Eritrea,AN,region,16.4745531,37.8087693,2025-05-20 19:18:29.649,1,2025-05-20 19:18:29.649,1,,-05:00:00,-05:00:00,2025-05-20 19:18:29.649,2025-05-20 19:18:29.649
3427,Debub,68,ER,Eritrea,DU,region,14.9478692,39.1543677,2025-05-20 19:18:29.649,1,2025-05-20 19:18:29.649,1,,-05:00:00,-05:00:00,2025-05-20 19:18:29.649,2025-05-20 19:18:29.649
3428,Gash-Barka,68,ER,Eritrea,GB,region,15.4068825,37.6386622,2025-05-20 19:18:29.649,1,2025-05-20 19:18:29.649,1,,-05:00:00,-05:00:00,2025-05-20 19:18:29.649,2025-05-20 19:18:29.649
3426,Maekel,68,ER,Eritrea,MA,region,15.3551409,38.8623683,2025-05-20 19:18:29.649,1,2025-05-20 19:18:29.649,1,,-05:00:00,-05:00:00,2025-05-20 19:18:29.649,2025-05-20 19:18:29.649
3424,Northern Red Sea,68,ER,Eritrea,SK,region,16.2583997,38.8205454,2025-05-20 19:18:29.649,1,2025-05-20 19:18:29.649,1,,-05:00:00,-05:00:00,2025-05-20 19:18:29.649,2025-05-20 19:18:29.649
3429,Southern Red Sea,68,ER,Eritrea,DK,region,13.5137103,41.7606472,2025-05-20 19:18:29.649,1,2025-05-20 19:18:29.649,1,,-05:00:00,-05:00:00,2025-05-20 19:18:29.649,2025-05-20 19:18:29.649
3567,Harju,69,EE,Estonia,37,county,59.3334239,25.2466974,2025-05-20 19:18:29.649,1,2025-05-20 19:18:29.649,1,,-05:00:00,-05:00:00,2025-05-20 19:18:29.649,2025-05-20 19:18:29.649
3555,Hiiu,69,EE,Estonia,39,county,58.9239553,22.5919468,2025-05-20 19:18:29.649,1,2025-05-20 19:18:29.649,1,,-05:00:00,-05:00:00,2025-05-20 19:18:29.649,2025-05-20 19:18:29.649
3569,Ida-Viru,69,EE,Estonia,44,county,59.2592663,27.4136535,2025-05-20 19:18:29.649,1,2025-05-20 19:18:29.649,1,,-05:00:00,-05:00:00,2025-05-20 19:18:29.649,2025-05-20 19:18:29.649
3566,Järva,69,EE,Estonia,51,county,58.8866713,25.5000624,2025-05-20 19:18:29.649,1,2025-05-20 19:18:29.649,1,,-05:00:00,-05:00:00,2025-05-20 19:18:29.649,2025-05-20 19:18:29.649
3565,Jõgeva,69,EE,Estonia,49,county,58.7506143,26.3604878,2025-05-20 19:18:29.649,1,2025-05-20 19:18:29.649,1,,-05:00:00,-05:00:00,2025-05-20 19:18:29.649,2025-05-20 19:18:29.649
3568,Lääne,69,EE,Estonia,57,county,58.9722742,23.8740834,2025-05-20 19:18:29.649,1,2025-05-20 19:18:29.649,1,,-05:00:00,-05:00:00,2025-05-20 19:18:29.649,2025-05-20 19:18:29.649
3564,Lääne-Viru,69,EE,Estonia,59,county,59.3018816,26.3280312,2025-05-20 19:18:29.649,1,2025-05-20 19:18:29.649,1,,-05:00:00,-05:00:00,2025-05-20 19:18:29.649,2025-05-20 19:18:29.649
3562,Pärnu,69,EE,Estonia,67,county,58.5261952,24.4020159,2025-05-20 19:18:29.649,1,2025-05-20 19:18:29.649,1,,-05:00:00,-05:00:00,2025-05-20 19:18:29.649,2025-05-20 19:18:29.649
3563,Põlva,69,EE,Estonia,65,county,58.1160622,27.2066394,2025-05-20 19:18:29.649,1,2025-05-20 19:18:29.649,1,,-05:00:00,-05:00:00,2025-05-20 19:18:29.649,2025-05-20 19:18:29.649
3559,Rapla,69,EE,Estonia,70,county,58.8492625,24.7346569,2025-05-20 19:18:29.649,1,2025-05-20 19:18:29.649,1,,-05:00:00,-05:00:00,2025-05-20 19:18:29.649,2025-05-20 19:18:29.649
3561,Saare,69,EE,Estonia,74,county,58.4849721,22.6136408,2025-05-20 19:18:29.649,1,2025-05-20 19:18:29.649,1,,-05:00:00,-05:00:00,2025-05-20 19:18:29.649,2025-05-20 19:18:29.649
3557,Tartu,69,EE,Estonia,78,county,58.4057128,26.801576,2025-05-20 19:18:29.649,1,2025-05-20 19:18:29.649,1,,-05:00:00,-05:00:00,2025-05-20 19:18:29.649,2025-05-20 19:18:29.649
3558,Valga,69,EE,Estonia,82,county,57.9103441,26.1601819,2025-05-20 19:18:29.649,1,2025-05-20 19:18:29.649,1,,-05:00:00,-05:00:00,2025-05-20 19:18:29.649,2025-05-20 19:18:29.649
3556,Viljandi,69,EE,Estonia,84,county,58.2821746,25.5752233,2025-05-20 19:18:29.649,1,2025-05-20 19:18:29.649,1,,-05:00:00,-05:00:00,2025-05-20 19:18:29.649,2025-05-20 19:18:29.649
3560,Võru,69,EE,Estonia,86,county,57.7377372,27.1398938,2025-05-20 19:18:29.649,1,2025-05-20 19:18:29.649,1,,-05:00:00,-05:00:00,2025-05-20 19:18:29.649,2025-05-20 19:18:29.649
969,Hhohho,212,SZ,Eswatini,HH,region,-26.1365662,31.3541631,2025-05-20 19:18:29.649,1,2025-05-20 19:18:29.649,1,,-05:00:00,-05:00:00,2025-05-20 19:18:29.649,2025-05-20 19:18:29.649
970,Lubombo,212,SZ,Eswatini,LU,region,-26.7851773,31.8107079,2025-05-20 19:18:29.649,1,2025-05-20 19:18:29.649,1,,-05:00:00,-05:00:00,2025-05-20 19:18:29.649,2025-05-20 19:18:29.649
968,Manzini,212,SZ,Eswatini,MA,region,-26.5081999,31.3713164,2025-05-20 19:18:29.649,1,2025-05-20 19:18:29.649,1,,-05:00:00,-05:00:00,2025-05-20 19:18:29.649,2025-05-20 19:18:29.649
971,Shiselweni,212,SZ,Eswatini,SH,region,-26.9827577,31.3541631,2025-05-20 19:18:29.649,1,2025-05-20 19:18:29.649,1,,-05:00:00,-05:00:00,2025-05-20 19:18:29.649,2025-05-20 19:18:29.649
11,Addis Ababa,70,ET,Ethiopia,AA,administration,8.9806034,38.7577605,2025-05-20 19:18:29.649,1,2025-05-20 19:18:29.649,1,,-05:00:00,-05:00:00,2025-05-20 19:18:29.649,2025-05-20 19:18:29.649
6,Afar,70,ET,Ethiopia,AF,region,11.7559388,40.958688,2025-05-20 19:18:29.649,1,2025-05-20 19:18:29.649,1,,-05:00:00,-05:00:00,2025-05-20 19:18:29.649,2025-05-20 19:18:29.649
3,Amhara,70,ET,Ethiopia,AM,region,11.3494247,37.9784585,2025-05-20 19:18:29.649,1,2025-05-20 19:18:29.649,1,,-05:00:00,-05:00:00,2025-05-20 19:18:29.649,2025-05-20 19:18:29.649
9,Benishangul-Gumuz,70,ET,Ethiopia,BE,region,10.7802889,35.5657862,2025-05-20 19:18:29.649,1,2025-05-20 19:18:29.649,1,,-05:00:00,-05:00:00,2025-05-20 19:18:29.649,2025-05-20 19:18:29.649
8,Dire Dawa,70,ET,Ethiopia,DD,administration,9.6008747,41.850142,2025-05-20 19:18:29.649,1,2025-05-20 19:18:29.649,1,,-05:00:00,-05:00:00,2025-05-20 19:18:29.649,2025-05-20 19:18:29.649
10,Gambela,70,ET,Ethiopia,GA,region,7.9219687,34.1531947,2025-05-20 19:18:29.649,1,2025-05-20 19:18:29.649,1,,-05:00:00,-05:00:00,2025-05-20 19:18:29.649,2025-05-20 19:18:29.649
7,Harari,70,ET,Ethiopia,HA,region,9.314866,42.1967716,2025-05-20 19:18:29.649,1,2025-05-20 19:18:29.649,1,,-05:00:00,-05:00:00,2025-05-20 19:18:29.649,2025-05-20 19:18:29.649
5,Oromia,70,ET,Ethiopia,OR,region,7.5460377,40.6346851,2025-05-20 19:18:29.649,1,2025-05-20 19:18:29.649,1,,-05:00:00,-05:00:00,2025-05-20 19:18:29.649,2025-05-20 19:18:29.649
2,Somali,70,ET,Ethiopia,SO,region,6.6612293,43.7908453,2025-05-20 19:18:29.649,1,2025-05-20 19:18:29.649,1,,-05:00:00,-05:00:00,2025-05-20 19:18:29.649,2025-05-20 19:18:29.649
1,"Southern Nations, Nationalities, and Peoples'",70,ET,Ethiopia,SN,region,6.5156911,36.954107,2025-05-20 19:18:29.649,1,2025-05-20 19:18:29.649,1,,-05:00:00,-05:00:00,2025-05-20 19:18:29.649,2025-05-20 19:18:29.649
4,Tigray,70,ET,Ethiopia,TI,region,14.0323336,38.3165725,2025-05-20 19:18:29.649,1,2025-05-20 19:18:29.649,1,,-05:00:00,-05:00:00,2025-05-20 19:18:29.649,2025-05-20 19:18:29.649
5229,Eysturoy,72,FO,Faroe Islands,EY,region,62.1978737,-7.1823906,2025-05-20 19:18:29.649,1,2025-05-20 19:18:29.649,1,,-05:00:00,-05:00:00,2025-05-20 19:18:29.649,2025-05-20 19:18:29.649
5230,Northern Isles,72,FO,Faroe Islands,NO,region,62.2805689,6.7017061,2025-05-20 19:18:29.649,1,2025-05-20 19:18:29.649,1,,-05:00:00,-05:00:00,2025-05-20 19:18:29.649,2025-05-20 19:18:29.649
5231,Sandoy,72,FO,Faroe Islands,SA,region,61.8365169,-6.9630166,2025-05-20 19:18:29.649,1,2025-05-20 19:18:29.649,1,,-05:00:00,-05:00:00,2025-05-20 19:18:29.649,2025-05-20 19:18:29.649
5232,Streymoy,72,FO,Faroe Islands,ST,region,62.123382,-7.3264108,2025-05-20 19:18:29.649,1,2025-05-20 19:18:29.649,1,,-05:00:00,-05:00:00,2025-05-20 19:18:29.649,2025-05-20 19:18:29.649
5233,Suðuroy,72,FO,Faroe Islands,SU,region,61.5211816,-7.0019014,2025-05-20 19:18:29.649,1,2025-05-20 19:18:29.649,1,,-05:00:00,-05:00:00,2025-05-20 19:18:29.649,2025-05-20 19:18:29.649
5234,Vágar,72,FO,Faroe Islands,VA,region,62.0899835,-7.4276837,2025-05-20 19:18:29.649,1,2025-05-20 19:18:29.649,1,,-05:00:00,-05:00:00,2025-05-20 19:18:29.649,2025-05-20 19:18:29.649
1917,Ba,73,FJ,Fiji Islands,1,province,36.0613893,-95.8005872,2025-05-20 19:18:29.649,1,2025-05-20 19:18:29.649,1,,-05:00:00,-05:00:00,2025-05-20 19:18:29.649,2025-05-20 19:18:29.649
1930,Bua,73,FJ,Fiji Islands,2,province,43.0964584,-89.50088,2025-05-20 19:18:29.649,1,2025-05-20 19:18:29.649,1,,-05:00:00,-05:00:00,2025-05-20 19:18:29.649,2025-05-20 19:18:29.649
1924,Cakaudrove,73,FJ,Fiji Islands,3,province,-16.5814105,179.5120084,2025-05-20 19:18:29.649,1,2025-05-20 19:18:29.649,1,,-05:00:00,-05:00:00,2025-05-20 19:18:29.649,2025-05-20 19:18:29.649
1929,Central,73,FJ,Fiji Islands,C,division,34.0440066,-118.2472738,2025-05-20 19:18:29.649,1,2025-05-20 19:18:29.649,1,,-05:00:00,-05:00:00,2025-05-20 19:18:29.649,2025-05-20 19:18:29.649
1932,Eastern,73,FJ,Fiji Islands,E,division,32.8094305,-117.1289937,2025-05-20 19:18:29.649,1,2025-05-20 19:18:29.649,1,,-05:00:00,-05:00:00,2025-05-20 19:18:29.649,2025-05-20 19:18:29.649
1934,Kadavu,73,FJ,Fiji Islands,4,province,-19.0127122,178.1876676,2025-05-20 19:18:29.649,1,2025-05-20 19:18:29.649,1,,-05:00:00,-05:00:00,2025-05-20 19:18:29.649,2025-05-20 19:18:29.649
1933,Lau,73,FJ,Fiji Islands,5,province,31.6687015,-106.3955763,2025-05-20 19:18:29.649,1,2025-05-20 19:18:29.649,1,,-05:00:00,-05:00:00,2025-05-20 19:18:29.649,2025-05-20 19:18:29.649
1916,Lomaiviti,73,FJ,Fiji Islands,6,province,-17.709,179.091,2025-05-20 19:18:29.649,1,2025-05-20 19:18:29.649,1,,-05:00:00,-05:00:00,2025-05-20 19:18:29.649,2025-05-20 19:18:29.649
1922,Macuata,73,FJ,Fiji Islands,7,province,-16.4864922,179.2847251,2025-05-20 19:18:29.649,1,2025-05-20 19:18:29.649,1,,-05:00:00,-05:00:00,2025-05-20 19:18:29.649,2025-05-20 19:18:29.649
1919,Nadroga-Navosa,73,FJ,Fiji Islands,8,province,-17.9865278,177.658113,2025-05-20 19:18:29.649,1,2025-05-20 19:18:29.649,1,,-05:00:00,-05:00:00,2025-05-20 19:18:29.649,2025-05-20 19:18:29.649
1927,Naitasiri,73,FJ,Fiji Islands,9,province,-17.8975754,178.2071598,2025-05-20 19:18:29.649,1,2025-05-20 19:18:29.649,1,,-05:00:00,-05:00:00,2025-05-20 19:18:29.649,2025-05-20 19:18:29.649
1928,Namosi,73,FJ,Fiji Islands,10,province,-18.0864176,178.1291387,2025-05-20 19:18:29.649,1,2025-05-20 19:18:29.649,1,,-05:00:00,-05:00:00,2025-05-20 19:18:29.649,2025-05-20 19:18:29.649
1921,Northern,73,FJ,Fiji Islands,N,division,32.8768766,-117.2156345,2025-05-20 19:18:29.649,1,2025-05-20 19:18:29.649,1,,-05:00:00,-05:00:00,2025-05-20 19:18:29.649,2025-05-20 19:18:29.649
1926,Ra,73,FJ,Fiji Islands,11,province,37.1003153,-95.6744246,2025-05-20 19:18:29.649,1,2025-05-20 19:18:29.649,1,,-05:00:00,-05:00:00,2025-05-20 19:18:29.649,2025-05-20 19:18:29.649
1920,Rewa,73,FJ,Fiji Islands,12,province,34.7923517,-82.3609264,2025-05-20 19:18:29.649,1,2025-05-20 19:18:29.649,1,,-05:00:00,-05:00:00,2025-05-20 19:18:29.649,2025-05-20 19:18:29.649
1931,Rotuma,73,FJ,Fiji Islands,R,dependency,-12.5025069,177.0724164,2025-05-20 19:18:29.649,1,2025-05-20 19:18:29.649,1,,-05:00:00,-05:00:00,2025-05-20 19:18:29.649,2025-05-20 19:18:29.649
1925,Serua,73,FJ,Fiji Islands,13,province,-18.1804749,178.050979,2025-05-20 19:18:29.649,1,2025-05-20 19:18:29.649,1,,-05:00:00,-05:00:00,2025-05-20 19:18:29.649,2025-05-20 19:18:29.649
1918,Tailevu,73,FJ,Fiji Islands,14,province,-17.8269111,178.293248,2025-05-20 19:18:29.649,1,2025-05-20 19:18:29.649,1,,-05:00:00,-05:00:00,2025-05-20 19:18:29.649,2025-05-20 19:18:29.649
1923,Western,73,FJ,Fiji Islands,W,division,42.9662198,-78.7021134,2025-05-20 19:18:29.649,1,2025-05-20 19:18:29.649,1,,-05:00:00,-05:00:00,2025-05-20 19:18:29.649,2025-05-20 19:18:29.649
1509,Åland Islands,74,FI,Finland,1,region,60.1785247,19.9156105,2025-05-20 19:18:29.649,1,2025-05-20 19:18:29.649,1,,-05:00:00,-05:00:00,2025-05-20 19:18:29.649,2025-05-20 19:18:29.649
1511,Central Finland,74,FI,Finland,8,region,62.5666743,25.5549445,2025-05-20 19:18:29.649,1,2025-05-20 19:18:29.649,1,,-05:00:00,-05:00:00,2025-05-20 19:18:29.649,2025-05-20 19:18:29.649
1494,Central Ostrobothnia,74,FI,Finland,7,region,63.5621735,24.0013631,2025-05-20 19:18:29.649,1,2025-05-20 19:18:29.649,1,,-05:00:00,-05:00:00,2025-05-20 19:18:29.649,2025-05-20 19:18:29.649
1507,Finland Proper,74,FI,Finland,19,region,60.3627914,22.4439369,2025-05-20 19:18:29.649,1,2025-05-20 19:18:29.649,1,,-05:00:00,-05:00:00,2025-05-20 19:18:29.649,2025-05-20 19:18:29.649
1496,Kainuu,74,FI,Finland,5,region,64.3736564,28.7437475,2025-05-20 19:18:29.649,1,2025-05-20 19:18:29.649,1,,-05:00:00,-05:00:00,2025-05-20 19:18:29.649,2025-05-20 19:18:29.649
1512,Kymenlaakso,74,FI,Finland,9,region,60.780512,26.8829336,2025-05-20 19:18:29.649,1,2025-05-20 19:18:29.649,1,,-05:00:00,-05:00:00,2025-05-20 19:18:29.649,2025-05-20 19:18:29.649
1500,Lapland,74,FI,Finland,10,region,67.9222304,26.5046438,2025-05-20 19:18:29.649,1,2025-05-20 19:18:29.649,1,,-05:00:00,-05:00:00,2025-05-20 19:18:29.649,2025-05-20 19:18:29.649
1504,North Karelia,74,FI,Finland,13,region,62.8062078,30.1553887,2025-05-20 19:18:29.649,1,2025-05-20 19:18:29.649,1,,-05:00:00,-05:00:00,2025-05-20 19:18:29.649,2025-05-20 19:18:29.649
1505,Northern Ostrobothnia,74,FI,Finland,14,region,65.279493,26.2890417,2025-05-20 19:18:29.649,1,2025-05-20 19:18:29.649,1,,-05:00:00,-05:00:00,2025-05-20 19:18:29.649,2025-05-20 19:18:29.649
1503,Northern Savonia,74,FI,Finland,15,region,63.08448,27.0253504,2025-05-20 19:18:29.649,1,2025-05-20 19:18:29.649,1,,-05:00:00,-05:00:00,2025-05-20 19:18:29.649,2025-05-20 19:18:29.649
1508,Ostrobothnia,74,FI,Finland,12,region,63.1181757,21.9061062,2025-05-20 19:18:29.649,1,2025-05-20 19:18:29.649,1,,-05:00:00,-05:00:00,2025-05-20 19:18:29.649,2025-05-20 19:18:29.649
1502,Päijänne Tavastia,74,FI,Finland,16,region,61.3230041,25.7322496,2025-05-20 19:18:29.649,1,2025-05-20 19:18:29.649,1,,-05:00:00,-05:00:00,2025-05-20 19:18:29.649,2025-05-20 19:18:29.649
1506,Pirkanmaa,74,FI,Finland,11,region,61.6986918,23.7895598,2025-05-20 19:18:29.649,1,2025-05-20 19:18:29.649,1,,-05:00:00,-05:00:00,2025-05-20 19:18:29.649,2025-05-20 19:18:29.649
1501,Satakunta,74,FI,Finland,17,region,61.5932758,22.1483081,2025-05-20 19:18:29.649,1,2025-05-20 19:18:29.649,1,,-05:00:00,-05:00:00,2025-05-20 19:18:29.649,2025-05-20 19:18:29.649
1497,South Karelia,74,FI,Finland,2,region,61.1181949,28.1024372,2025-05-20 19:18:29.649,1,2025-05-20 19:18:29.649,1,,-05:00:00,-05:00:00,2025-05-20 19:18:29.649,2025-05-20 19:18:29.649
1498,Southern Ostrobothnia,74,FI,Finland,3,region,62.9433099,23.5285267,2025-05-20 19:18:29.649,1,2025-05-20 19:18:29.649,1,,-05:00:00,-05:00:00,2025-05-20 19:18:29.649,2025-05-20 19:18:29.649
1495,Southern Savonia,74,FI,Finland,4,region,61.6945148,27.8005015,2025-05-20 19:18:29.649,1,2025-05-20 19:18:29.649,1,,-05:00:00,-05:00:00,2025-05-20 19:18:29.649,2025-05-20 19:18:29.649
1493,Tavastia Proper,74,FI,Finland,6,region,60.907015,24.3005498,2025-05-20 19:18:29.649,1,2025-05-20 19:18:29.649,1,,-05:00:00,-05:00:00,2025-05-20 19:18:29.649,2025-05-20 19:18:29.649
1510,Uusimaa,74,FI,Finland,18,region,60.21872,25.271621,2025-05-20 19:18:29.649,1,2025-05-20 19:18:29.649,1,,-05:00:00,-05:00:00,2025-05-20 19:18:29.649,2025-05-20 19:18:29.649
4967,Ain,75,FR,France,1,metropolitan department,46.065086,4.888615,2025-05-20 19:18:29.649,1,2025-05-20 19:18:29.649,1,,-05:00:00,-05:00:00,2025-05-20 19:18:29.649,2025-05-20 19:18:29.649
4968,Aisne,75,FR,France,2,metropolitan department,49.4528921,3.0465111,2025-05-20 19:18:29.649,1,2025-05-20 19:18:29.649,1,,-05:00:00,-05:00:00,2025-05-20 19:18:29.649,2025-05-20 19:18:29.649
4969,Allier,75,FR,France,3,metropolitan department,46.3670863,2.5808277,2025-05-20 19:18:29.649,1,2025-05-20 19:18:29.649,1,,-05:00:00,-05:00:00,2025-05-20 19:18:29.649,2025-05-20 19:18:29.649
4970,Alpes-de-Haute-Provence,75,FR,France,4,metropolitan department,44.1637752,5.672478,2025-05-20 19:18:29.649,1,2025-05-20 19:18:29.649,1,,-05:00:00,-05:00:00,2025-05-20 19:18:29.649,2025-05-20 19:18:29.649
4972,Alpes-Maritimes,75,FR,France,6,metropolitan department,43.920417,6.6167822,2025-05-20 19:18:29.649,1,2025-05-20 19:18:29.649,1,,-05:00:00,-05:00:00,2025-05-20 19:18:29.649,2025-05-20 19:18:29.649
4811,Alsace,75,FR,France,6AE,European collectivity,48.3181795,7.4416241,2025-05-20 19:18:29.649,1,2025-05-20 19:18:29.649,1,,-05:00:00,-05:00:00,2025-05-20 19:18:29.649,2025-05-20 19:18:29.649
4973,Ardèche,75,FR,France,7,metropolitan department,44.8148695,3.8133483,2025-05-20 19:18:29.649,1,2025-05-20 19:18:29.649,1,,-05:00:00,-05:00:00,2025-05-20 19:18:29.649,2025-05-20 19:18:29.649
4974,Ardennes,75,FR,France,8,metropolitan department,49.6975951,4.1489576,2025-05-20 19:18:29.649,1,2025-05-20 19:18:29.649,1,,-05:00:00,-05:00:00,2025-05-20 19:18:29.649,2025-05-20 19:18:29.649
4975,Ariège,75,FR,France,9,metropolitan department,42.9434783,0.9404864,2025-05-20 19:18:29.649,1,2025-05-20 19:18:29.649,1,,-05:00:00,-05:00:00,2025-05-20 19:18:29.649,2025-05-20 19:18:29.649
4976,Aube,75,FR,France,10,metropolitan department,48.3197547,3.5637104,2025-05-20 19:18:29.649,1,2025-05-20 19:18:29.649,1,,-05:00:00,-05:00:00,2025-05-20 19:18:29.649,2025-05-20 19:18:29.649
4977,Aude,75,FR,France,11,metropolitan department,43.054114,1.9038476,2025-05-20 19:18:29.649,1,2025-05-20 19:18:29.649,1,,-05:00:00,-05:00:00,2025-05-20 19:18:29.649,2025-05-20 19:18:29.649
4798,Auvergne-Rhône-Alpes,75,FR,France,ARA,metropolitan region,45.4471431,4.3852507,2025-05-20 19:18:29.649,1,2025-05-20 19:18:29.649,1,,-05:00:00,-05:00:00,2025-05-20 19:18:29.649,2025-05-20 19:18:29.649
4978,Aveyron,75,FR,France,12,metropolitan department,44.3156362,2.0852379,2025-05-20 19:18:29.649,1,2025-05-20 19:18:29.649,1,,-05:00:00,-05:00:00,2025-05-20 19:18:29.649,2025-05-20 19:18:29.649
5035,Bas-Rhin,75,FR,France,67,metropolitan department,48.5986444,7.0266676,2025-05-20 19:18:29.649,1,2025-05-20 19:18:29.649,1,,-05:00:00,-05:00:00,2025-05-20 19:18:29.649,2025-05-20 19:18:29.649
4979,Bouches-du-Rhône,75,FR,France,13,metropolitan department,43.5403865,4.4613829,2025-05-20 19:18:29.649,1,2025-05-20 19:18:29.649,1,,-05:00:00,-05:00:00,2025-05-20 19:18:29.649,2025-05-20 19:18:29.649
4825,Bourgogne-Franche-Comté,75,FR,France,BFC,metropolitan region,47.2805127,4.9994372,2025-05-20 19:18:29.649,1,2025-05-20 19:18:29.649,1,,-05:00:00,-05:00:00,2025-05-20 19:18:29.649,2025-05-20 19:18:29.649
4807,Bretagne,75,FR,France,BRE,metropolitan region,48.2020471,-2.9326435,2025-05-20 19:18:29.649,1,2025-05-20 19:18:29.649,1,,-05:00:00,-05:00:00,2025-05-20 19:18:29.649,2025-05-20 19:18:29.649
4981,Calvados,75,FR,France,14,metropolitan department,49.0903514,-0.9170648,2025-05-20 19:18:29.649,1,2025-05-20 19:18:29.649,1,,-05:00:00,-05:00:00,2025-05-20 19:18:29.649,2025-05-20 19:18:29.649
4982,Cantal,75,FR,France,15,metropolitan department,45.0492177,2.1567272,2025-05-20 19:18:29.649,1,2025-05-20 19:18:29.649,1,,-05:00:00,-05:00:00,2025-05-20 19:18:29.649,2025-05-20 19:18:29.649
4818,Centre-Val de Loire,75,FR,France,CVL,metropolitan region,47.7515686,1.6750631,2025-05-20 19:18:29.649,1,2025-05-20 19:18:29.649,1,,-05:00:00,-05:00:00,2025-05-20 19:18:29.649,2025-05-20 19:18:29.649
4983,Charente,75,FR,France,16,metropolitan department,45.6658479,-0.3184577,2025-05-20 19:18:29.649,1,2025-05-20 19:18:29.649,1,,-05:00:00,-05:00:00,2025-05-20 19:18:29.649,2025-05-20 19:18:29.649
4984,Charente-Maritime,75,FR,France,17,metropolitan department,45.7296828,-1.3388116,2025-05-20 19:18:29.649,1,2025-05-20 19:18:29.649,1,,-05:00:00,-05:00:00,2025-05-20 19:18:29.649,2025-05-20 19:18:29.649
4985,Cher,75,FR,France,18,metropolitan department,47.0243628,1.8662732,2025-05-20 19:18:29.649,1,2025-05-20 19:18:29.649,1,,-05:00:00,-05:00:00,2025-05-20 19:18:29.649,2025-05-20 19:18:29.649
5064,Clipperton,75,FR,France,CP,dependency,10.2833541,-109.2254215,2025-05-20 19:18:29.649,1,2025-05-20 19:18:29.649,1,,-05:00:00,-05:00:00,2025-05-20 19:18:29.649,2025-05-20 19:18:29.649
4986,Corrèze,75,FR,France,19,metropolitan department,45.3423707,1.3171733,2025-05-20 19:18:29.649,1,2025-05-20 19:18:29.649,1,,-05:00:00,-05:00:00,2025-05-20 19:18:29.649,2025-05-20 19:18:29.649
4806,Corse,75,FR,France,20R,metropolitan collectivity with special status,42.0396042,9.0128926,2025-05-20 19:18:29.649,1,2025-05-20 19:18:29.649,1,,-05:00:00,-05:00:00,2025-05-20 19:18:29.649,2025-05-20 19:18:29.649
4996,Corse-du-Sud,75,FR,France,2A,metropolitan department,41.8572055,8.4109183,2025-05-20 19:18:29.649,1,2025-05-20 19:18:29.649,1,,-05:00:00,-05:00:00,2025-05-20 19:18:29.649,2025-05-20 19:18:29.649
4987,Côte-d'Or,75,FR,France,21,metropolitan department,47.4651302,4.2315495,2025-05-20 19:18:29.649,1,2025-05-20 19:18:29.649,1,,-05:00:00,-05:00:00,2025-05-20 19:18:29.649,2025-05-20 19:18:29.649
4988,Côtes-d'Armor,75,FR,France,22,metropolitan department,48.4663336,-3.3478961,2025-05-20 19:18:29.649,1,2025-05-20 19:18:29.649,1,,-05:00:00,-05:00:00,2025-05-20 19:18:29.649,2025-05-20 19:18:29.649
4989,Creuse,75,FR,France,23,metropolitan department,46.0590394,1.431505,2025-05-20 19:18:29.649,1,2025-05-20 19:18:29.649,1,,-05:00:00,-05:00:00,2025-05-20 19:18:29.649,2025-05-20 19:18:29.649
5047,Deux-Sèvres,75,FR,France,79,metropolitan department,46.5386817,-0.9019948,2025-05-20 19:18:29.649,1,2025-05-20 19:18:29.649,1,,-05:00:00,-05:00:00,2025-05-20 19:18:29.649,2025-05-20 19:18:29.649
4990,Dordogne,75,FR,France,24,metropolitan department,45.1423416,0.1427408,2025-05-20 19:18:29.649,1,2025-05-20 19:18:29.649,1,,-05:00:00,-05:00:00,2025-05-20 19:18:29.649,2025-05-20 19:18:29.649
4991,Doubs,75,FR,France,25,metropolitan department,46.9321774,6.3476214,2025-05-20 19:18:29.649,1,2025-05-20 19:18:29.649,1,,-05:00:00,-05:00:00,2025-05-20 19:18:29.649,2025-05-20 19:18:29.649
4992,Drôme,75,FR,France,26,metropolitan department,44.7293357,4.6782158,2025-05-20 19:18:29.649,1,2025-05-20 19:18:29.649,1,,-05:00:00,-05:00:00,2025-05-20 19:18:29.649,2025-05-20 19:18:29.649
5059,Essonne,75,FR,France,91,metropolitan department,48.5304615,1.9699056,2025-05-20 19:18:29.649,1,2025-05-20 19:18:29.649,1,,-05:00:00,-05:00:00,2025-05-20 19:18:29.649,2025-05-20 19:18:29.649
4993,Eure,75,FR,France,27,metropolitan department,49.0754035,0.4893732,2025-05-20 19:18:29.649,1,2025-05-20 19:18:29.649,1,,-05:00:00,-05:00:00,2025-05-20 19:18:29.649,2025-05-20 19:18:29.649
4994,Eure-et-Loir,75,FR,France,28,metropolitan department,48.4469784,0.8147025,2025-05-20 19:18:29.649,1,2025-05-20 19:18:29.649,1,,-05:00:00,-05:00:00,2025-05-20 19:18:29.649,2025-05-20 19:18:29.649
4995,Finistère,75,FR,France,29,metropolitan department,48.226961,-4.8243733,2025-05-20 19:18:29.649,1,2025-05-20 19:18:29.649,1,,-05:00:00,-05:00:00,2025-05-20 19:18:29.649,2025-05-20 19:18:29.649
4822,French Guiana,75,FR,France,973,overseas region,3.933889,-53.125782,2025-05-20 19:18:29.649,1,2025-05-20 19:18:29.649,1,,-05:00:00,-05:00:00,2025-05-20 19:18:29.649,2025-05-20 19:18:29.649
4824,French Polynesia,75,FR,France,PF,overseas collectivity,-17.679742,-149.406843,2025-05-20 19:18:29.649,1,2025-05-20 19:18:29.649,1,,-05:00:00,-05:00:00,2025-05-20 19:18:29.649,2025-05-20 19:18:29.649
5065,French Southern and Antarctic Lands,75,FR,France,TF,overseas territory,-47.5446604,51.2837542,2025-05-20 19:18:29.649,1,2025-05-20 19:18:29.649,1,,-05:00:00,-05:00:00,2025-05-20 19:18:29.649,2025-05-20 19:18:29.649
4998,Gard,75,FR,France,30,metropolitan department,43.9595276,3.4935681,2025-05-20 19:18:29.649,1,2025-05-20 19:18:29.649,1,,-05:00:00,-05:00:00,2025-05-20 19:18:29.649,2025-05-20 19:18:29.649
5000,Gers,75,FR,France,32,metropolitan department,43.6950534,-0.0999728,2025-05-20 19:18:29.649,1,2025-05-20 19:18:29.649,1,,-05:00:00,-05:00:00,2025-05-20 19:18:29.649,2025-05-20 19:18:29.649
5001,Gironde,75,FR,France,33,metropolitan department,44.8958469,-1.5940532,2025-05-20 19:18:29.649,1,2025-05-20 19:18:29.649,1,,-05:00:00,-05:00:00,2025-05-20 19:18:29.649,2025-05-20 19:18:29.649
4820,Grand-Est,75,FR,France,GES,metropolitan region,48.699803,6.1878074,2025-05-20 19:18:29.649,1,2025-05-20 19:18:29.649,1,,-05:00:00,-05:00:00,2025-05-20 19:18:29.649,2025-05-20 19:18:29.649
4829,Guadeloupe,75,FR,France,971,overseas region,16.265,-61.551,2025-05-20 19:18:29.649,1,2025-05-20 19:18:29.649,1,,-05:00:00,-05:00:00,2025-05-20 19:18:29.649,2025-05-20 19:18:29.649
5036,Haut-Rhin,75,FR,France,68,metropolitan department,47.8653774,6.6711381,2025-05-20 19:18:29.649,1,2025-05-20 19:18:29.649,1,,-05:00:00,-05:00:00,2025-05-20 19:18:29.649,2025-05-20 19:18:29.649
4997,Haute-Corse,75,FR,France,2B,metropolitan department,42.4295866,8.5062561,2025-05-20 19:18:29.649,1,2025-05-20 19:18:29.649,1,,-05:00:00,-05:00:00,2025-05-20 19:18:29.649,2025-05-20 19:18:29.649
4999,Haute-Garonne,75,FR,France,31,metropolitan department,43.3050555,0.6845515,2025-05-20 19:18:29.649,1,2025-05-20 19:18:29.649,1,,-05:00:00,-05:00:00,2025-05-20 19:18:29.649,2025-05-20 19:18:29.649
5011,Haute-Loire,75,FR,France,43,metropolitan department,45.0853806,3.2260707,2025-05-20 19:18:29.649,1,2025-05-20 19:18:29.649,1,,-05:00:00,-05:00:00,2025-05-20 19:18:29.649,2025-05-20 19:18:29.649
5020,Haute-Marne,75,FR,France,52,metropolitan department,48.1324821,4.6983499,2025-05-20 19:18:29.649,1,2025-05-20 19:18:29.649,1,,-05:00:00,-05:00:00,2025-05-20 19:18:29.649,2025-05-20 19:18:29.649
5039,Haute-Saône,75,FR,France,70,metropolitan department,47.6378996,5.5355055,2025-05-20 19:18:29.649,1,2025-05-20 19:18:29.649,1,,-05:00:00,-05:00:00,2025-05-20 19:18:29.649,2025-05-20 19:18:29.649
5043,Haute-Savoie,75,FR,France,74,metropolitan department,46.0445277,5.864138,2025-05-20 19:18:29.649,1,2025-05-20 19:18:29.649,1,,-05:00:00,-05:00:00,2025-05-20 19:18:29.649,2025-05-20 19:18:29.649
5055,Haute-Vienne,75,FR,France,87,metropolitan department,45.9186878,0.7097206,2025-05-20 19:18:29.649,1,2025-05-20 19:18:29.649,1,,-05:00:00,-05:00:00,2025-05-20 19:18:29.649,2025-05-20 19:18:29.649
4971,Hautes-Alpes,75,FR,France,5,metropolitan department,44.6562682,5.6873211,2025-05-20 19:18:29.649,1,2025-05-20 19:18:29.649,1,,-05:00:00,-05:00:00,2025-05-20 19:18:29.649,2025-05-20 19:18:29.649
5033,Hautes-Pyrénées,75,FR,France,65,metropolitan department,43.1429462,-0.4009736,2025-05-20 19:18:29.649,1,2025-05-20 19:18:29.649,1,,-05:00:00,-05:00:00,2025-05-20 19:18:29.649,2025-05-20 19:18:29.649
4828,Hauts-de-France,75,FR,France,HDF,metropolitan region,50.4801153,2.7937265,2025-05-20 19:18:29.649,1,2025-05-20 19:18:29.649,1,,-05:00:00,-05:00:00,2025-05-20 19:18:29.649,2025-05-20 19:18:29.649
5060,Hauts-de-Seine,75,FR,France,92,metropolitan department,48.8403008,2.1012559,2025-05-20 19:18:29.649,1,2025-05-20 19:18:29.649,1,,-05:00:00,-05:00:00,2025-05-20 19:18:29.649,2025-05-20 19:18:29.649
5002,Hérault,75,FR,France,34,metropolitan department,43.591112,2.8066108,2025-05-20 19:18:29.649,1,2025-05-20 19:18:29.649,1,,-05:00:00,-05:00:00,2025-05-20 19:18:29.649,2025-05-20 19:18:29.649
4796,Île-de-France,75,FR,France,IDF,metropolitan region,48.8499198,2.6370411,2025-05-20 19:18:29.649,1,2025-05-20 19:18:29.649,1,,-05:00:00,-05:00:00,2025-05-20 19:18:29.649,2025-05-20 19:18:29.649
5003,Ille-et-Vilaine,75,FR,France,35,metropolitan department,48.1762484,-2.2130401,2025-05-20 19:18:29.649,1,2025-05-20 19:18:29.649,1,,-05:00:00,-05:00:00,2025-05-20 19:18:29.649,2025-05-20 19:18:29.649
5004,Indre,75,FR,France,36,metropolitan department,46.811755,0.9755523,2025-05-20 19:18:29.649,1,2025-05-20 19:18:29.649,1,,-05:00:00,-05:00:00,2025-05-20 19:18:29.649,2025-05-20 19:18:29.649
5005,Indre-et-Loire,75,FR,France,37,metropolitan department,47.2228582,0.1489619,2025-05-20 19:18:29.649,1,2025-05-20 19:18:29.649,1,,-05:00:00,-05:00:00,2025-05-20 19:18:29.649,2025-05-20 19:18:29.649
5006,Isère,75,FR,France,38,metropolitan department,45.2892271,4.9902355,2025-05-20 19:18:29.649,1,2025-05-20 19:18:29.649,1,,-05:00:00,-05:00:00,2025-05-20 19:18:29.649,2025-05-20 19:18:29.649
5007,Jura,75,FR,France,39,metropolitan department,46.7828741,5.1691844,2025-05-20 19:18:29.649,1,2025-05-20 19:18:29.649,1,,-05:00:00,-05:00:00,2025-05-20 19:18:29.649,2025-05-20 19:18:29.649
4823,La Réunion,75,FR,France,974,overseas region,-21.115141,55.536384,2025-05-20 19:18:29.649,1,2025-05-20 19:18:29.649,1,,-05:00:00,-05:00:00,2025-05-20 19:18:29.649,2025-05-20 19:18:29.649
5008,Landes,75,FR,France,40,metropolitan department,44.009508,-1.2538579,2025-05-20 19:18:29.649,1,2025-05-20 19:18:29.649,1,,-05:00:00,-05:00:00,2025-05-20 19:18:29.649,2025-05-20 19:18:29.649
5009,Loir-et-Cher,75,FR,France,41,metropolitan department,47.659376,0.8537631,2025-05-20 19:18:29.649,1,2025-05-20 19:18:29.649,1,,-05:00:00,-05:00:00,2025-05-20 19:18:29.649,2025-05-20 19:18:29.649
5010,Loire,75,FR,France,42,metropolitan department,46.3522812,-1.1756339,2025-05-20 19:18:29.649,1,2025-05-20 19:18:29.649,1,,-05:00:00,-05:00:00,2025-05-20 19:18:29.649,2025-05-20 19:18:29.649
5012,Loire-Atlantique,75,FR,France,44,metropolitan department,47.3475721,-2.3466312,2025-05-20 19:18:29.649,1,2025-05-20 19:18:29.649,1,,-05:00:00,-05:00:00,2025-05-20 19:18:29.649,2025-05-20 19:18:29.649
5013,Loiret,75,FR,France,45,metropolitan department,47.9135431,1.760099,2025-05-20 19:18:29.649,1,2025-05-20 19:18:29.649,1,,-05:00:00,-05:00:00,2025-05-20 19:18:29.649,2025-05-20 19:18:29.649
5014,Lot,75,FR,France,46,metropolitan department,44.624607,1.0357631,2025-05-20 19:18:29.649,1,2025-05-20 19:18:29.649,1,,-05:00:00,-05:00:00,2025-05-20 19:18:29.649,2025-05-20 19:18:29.649
5015,Lot-et-Garonne,75,FR,France,47,metropolitan department,44.3687314,-0.0916169,2025-05-20 19:18:29.649,1,2025-05-20 19:18:29.649,1,,-05:00:00,-05:00:00,2025-05-20 19:18:29.649,2025-05-20 19:18:29.649
5016,Lozère,75,FR,France,48,metropolitan department,44.5422779,2.9293459,2025-05-20 19:18:29.649,1,2025-05-20 19:18:29.649,1,,-05:00:00,-05:00:00,2025-05-20 19:18:29.649,2025-05-20 19:18:29.649
5017,Maine-et-Loire,75,FR,France,49,metropolitan department,47.3890034,-1.1202527,2025-05-20 19:18:29.649,1,2025-05-20 19:18:29.649,1,,-05:00:00,-05:00:00,2025-05-20 19:18:29.649,2025-05-20 19:18:29.649
5018,Manche,75,FR,France,50,metropolitan department,49.0881734,-2.4627209,2025-05-20 19:18:29.649,1,2025-05-20 19:18:29.649,1,,-05:00:00,-05:00:00,2025-05-20 19:18:29.649,2025-05-20 19:18:29.649
5019,Marne,75,FR,France,51,metropolitan department,48.9610745,3.6573767,2025-05-20 19:18:29.649,1,2025-05-20 19:18:29.649,1,,-05:00:00,-05:00:00,2025-05-20 19:18:29.649,2025-05-20 19:18:29.649
4827,Martinique,75,FR,France,972,overseas region,14.641528,-61.024174,2025-05-20 19:18:29.649,1,2025-05-20 19:18:29.649,1,,-05:00:00,-05:00:00,2025-05-20 19:18:29.649,2025-05-20 19:18:29.649
5021,Mayenne,75,FR,France,53,metropolitan department,48.3066842,-0.6490182,2025-05-20 19:18:29.649,1,2025-05-20 19:18:29.649,1,,-05:00:00,-05:00:00,2025-05-20 19:18:29.649,2025-05-20 19:18:29.649
4797,Mayotte,75,FR,France,976,overseas region,-12.8275,45.166244,2025-05-20 19:18:29.649,1,2025-05-20 19:18:29.649,1,,-05:00:00,-05:00:00,2025-05-20 19:18:29.649,2025-05-20 19:18:29.649
5038,Métropole de Lyon,75,FR,France,69M,metropolitan collectivity with special status,45.7482629,4.5958404,2025-05-20 19:18:29.649,1,2025-05-20 19:18:29.649,1,,-05:00:00,-05:00:00,2025-05-20 19:18:29.649,2025-05-20 19:18:29.649
5022,Meurthe-et-Moselle,75,FR,France,54,metropolitan department,48.9556615,5.714235,2025-05-20 19:18:29.649,1,2025-05-20 19:18:29.649,1,,-05:00:00,-05:00:00,2025-05-20 19:18:29.649,2025-05-20 19:18:29.649
5023,Meuse,75,FR,France,55,metropolitan department,49.012462,4.8108734,2025-05-20 19:18:29.649,1,2025-05-20 19:18:29.649,1,,-05:00:00,-05:00:00,2025-05-20 19:18:29.649,2025-05-20 19:18:29.649
5024,Morbihan,75,FR,France,56,metropolitan department,47.7439518,-3.4455524,2025-05-20 19:18:29.649,1,2025-05-20 19:18:29.649,1,,-05:00:00,-05:00:00,2025-05-20 19:18:29.649,2025-05-20 19:18:29.649
5025,Moselle,75,FR,France,57,metropolitan department,49.0204566,6.2055322,2025-05-20 19:18:29.649,1,2025-05-20 19:18:29.649,1,,-05:00:00,-05:00:00,2025-05-20 19:18:29.649,2025-05-20 19:18:29.649
5026,Nièvre,75,FR,France,58,metropolitan department,47.1192164,2.9779713,2025-05-20 19:18:29.649,1,2025-05-20 19:18:29.649,1,,-05:00:00,-05:00:00,2025-05-20 19:18:29.649,2025-05-20 19:18:29.649
5027,Nord,75,FR,France,59,metropolitan department,50.5285477,2.6000776,2025-05-20 19:18:29.649,1,2025-05-20 19:18:29.649,1,,-05:00:00,-05:00:00,2025-05-20 19:18:29.649,2025-05-20 19:18:29.649
4804,Normandie,75,FR,France,NOR,metropolitan region,48.8798704,0.1712529,2025-05-20 19:18:29.649,1,2025-05-20 19:18:29.649,1,,-05:00:00,-05:00:00,2025-05-20 19:18:29.649,2025-05-20 19:18:29.649
4795,Nouvelle-Aquitaine,75,FR,France,NAQ,metropolitan region,45.7087182,0.626891,2025-05-20 19:18:29.649,1,2025-05-20 19:18:29.649,1,,-05:00:00,-05:00:00,2025-05-20 19:18:29.649,2025-05-20 19:18:29.649
4799,Occitanie,75,FR,France,OCC,metropolitan region,43.8927232,3.2827625,2025-05-20 19:18:29.649,1,2025-05-20 19:18:29.649,1,,-05:00:00,-05:00:00,2025-05-20 19:18:29.649,2025-05-20 19:18:29.649
5028,Oise,75,FR,France,60,metropolitan department,49.4117335,1.8668825,2025-05-20 19:18:29.649,1,2025-05-20 19:18:29.649,1,,-05:00:00,-05:00:00,2025-05-20 19:18:29.649,2025-05-20 19:18:29.649
5029,Orne,75,FR,France,61,metropolitan department,48.5757644,-0.5024295,2025-05-20 19:18:29.649,1,2025-05-20 19:18:29.649,1,,-05:00:00,-05:00:00,2025-05-20 19:18:29.649,2025-05-20 19:18:29.649
4816,Paris,75,FR,France,75C,metropolitan collectivity with special status,48.856614,2.3522219,2025-05-20 19:18:29.649,1,2025-05-20 19:18:29.649,1,,-05:00:00,-05:00:00,2025-05-20 19:18:29.649,2025-05-20 19:18:29.649
5030,Pas-de-Calais,75,FR,France,62,metropolitan department,50.5144699,1.811498,2025-05-20 19:18:29.649,1,2025-05-20 19:18:29.649,1,,-05:00:00,-05:00:00,2025-05-20 19:18:29.649,2025-05-20 19:18:29.649
4802,Pays-de-la-Loire,75,FR,France,PDL,metropolitan region,47.7632836,-0.3299687,2025-05-20 19:18:29.649,1,2025-05-20 19:18:29.649,1,,-05:00:00,-05:00:00,2025-05-20 19:18:29.649,2025-05-20 19:18:29.649
4812,Provence-Alpes-Côte-d’Azur,75,FR,France,PAC,metropolitan region,43.9351691,6.0679194,2025-05-20 19:18:29.649,1,2025-05-20 19:18:29.649,1,,-05:00:00,-05:00:00,2025-05-20 19:18:29.649,2025-05-20 19:18:29.649
5031,Puy-de-Dôme,75,FR,France,63,metropolitan department,45.7714185,2.6262676,2025-05-20 19:18:29.649,1,2025-05-20 19:18:29.649,1,,-05:00:00,-05:00:00,2025-05-20 19:18:29.649,2025-05-20 19:18:29.649
5032,Pyrénées-Atlantiques,75,FR,France,64,metropolitan department,43.186817,-1.4417071,2025-05-20 19:18:29.649,1,2025-05-20 19:18:29.649,1,,-05:00:00,-05:00:00,2025-05-20 19:18:29.649,2025-05-20 19:18:29.649
5034,Pyrénées-Orientales,75,FR,France,66,metropolitan department,42.6254179,1.8892958,2025-05-20 19:18:29.649,1,2025-05-20 19:18:29.649,1,,-05:00:00,-05:00:00,2025-05-20 19:18:29.649,2025-05-20 19:18:29.649
5037,Rhône,75,FR,France,69,metropolitan department,44.93433,4.2409329,2025-05-20 19:18:29.649,1,2025-05-20 19:18:29.649,1,,-05:00:00,-05:00:00,2025-05-20 19:18:29.649,2025-05-20 19:18:29.649
4821,Saint Pierre and Miquelon,75,FR,France,PM,overseas collectivity,46.8852,-56.3159,2025-05-20 19:18:29.649,1,2025-05-20 19:18:29.649,1,,-05:00:00,-05:00:00,2025-05-20 19:18:29.649,2025-05-20 19:18:29.649
4794,Saint-Barthélemy,75,FR,France,BL,overseas collectivity,17.9005134,-62.8205871,2025-05-20 19:18:29.649,1,2025-05-20 19:18:29.649,1,,-05:00:00,-05:00:00,2025-05-20 19:18:29.649,2025-05-20 19:18:29.649
4809,Saint-Martin,75,FR,France,MF,overseas collectivity,18.0708298,-63.0500809,2025-05-20 19:18:29.649,1,2025-05-20 19:18:29.649,1,,-05:00:00,-05:00:00,2025-05-20 19:18:29.649,2025-05-20 19:18:29.649
5040,Saône-et-Loire,75,FR,France,71,metropolitan department,46.6554883,3.983505,2025-05-20 19:18:29.649,1,2025-05-20 19:18:29.649,1,,-05:00:00,-05:00:00,2025-05-20 19:18:29.649,2025-05-20 19:18:29.649
5041,Sarthe,75,FR,France,72,metropolitan department,48.0262733,-0.3261317,2025-05-20 19:18:29.649,1,2025-05-20 19:18:29.649,1,,-05:00:00,-05:00:00,2025-05-20 19:18:29.649,2025-05-20 19:18:29.649
5042,Savoie,75,FR,France,73,metropolitan department,45.494699,5.8432984,2025-05-20 19:18:29.649,1,2025-05-20 19:18:29.649,1,,-05:00:00,-05:00:00,2025-05-20 19:18:29.649,2025-05-20 19:18:29.649
5045,Seine-et-Marne,75,FR,France,77,metropolitan department,48.6185394,2.4152561,2025-05-20 19:18:29.649,1,2025-05-20 19:18:29.649,1,,-05:00:00,-05:00:00,2025-05-20 19:18:29.649,2025-05-20 19:18:29.649
5044,Seine-Maritime,75,FR,France,76,metropolitan department,49.6609681,0.3677561,2025-05-20 19:18:29.649,1,2025-05-20 19:18:29.649,1,,-05:00:00,-05:00:00,2025-05-20 19:18:29.649,2025-05-20 19:18:29.649
5061,Seine-Saint-Denis,75,FR,France,93,metropolitan department,48.9099318,2.3057379,2025-05-20 19:18:29.649,1,2025-05-20 19:18:29.649,1,,-05:00:00,-05:00:00,2025-05-20 19:18:29.649,2025-05-20 19:18:29.649
5048,Somme,75,FR,France,80,metropolitan department,49.9685922,1.7310696,2025-05-20 19:18:29.649,1,2025-05-20 19:18:29.649,1,,-05:00:00,-05:00:00,2025-05-20 19:18:29.649,2025-05-20 19:18:29.649
5049,Tarn,75,FR,France,81,metropolitan department,43.7914977,1.6758893,2025-05-20 19:18:29.649,1,2025-05-20 19:18:29.649,1,,-05:00:00,-05:00:00,2025-05-20 19:18:29.649,2025-05-20 19:18:29.649
5050,Tarn-et-Garonne,75,FR,France,82,metropolitan department,44.080895,1.0891657,2025-05-20 19:18:29.649,1,2025-05-20 19:18:29.649,1,,-05:00:00,-05:00:00,2025-05-20 19:18:29.649,2025-05-20 19:18:29.649
5058,Territoire de Belfort,75,FR,France,90,metropolitan department,47.6293072,6.66962,2025-05-20 19:18:29.649,1,2025-05-20 19:18:29.649,1,,-05:00:00,-05:00:00,2025-05-20 19:18:29.649,2025-05-20 19:18:29.649
5063,Val-d'Oise,75,FR,France,95,metropolitan department,49.0751818,1.8216914,2025-05-20 19:18:29.649,1,2025-05-20 19:18:29.649,1,,-05:00:00,-05:00:00,2025-05-20 19:18:29.649,2025-05-20 19:18:29.649
5062,Val-de-Marne,75,FR,France,94,metropolitan department,48.7747004,2.3221039,2025-05-20 19:18:29.649,1,2025-05-20 19:18:29.649,1,,-05:00:00,-05:00:00,2025-05-20 19:18:29.649,2025-05-20 19:18:29.649
5051,Var,75,FR,France,83,metropolitan department,43.395073,5.7342417,2025-05-20 19:18:29.649,1,2025-05-20 19:18:29.649,1,,-05:00:00,-05:00:00,2025-05-20 19:18:29.649,2025-05-20 19:18:29.649
5052,Vaucluse,75,FR,France,84,metropolitan department,44.04475,4.6427718,2025-05-20 19:18:29.649,1,2025-05-20 19:18:29.649,1,,-05:00:00,-05:00:00,2025-05-20 19:18:29.649,2025-05-20 19:18:29.649
5053,Vendée,75,FR,France,85,metropolitan department,46.6754103,-2.0298392,2025-05-20 19:18:29.649,1,2025-05-20 19:18:29.649,1,,-05:00:00,-05:00:00,2025-05-20 19:18:29.649,2025-05-20 19:18:29.649
5054,Vienne,75,FR,France,86,metropolitan department,45.5221314,4.8453136,2025-05-20 19:18:29.649,1,2025-05-20 19:18:29.649,1,,-05:00:00,-05:00:00,2025-05-20 19:18:29.649,2025-05-20 19:18:29.649
5056,Vosges,75,FR,France,88,metropolitan department,48.1630173,5.73556,2025-05-20 19:18:29.649,1,2025-05-20 19:18:29.649,1,,-05:00:00,-05:00:00,2025-05-20 19:18:29.649,2025-05-20 19:18:29.649
4810,Wallis and Futuna,75,FR,France,WF,overseas collectivity,-14.2938,-178.1165,2025-05-20 19:18:29.649,1,2025-05-20 19:18:29.649,1,,-05:00:00,-05:00:00,2025-05-20 19:18:29.649,2025-05-20 19:18:29.649
5057,Yonne,75,FR,France,89,metropolitan department,47.8547614,3.0339404,2025-05-20 19:18:29.649,1,2025-05-20 19:18:29.649,1,,-05:00:00,-05:00:00,2025-05-20 19:18:29.649,2025-05-20 19:18:29.649
5046,Yvelines,75,FR,France,78,metropolitan department,48.7615301,1.2772949,2025-05-20 19:18:29.649,1,2025-05-20 19:18:29.649,1,,-05:00:00,-05:00:00,2025-05-20 19:18:29.649,2025-05-20 19:18:29.649
5369,Austral Islands,77,PF,French Polynesia,1,division,-24.6210877,-154.7915586,2025-05-20 19:18:29.649,1,2025-05-20 19:18:29.649,1,,-05:00:00,-05:00:00,2025-05-20 19:18:29.649,2025-05-20 19:18:29.649
5370,Leeward Islands,77,PF,French Polynesia,2,division,-16.3314442,-155.4577062,2025-05-20 19:18:29.649,1,2025-05-20 19:18:29.649,1,,-05:00:00,-05:00:00,2025-05-20 19:18:29.649,2025-05-20 19:18:29.649
5371,Marquesas Islands,77,PF,French Polynesia,3,division,-9.1785299,-140.9767026,2025-05-20 19:18:29.649,1,2025-05-20 19:18:29.649,1,,-05:00:00,-05:00:00,2025-05-20 19:18:29.649,2025-05-20 19:18:29.649
5372,Tuamotu-Gambier,77,PF,French Polynesia,4,division,-18.3207157,-152.4487166,2025-05-20 19:18:29.649,1,2025-05-20 19:18:29.649,1,,-05:00:00,-05:00:00,2025-05-20 19:18:29.649,2025-05-20 19:18:29.649
5373,Windward Islands,77,PF,French Polynesia,5,division,-17.4253967,-150.6780227,2025-05-20 19:18:29.649,1,2025-05-20 19:18:29.649,1,,-05:00:00,-05:00:00,2025-05-20 19:18:29.649,2025-05-20 19:18:29.649
2727,Estuaire,79,GA,Gabon,1,province,0.4432864,10.0807298,2025-05-20 19:18:29.649,1,2025-05-20 19:18:29.649,1,,-05:00:00,-05:00:00,2025-05-20 19:18:29.649,2025-05-20 19:18:29.649
2726,Haut-Ogooué,79,GA,Gabon,2,province,-1.4762544,13.914399,2025-05-20 19:18:29.649,1,2025-05-20 19:18:29.649,1,,-05:00:00,-05:00:00,2025-05-20 19:18:29.649,2025-05-20 19:18:29.649
2730,Moyen-Ogooué,79,GA,Gabon,3,province,-0.442784,10.439656,2025-05-20 19:18:29.649,1,2025-05-20 19:18:29.649,1,,-05:00:00,-05:00:00,2025-05-20 19:18:29.649,2025-05-20 19:18:29.649
2731,Ngounié,79,GA,Gabon,4,province,-1.4930303,10.9807003,2025-05-20 19:18:29.649,1,2025-05-20 19:18:29.649,1,,-05:00:00,-05:00:00,2025-05-20 19:18:29.649,2025-05-20 19:18:29.649
2725,Nyanga,79,GA,Gabon,5,province,-2.8821033,11.1617356,2025-05-20 19:18:29.649,1,2025-05-20 19:18:29.649,1,,-05:00:00,-05:00:00,2025-05-20 19:18:29.649,2025-05-20 19:18:29.649
2724,Ogooué-Ivindo,79,GA,Gabon,6,province,0.8818311,13.1740348,2025-05-20 19:18:29.649,1,2025-05-20 19:18:29.649,1,,-05:00:00,-05:00:00,2025-05-20 19:18:29.649,2025-05-20 19:18:29.649
2729,Ogooué-Lolo,79,GA,Gabon,7,province,-0.8844093,12.4380581,2025-05-20 19:18:29.649,1,2025-05-20 19:18:29.649,1,,-05:00:00,-05:00:00,2025-05-20 19:18:29.649,2025-05-20 19:18:29.649
2728,Ogooué-Maritime,79,GA,Gabon,8,province,-1.3465975,9.7232673,2025-05-20 19:18:29.649,1,2025-05-20 19:18:29.649,1,,-05:00:00,-05:00:00,2025-05-20 19:18:29.649,2025-05-20 19:18:29.649
2723,Woleu-Ntem,79,GA,Gabon,9,province,2.2989827,11.4466914,2025-05-20 19:18:29.649,1,2025-05-20 19:18:29.649,1,,-05:00:00,-05:00:00,2025-05-20 19:18:29.649,2025-05-20 19:18:29.649
901,Abkhazia,81,GE,Georgia,AB,autonomous republic,43.0015544,41.023407,2025-05-20 19:18:29.649,1,2025-05-20 19:18:29.649,1,,-05:00:00,-05:00:00,2025-05-20 19:18:29.649,2025-05-20 19:18:29.649
900,Adjara,81,GE,Georgia,AJ,autonomous republic,41.6005626,42.0688383,2025-05-20 19:18:29.649,1,2025-05-20 19:18:29.649,1,,-05:00:00,-05:00:00,2025-05-20 19:18:29.649,2025-05-20 19:18:29.649
907,Guria,81,GE,Georgia,GU,region,41.9442736,42.0458091,2025-05-20 19:18:29.649,1,2025-05-20 19:18:29.649,1,,-05:00:00,-05:00:00,2025-05-20 19:18:29.649,2025-05-20 19:18:29.649
905,Imereti,81,GE,Georgia,IM,region,42.230108,42.9008664,2025-05-20 19:18:29.649,1,2025-05-20 19:18:29.649,1,,-05:00:00,-05:00:00,2025-05-20 19:18:29.649,2025-05-20 19:18:29.649
910,Kakheti,81,GE,Georgia,KA,region,41.6481602,45.6905554,2025-05-20 19:18:29.649,1,2025-05-20 19:18:29.649,1,,-05:00:00,-05:00:00,2025-05-20 19:18:29.649,2025-05-20 19:18:29.649
904,Kvemo Kartli,81,GE,Georgia,KK,region,41.4791833,44.6560451,2025-05-20 19:18:29.649,1,2025-05-20 19:18:29.649,1,,-05:00:00,-05:00:00,2025-05-20 19:18:29.649,2025-05-20 19:18:29.649
902,Mtskheta-Mtianeti,81,GE,Georgia,MM,region,42.1682185,44.6506058,2025-05-20 19:18:29.649,1,2025-05-20 19:18:29.649,1,,-05:00:00,-05:00:00,2025-05-20 19:18:29.649,2025-05-20 19:18:29.649
909,Racha-Lechkhumi and Kvemo Svaneti,81,GE,Georgia,RL,region,42.6718873,43.0562836,2025-05-20 19:18:29.649,1,2025-05-20 19:18:29.649,1,,-05:00:00,-05:00:00,2025-05-20 19:18:29.649,2025-05-20 19:18:29.649
908,Samegrelo-Zemo Svaneti,81,GE,Georgia,SZ,region,42.7352247,42.1689362,2025-05-20 19:18:29.649,1,2025-05-20 19:18:29.649,1,,-05:00:00,-05:00:00,2025-05-20 19:18:29.649,2025-05-20 19:18:29.649
906,Samtskhe-Javakheti,81,GE,Georgia,SJ,region,41.5479296,43.27764,2025-05-20 19:18:29.649,1,2025-05-20 19:18:29.649,1,,-05:00:00,-05:00:00,2025-05-20 19:18:29.649,2025-05-20 19:18:29.649
903,Shida Kartli,81,GE,Georgia,SK,region,42.0756944,43.9540462,2025-05-20 19:18:29.649,1,2025-05-20 19:18:29.649,1,,-05:00:00,-05:00:00,2025-05-20 19:18:29.649,2025-05-20 19:18:29.649
899,Tbilisi,81,GE,Georgia,TB,city,41.7151377,44.827096,2025-05-20 19:18:29.649,1,2025-05-20 19:18:29.649,1,,-05:00:00,-05:00:00,2025-05-20 19:18:29.649,2025-05-20 19:18:29.649
3006,Baden-Württemberg,82,DE,Germany,BW,land,48.6616037,9.3501336,2025-05-20 19:18:29.649,1,2025-05-20 19:18:29.649,1,,-05:00:00,-05:00:00,2025-05-20 19:18:29.649,2025-05-20 19:18:29.649
3009,Bavaria,82,DE,Germany,BY,land,48.7904472,11.4978895,2025-05-20 19:18:29.649,1,2025-05-20 19:18:29.649,1,,-05:00:00,-05:00:00,2025-05-20 19:18:29.649,2025-05-20 19:18:29.649
3010,Berlin,82,DE,Germany,BE,land,52.5200066,13.404954,2025-05-20 19:18:29.649,1,2025-05-20 19:18:29.649,1,,-05:00:00,-05:00:00,2025-05-20 19:18:29.649,2025-05-20 19:18:29.649
3013,Brandenburg,82,DE,Germany,BB,land,52.4125287,12.5316444,2025-05-20 19:18:29.649,1,2025-05-20 19:18:29.649,1,,-05:00:00,-05:00:00,2025-05-20 19:18:29.649,2025-05-20 19:18:29.649
3014,Bremen,82,DE,Germany,HB,land,53.0792962,8.8016936,2025-05-20 19:18:29.649,1,2025-05-20 19:18:29.649,1,,-05:00:00,-05:00:00,2025-05-20 19:18:29.649,2025-05-20 19:18:29.649
3016,Hamburg,82,DE,Germany,HH,land,53.5510846,9.9936819,2025-05-20 19:18:29.649,1,2025-05-20 19:18:29.649,1,,-05:00:00,-05:00:00,2025-05-20 19:18:29.649,2025-05-20 19:18:29.649
3018,Hessen,82,DE,Germany,HE,land,50.6520515,9.1624376,2025-05-20 19:18:29.649,1,2025-05-20 19:18:29.649,1,,-05:00:00,-05:00:00,2025-05-20 19:18:29.649,2025-05-20 19:18:29.649
3008,Lower Saxony,82,DE,Germany,NI,land,52.6367036,9.8450766,2025-05-20 19:18:29.649,1,2025-05-20 19:18:29.649,1,,-05:00:00,-05:00:00,2025-05-20 19:18:29.649,2025-05-20 19:18:29.649
3007,Mecklenburg-Vorpommern,82,DE,Germany,MV,land,53.6126505,12.4295953,2025-05-20 19:18:29.649,1,2025-05-20 19:18:29.649,1,,-05:00:00,-05:00:00,2025-05-20 19:18:29.649,2025-05-20 19:18:29.649
3017,North Rhine-Westphalia,82,DE,Germany,NW,land,51.4332367,7.6615938,2025-05-20 19:18:29.649,1,2025-05-20 19:18:29.649,1,,-05:00:00,-05:00:00,2025-05-20 19:18:29.649,2025-05-20 19:18:29.649
3019,Rhineland-Palatinate,82,DE,Germany,RP,land,50.118346,7.3089527,2025-05-20 19:18:29.649,1,2025-05-20 19:18:29.649,1,,-05:00:00,-05:00:00,2025-05-20 19:18:29.649,2025-05-20 19:18:29.649
3020,Saarland,82,DE,Germany,SL,land,49.3964234,7.0229607,2025-05-20 19:18:29.649,1,2025-05-20 19:18:29.649,1,,-05:00:00,-05:00:00,2025-05-20 19:18:29.649,2025-05-20 19:18:29.649
3021,Saxony,82,DE,Germany,SN,land,51.1045407,13.2017384,2025-05-20 19:18:29.649,1,2025-05-20 19:18:29.649,1,,-05:00:00,-05:00:00,2025-05-20 19:18:29.649,2025-05-20 19:18:29.649
3011,Saxony-Anhalt,82,DE,Germany,ST,land,51.9502649,11.6922734,2025-05-20 19:18:29.649,1,2025-05-20 19:18:29.649,1,,-05:00:00,-05:00:00,2025-05-20 19:18:29.649,2025-05-20 19:18:29.649
3005,Schleswig-Holstein,82,DE,Germany,SH,land,54.2193672,9.6961167,2025-05-20 19:18:29.649,1,2025-05-20 19:18:29.649,1,,-05:00:00,-05:00:00,2025-05-20 19:18:29.649,2025-05-20 19:18:29.649
3015,Thuringia,82,DE,Germany,TH,land,51.0109892,10.845346,2025-05-20 19:18:29.649,1,2025-05-20 19:18:29.649,1,,-05:00:00,-05:00:00,2025-05-20 19:18:29.649,2025-05-20 19:18:29.649
53,Ahafo,83,GH,Ghana,AF,region,7.5821372,-2.5497463,2025-05-20 19:18:29.649,1,2025-05-20 19:18:29.649,1,,-05:00:00,-05:00:00,2025-05-20 19:18:29.649,2025-05-20 19:18:29.649
48,Ashanti,83,GH,Ghana,AH,region,6.7470436,-1.5208624,2025-05-20 19:18:29.649,1,2025-05-20 19:18:29.649,1,,-05:00:00,-05:00:00,2025-05-20 19:18:29.649,2025-05-20 19:18:29.649
4959,Bono,83,GH,Ghana,BO,region,7.65,-2.5,2025-05-20 19:18:29.649,1,2025-05-20 19:18:29.649,1,,-05:00:00,-05:00:00,2025-05-20 19:18:29.649,2025-05-20 19:18:29.649
4958,Bono East,83,GH,Ghana,BE,region,7.75,-1.05,2025-05-20 19:18:29.649,1,2025-05-20 19:18:29.649,1,,-05:00:00,-05:00:00,2025-05-20 19:18:29.649,2025-05-20 19:18:29.649
52,Central,83,GH,Ghana,CP,region,5.5,-1,2025-05-20 19:18:29.649,1,2025-05-20 19:18:29.649,1,,-05:00:00,-05:00:00,2025-05-20 19:18:29.649,2025-05-20 19:18:29.649
50,Eastern,83,GH,Ghana,EP,region,6.5,-0.5,2025-05-20 19:18:29.649,1,2025-05-20 19:18:29.649,1,,-05:00:00,-05:00:00,2025-05-20 19:18:29.649,2025-05-20 19:18:29.649
54,Greater Accra,83,GH,Ghana,AA,region,5.8142836,0.0746767,2025-05-20 19:18:29.649,1,2025-05-20 19:18:29.649,1,,-05:00:00,-05:00:00,2025-05-20 19:18:29.649,2025-05-20 19:18:29.649
4960,North East,83,GH,Ghana,NE,region,10.516667,-0.366667,2025-05-20 19:18:29.649,1,2025-05-20 19:18:29.649,1,,-05:00:00,-05:00:00,2025-05-20 19:18:29.649,2025-05-20 19:18:29.649
51,Northern,83,GH,Ghana,NP,region,9.5,-1,2025-05-20 19:18:29.649,1,2025-05-20 19:18:29.649,1,,-05:00:00,-05:00:00,2025-05-20 19:18:29.649,2025-05-20 19:18:29.649
4961,Oti,83,GH,Ghana,OT,region,7.9,0.3,2025-05-20 19:18:29.649,1,2025-05-20 19:18:29.649,1,,-05:00:00,-05:00:00,2025-05-20 19:18:29.649,2025-05-20 19:18:29.649
4962,Savannah,83,GH,Ghana,SV,region,9.083333,-1.816667,2025-05-20 19:18:29.649,1,2025-05-20 19:18:29.649,1,,-05:00:00,-05:00:00,2025-05-20 19:18:29.649,2025-05-20 19:18:29.649
55,Upper East,83,GH,Ghana,UE,region,10.7082499,-0.9820668,2025-05-20 19:18:29.649,1,2025-05-20 19:18:29.649,1,,-05:00:00,-05:00:00,2025-05-20 19:18:29.649,2025-05-20 19:18:29.649
57,Upper West,83,GH,Ghana,UW,region,10.2529757,-2.1450245,2025-05-20 19:18:29.649,1,2025-05-20 19:18:29.649,1,,-05:00:00,-05:00:00,2025-05-20 19:18:29.649,2025-05-20 19:18:29.649
56,Volta,83,GH,Ghana,TV,region,6.5781373,0.4502368,2025-05-20 19:18:29.649,1,2025-05-20 19:18:29.649,1,,-05:00:00,-05:00:00,2025-05-20 19:18:29.649,2025-05-20 19:18:29.649
49,Western,83,GH,Ghana,WP,region,5.5,-2.5,2025-05-20 19:18:29.649,1,2025-05-20 19:18:29.649,1,,-05:00:00,-05:00:00,2025-05-20 19:18:29.649,2025-05-20 19:18:29.649
4963,Western North,83,GH,Ghana,WN,region,6.3,-2.8,2025-05-20 19:18:29.649,1,2025-05-20 19:18:29.649,1,,-05:00:00,-05:00:00,2025-05-20 19:18:29.649,2025-05-20 19:18:29.649
2116,Achaea,85,GR,Greece,13,regional unit,38.1158729,21.9522491,2025-05-20 19:18:29.649,1,2025-05-20 19:18:29.649,1,,-05:00:00,-05:00:00,2025-05-20 19:18:29.649,2025-05-20 19:18:29.649
2123,Aetolia-Acarnania,85,GR,Greece,1,regional unit,38.7084386,21.3798928,2025-05-20 19:18:29.649,1,2025-05-20 19:18:29.649,1,,-05:00:00,-05:00:00,2025-05-20 19:18:29.649,2025-05-20 19:18:29.649
2098,Arcadia,85,GR,Greece,12,prefecture,37.5557825,22.3337769,2025-05-20 19:18:29.649,1,2025-05-20 19:18:29.649,1,,-05:00:00,-05:00:00,2025-05-20 19:18:29.649,2025-05-20 19:18:29.649
2105,Argolis,85,GR,Greece,11,regional unit,37.571097,22.2634737,2025-05-20 19:18:29.649,1,2025-05-20 19:18:29.649,1,,-05:00:00,-05:00:00,2025-05-20 19:18:29.649,2025-05-20 19:18:29.649
2122,Attica,85,GR,Greece,I,administrative region,38.0457568,23.8584737,2025-05-20 19:18:29.649,1,2025-05-20 19:18:29.649,1,,-05:00:00,-05:00:00,2025-05-20 19:18:29.649,2025-05-20 19:18:29.649
2126,Boeotia,85,GR,Greece,3,regional unit,38.3663664,23.0965064,2025-05-20 19:18:29.649,1,2025-05-20 19:18:29.649,1,,-05:00:00,-05:00:00,2025-05-20 19:18:29.649,2025-05-20 19:18:29.649
2128,Central Greece,85,GR,Greece,H,administrative region,38.6043984,22.7152131,2025-05-20 19:18:29.649,1,2025-05-20 19:18:29.649,1,,-05:00:00,-05:00:00,2025-05-20 19:18:29.649,2025-05-20 19:18:29.649
2125,Central Macedonia,85,GR,Greece,B,administrative region,40.621173,23.1918021,2025-05-20 19:18:29.649,1,2025-05-20 19:18:29.649,1,,-05:00:00,-05:00:00,2025-05-20 19:18:29.649,2025-05-20 19:18:29.649
2115,Chania,85,GR,Greece,94,regional unit,35.5138298,24.0180367,2025-05-20 19:18:29.649,1,2025-05-20 19:18:29.649,1,,-05:00:00,-05:00:00,2025-05-20 19:18:29.649,2025-05-20 19:18:29.649
2124,Corfu,85,GR,Greece,22,prefecture,39.6249838,19.9223461,2025-05-20 19:18:29.649,1,2025-05-20 19:18:29.649,1,,-05:00:00,-05:00:00,2025-05-20 19:18:29.649,2025-05-20 19:18:29.649
2129,Corinthia,85,GR,Greece,15,regional unit,37.9206431,22.0396553,2025-05-20 19:18:29.649,1,2025-05-20 19:18:29.649,1,,-05:00:00,-05:00:00,2025-05-20 19:18:29.649,2025-05-20 19:18:29.649
2109,Crete,85,GR,Greece,M,administrative region,35.240117,24.8092691,2025-05-20 19:18:29.649,1,2025-05-20 19:18:29.649,1,,-05:00:00,-05:00:00,2025-05-20 19:18:29.649,2025-05-20 19:18:29.649
2130,Drama,85,GR,Greece,52,regional unit,41.2340023,24.2390498,2025-05-20 19:18:29.649,1,2025-05-20 19:18:29.649,1,,-05:00:00,-05:00:00,2025-05-20 19:18:29.649,2025-05-20 19:18:29.649
2120,East Attica,85,GR,Greece,A2,administrative region,38.2054093,23.8584737,2025-05-20 19:18:29.649,1,2025-05-20 19:18:29.649,1,,-05:00:00,-05:00:00,2025-05-20 19:18:29.649,2025-05-20 19:18:29.649
2117,East Macedonia and Thrace,85,GR,Greece,A,administrative region,41.1295126,24.8877191,2025-05-20 19:18:29.649,1,2025-05-20 19:18:29.649,1,,-05:00:00,-05:00:00,2025-05-20 19:18:29.649,2025-05-20 19:18:29.649
2110,Epirus,85,GR,Greece,D,administrative region,39.5706413,20.7642843,2025-05-20 19:18:29.649,1,2025-05-20 19:18:29.649,1,,-05:00:00,-05:00:00,2025-05-20 19:18:29.649,2025-05-20 19:18:29.649
2101,Euboea,85,GR,Greece,4,prefecture,38.5236036,23.8584737,2025-05-20 19:18:29.649,1,2025-05-20 19:18:29.649,1,,-05:00:00,-05:00:00,2025-05-20 19:18:29.649,2025-05-20 19:18:29.649
2102,Grevena,85,GR,Greece,51,prefecture,40.0837626,21.4273299,2025-05-20 19:18:29.649,1,2025-05-20 19:18:29.649,1,,-05:00:00,-05:00:00,2025-05-20 19:18:29.649,2025-05-20 19:18:29.649
2099,Imathia ,85,GR,Greece,53,regional unit,40.6060067,22.1430215,2025-05-20 19:18:29.649,1,2025-05-20 19:18:29.649,1,,-05:00:00,-05:00:00,2025-05-20 19:18:29.649,2025-05-20 19:18:29.649
2113,Ioannina,85,GR,Greece,33,regional unit,39.6650288,20.8537466,2025-05-20 19:18:29.649,1,2025-05-20 19:18:29.649,1,,-05:00:00,-05:00:00,2025-05-20 19:18:29.649,2025-05-20 19:18:29.649
2131,Ionian Islands,85,GR,Greece,F,administrative region,37.9694898,21.3802372,2025-05-20 19:18:29.649,1,2025-05-20 19:18:29.649,1,,-05:00:00,-05:00:00,2025-05-20 19:18:29.649,2025-05-20 19:18:29.649
2095,Karditsa,85,GR,Greece,41,regional unit,39.3640258,21.9214049,2025-05-20 19:18:29.649,1,2025-05-20 19:18:29.649,1,,-05:00:00,-05:00:00,2025-05-20 19:18:29.649,2025-05-20 19:18:29.649
2100,Kastoria,85,GR,Greece,56,regional unit,40.5192691,21.2687171,2025-05-20 19:18:29.649,1,2025-05-20 19:18:29.649,1,,-05:00:00,-05:00:00,2025-05-20 19:18:29.649,2025-05-20 19:18:29.649
2127,Kefalonia,85,GR,Greece,23,prefecture,38.1753675,20.5692179,2025-05-20 19:18:29.649,1,2025-05-20 19:18:29.649,1,,-05:00:00,-05:00:00,2025-05-20 19:18:29.649,2025-05-20 19:18:29.649
2111,Kilkis,85,GR,Greece,57,regional unit,40.9937071,22.8753674,2025-05-20 19:18:29.649,1,2025-05-20 19:18:29.649,1,,-05:00:00,-05:00:00,2025-05-20 19:18:29.649,2025-05-20 19:18:29.649
2112,Kozani,85,GR,Greece,58,prefecture,40.3005586,21.7887737,2025-05-20 19:18:29.649,1,2025-05-20 19:18:29.649,1,,-05:00:00,-05:00:00,2025-05-20 19:18:29.649,2025-05-20 19:18:29.649
2106,Laconia,85,GR,Greece,16,prefecture,43.5278546,-71.4703509,2025-05-20 19:18:29.649,1,2025-05-20 19:18:29.649,1,,-05:00:00,-05:00:00,2025-05-20 19:18:29.649,2025-05-20 19:18:29.649
2132,Larissa,85,GR,Greece,42,prefecture,39.6390224,22.4191254,2025-05-20 19:18:29.649,1,2025-05-20 19:18:29.649,1,,-05:00:00,-05:00:00,2025-05-20 19:18:29.649,2025-05-20 19:18:29.649
2104,Lefkada,85,GR,Greece,24,regional unit,38.8333663,20.7069108,2025-05-20 19:18:29.649,1,2025-05-20 19:18:29.649,1,,-05:00:00,-05:00:00,2025-05-20 19:18:29.649,2025-05-20 19:18:29.649
2107,Pella,85,GR,Greece,59,regional unit,40.9148039,22.1430215,2025-05-20 19:18:29.649,1,2025-05-20 19:18:29.649,1,,-05:00:00,-05:00:00,2025-05-20 19:18:29.649,2025-05-20 19:18:29.649
2119,Peloponnese,85,GR,Greece,J,administrative region,37.5079472,22.37349,2025-05-20 19:18:29.649,1,2025-05-20 19:18:29.649,1,,-05:00:00,-05:00:00,2025-05-20 19:18:29.649,2025-05-20 19:18:29.649
2114,Phthiotis,85,GR,Greece,6,prefecture,38.999785,22.3337769,2025-05-20 19:18:29.649,1,2025-05-20 19:18:29.649,1,,-05:00:00,-05:00:00,2025-05-20 19:18:29.649,2025-05-20 19:18:29.649
2103,Preveza,85,GR,Greece,34,prefecture,38.9592649,20.7517155,2025-05-20 19:18:29.649,1,2025-05-20 19:18:29.649,1,,-05:00:00,-05:00:00,2025-05-20 19:18:29.649,2025-05-20 19:18:29.649
2121,Serres,85,GR,Greece,62,prefecture,41.0863854,23.5483819,2025-05-20 19:18:29.649,1,2025-05-20 19:18:29.649,1,,-05:00:00,-05:00:00,2025-05-20 19:18:29.649,2025-05-20 19:18:29.649
2118,South Aegean,85,GR,Greece,L,administrative region,37.0855302,25.1489215,2025-05-20 19:18:29.649,1,2025-05-20 19:18:29.649,1,,-05:00:00,-05:00:00,2025-05-20 19:18:29.649,2025-05-20 19:18:29.649
2097,Thessaloniki,85,GR,Greece,54,regional unit,40.6400629,22.9444191,2025-05-20 19:18:29.649,1,2025-05-20 19:18:29.649,1,,-05:00:00,-05:00:00,2025-05-20 19:18:29.649,2025-05-20 19:18:29.649
2096,West Greece,85,GR,Greece,G,administrative region,38.5115496,21.5706786,2025-05-20 19:18:29.649,1,2025-05-20 19:18:29.649,1,,-05:00:00,-05:00:00,2025-05-20 19:18:29.649,2025-05-20 19:18:29.649
2108,West Macedonia,85,GR,Greece,C,administrative region,40.3004058,21.7903559,2025-05-20 19:18:29.649,1,2025-05-20 19:18:29.649,1,,-05:00:00,-05:00:00,2025-05-20 19:18:29.649,2025-05-20 19:18:29.649
5379,Avannaata,86,GL,Greenland,AV,municipality,74.1026743,-78.987556,2025-05-20 19:18:29.649,1,2025-05-20 19:18:29.649,1,,-05:00:00,-05:00:00,2025-05-20 19:18:29.649,2025-05-20 19:18:29.649
5380,Kujalleq,86,GL,Greenland,KU,municipality,61.1666693,-50.5099788,2025-05-20 19:18:29.649,1,2025-05-20 19:18:29.649,1,,-05:00:00,-05:00:00,2025-05-20 19:18:29.649,2025-05-20 19:18:29.649
5381,Qeqertalik,86,GL,Greenland,QT,municipality,68.8249553,-54.7622472,2025-05-20 19:18:29.649,1,2025-05-20 19:18:29.649,1,,-05:00:00,-05:00:00,2025-05-20 19:18:29.649,2025-05-20 19:18:29.649
5382,Qeqqata,86,GL,Greenland,QE,municipality,66.0805719,-54.2654639,2025-05-20 19:18:29.649,1,2025-05-20 19:18:29.649,1,,-05:00:00,-05:00:00,2025-05-20 19:18:29.649,2025-05-20 19:18:29.649
5383,Sermersooq,86,GL,Greenland,SM,municipality,65.0823058,-57.2831195,2025-05-20 19:18:29.649,1,2025-05-20 19:18:29.649,1,,-05:00:00,-05:00:00,2025-05-20 19:18:29.649,2025-05-20 19:18:29.649
3867,Carriacou,87,GD,Grenada,10,dependency,12.4828971,-61.5010261,2025-05-20 19:18:29.649,1,2025-05-20 19:18:29.649,1,,-05:00:00,-05:00:00,2025-05-20 19:18:29.649,2025-05-20 19:18:29.649
3865,Saint Andrew,87,GD,Grenada,1,parish,12.1109373,-61.7293504,2025-05-20 19:18:29.649,1,2025-05-20 19:18:29.649,1,,-05:00:00,-05:00:00,2025-05-20 19:18:29.649,2025-05-20 19:18:29.649
3869,Saint David,87,GD,Grenada,2,parish,12.0412125,-61.7173042,2025-05-20 19:18:29.649,1,2025-05-20 19:18:29.649,1,,-05:00:00,-05:00:00,2025-05-20 19:18:29.649,2025-05-20 19:18:29.649
3864,Saint George,87,GD,Grenada,3,parish,12.0478824,-61.8313189,2025-05-20 19:18:29.649,1,2025-05-20 19:18:29.649,1,,-05:00:00,-05:00:00,2025-05-20 19:18:29.649,2025-05-20 19:18:29.649
3868,Saint John,87,GD,Grenada,4,parish,12.1431983,-61.7585737,2025-05-20 19:18:29.649,1,2025-05-20 19:18:29.649,1,,-05:00:00,-05:00:00,2025-05-20 19:18:29.649,2025-05-20 19:18:29.649
3866,Saint Mark,87,GD,Grenada,5,parish,12.1857764,-61.7384148,2025-05-20 19:18:29.649,1,2025-05-20 19:18:29.649,1,,-05:00:00,-05:00:00,2025-05-20 19:18:29.649,2025-05-20 19:18:29.649
3863,Saint Patrick,87,GD,Grenada,6,parish,12.2489648,-61.6957848,2025-05-20 19:18:29.649,1,2025-05-20 19:18:29.649,1,,-05:00:00,-05:00:00,2025-05-20 19:18:29.649,2025-05-20 19:18:29.649
5384,Basse-Terre,88,GP,Guadeloupe,1,district,16.1011019,-62.0054546,2025-05-20 19:18:29.649,1,2025-05-20 19:18:29.649,1,,-05:00:00,-05:00:00,2025-05-20 19:18:29.649,2025-05-20 19:18:29.649
5385,Pointe-à-Pitre,88,GP,Guadeloupe,2,district,16.1902438,-61.6291713,2025-05-20 19:18:29.649,1,2025-05-20 19:18:29.649,1,,-05:00:00,-05:00:00,2025-05-20 19:18:29.649,2025-05-20 19:18:29.649
5254,Agana Heights,89,GU,Guam,,village,13.4657592,144.7319533,2025-05-20 19:18:29.649,1,2025-05-20 19:18:29.649,1,,-05:00:00,-05:00:00,2025-05-20 19:18:29.649,2025-05-20 19:18:29.649
5255,Asan-Maina,89,GU,Guam,,village,13.4729124,144.7118041,2025-05-20 19:18:29.649,1,2025-05-20 19:18:29.649,1,,-05:00:00,-05:00:00,2025-05-20 19:18:29.649,2025-05-20 19:18:29.649
5256,Barrigada,89,GU,Guam,,village,13.4641827,144.7882247,2025-05-20 19:18:29.649,1,2025-05-20 19:18:29.649,1,,-05:00:00,-05:00:00,2025-05-20 19:18:29.649,2025-05-20 19:18:29.649
5257,Chalan Pago-Ordot,89,GU,Guam,,village,13.436998,144.7486708,2025-05-20 19:18:29.649,1,2025-05-20 19:18:29.649,1,,-05:00:00,-05:00:00,2025-05-20 19:18:29.649,2025-05-20 19:18:29.649
5258,Dededo,89,GU,Guam,,village,13.522899,144.7989287,2025-05-20 19:18:29.649,1,2025-05-20 19:18:29.649,1,,-05:00:00,-05:00:00,2025-05-20 19:18:29.649,2025-05-20 19:18:29.649
5259,Hågat,89,GU,Guam,,village,13.3852224,144.6399698,2025-05-20 19:18:29.649,1,2025-05-20 19:18:29.649,1,,-05:00:00,-05:00:00,2025-05-20 19:18:29.649,2025-05-20 19:18:29.649
5265,Hagåtña,89,GU,Guam,,village,13.4729829,144.7274038,2025-05-20 19:18:29.649,1,2025-05-20 19:18:29.649,1,,-05:00:00,-05:00:00,2025-05-20 19:18:29.649,2025-05-20 19:18:29.649
5261,Inarajan (Inalåhan),89,GU,Guam,,village,13.2762049,144.7203863,2025-05-20 19:18:29.649,1,2025-05-20 19:18:29.649,1,,-05:00:00,-05:00:00,2025-05-20 19:18:29.649,2025-05-20 19:18:29.649
5263,Mangilao,89,GU,Guam,,village,13.4498509,144.7830268,2025-05-20 19:18:29.649,1,2025-05-20 19:18:29.649,1,,-05:00:00,-05:00:00,2025-05-20 19:18:29.649,2025-05-20 19:18:29.649
5262,Merizo (Malesso),89,GU,Guam,,village,13.2686085,144.6579749,2025-05-20 19:18:29.649,1,2025-05-20 19:18:29.649,1,,-05:00:00,-05:00:00,2025-05-20 19:18:29.649,2025-05-20 19:18:29.649
5264,Mongmong-Toto-Maite,89,GU,Guam,,village,13.4692201,144.7533808,2025-05-20 19:18:29.649,1,2025-05-20 19:18:29.649,1,,-05:00:00,-05:00:00,2025-05-20 19:18:29.649,2025-05-20 19:18:29.649
5266,Piti,89,GU,Guam,,village,13.4647446,144.6876982,2025-05-20 19:18:29.649,1,2025-05-20 19:18:29.649,1,,-05:00:00,-05:00:00,2025-05-20 19:18:29.649,2025-05-20 19:18:29.649
5267,Santa Rita (Sånta Rita-Sumai),89,GU,Guam,,village,13.3867874,144.6664227,2025-05-20 19:18:29.649,1,2025-05-20 19:18:29.649,1,,-05:00:00,-05:00:00,2025-05-20 19:18:29.649,2025-05-20 19:18:29.649
5268,Sinajana,89,GU,Guam,,village,13.4609486,144.7461208,2025-05-20 19:18:29.649,1,2025-05-20 19:18:29.649,1,,-05:00:00,-05:00:00,2025-05-20 19:18:29.649,2025-05-20 19:18:29.649
5269,Talofofo (Talo'fo'fo),89,GU,Guam,,village,13.3547144,144.7345973,2025-05-20 19:18:29.649,1,2025-05-20 19:18:29.649,1,,-05:00:00,-05:00:00,2025-05-20 19:18:29.649,2025-05-20 19:18:29.649
5270,Tamuning,89,GU,Guam,,village,13.4944762,144.7804582,2025-05-20 19:18:29.649,1,2025-05-20 19:18:29.649,1,,-05:00:00,-05:00:00,2025-05-20 19:18:29.649,2025-05-20 19:18:29.649
5260,Umatac (Humåtak),89,GU,Guam,,village,13.2945777,144.6538283,2025-05-20 19:18:29.649,1,2025-05-20 19:18:29.649,1,,-05:00:00,-05:00:00,2025-05-20 19:18:29.649,2025-05-20 19:18:29.649
5271,Yigo,89,GU,Guam,,village,13.5729377,144.8231522,2025-05-20 19:18:29.649,1,2025-05-20 19:18:29.649,1,,-05:00:00,-05:00:00,2025-05-20 19:18:29.649,2025-05-20 19:18:29.649
5272,Yona,89,GU,Guam,,village,13.410206,144.7555747,2025-05-20 19:18:29.649,1,2025-05-20 19:18:29.649,1,,-05:00:00,-05:00:00,2025-05-20 19:18:29.649,2025-05-20 19:18:29.649
3671,Alta Verapaz ,90,GT,Guatemala,16,department,15.5942883,-90.1494988,2025-05-20 19:18:29.649,1,2025-05-20 19:18:29.649,1,,-05:00:00,-05:00:00,2025-05-20 19:18:29.649,2025-05-20 19:18:29.649
3674,Baja Verapaz ,90,GT,Guatemala,15,department,15.1255867,-90.3748354,2025-05-20 19:18:29.649,1,2025-05-20 19:18:29.649,1,,-05:00:00,-05:00:00,2025-05-20 19:18:29.649,2025-05-20 19:18:29.649
3675,Chimaltenango ,90,GT,Guatemala,4,department,14.5634787,-90.9820668,2025-05-20 19:18:29.649,1,2025-05-20 19:18:29.649,1,,-05:00:00,-05:00:00,2025-05-20 19:18:29.649,2025-05-20 19:18:29.649
3666,Chiquimula ,90,GT,Guatemala,20,department,14.7514999,-89.4742177,2025-05-20 19:18:29.649,1,2025-05-20 19:18:29.649,1,,-05:00:00,-05:00:00,2025-05-20 19:18:29.649,2025-05-20 19:18:29.649
3662,El Progreso ,90,GT,Guatemala,2,department,14.9388732,-90.0746767,2025-05-20 19:18:29.649,1,2025-05-20 19:18:29.649,1,,-05:00:00,-05:00:00,2025-05-20 19:18:29.649,2025-05-20 19:18:29.649
3677,Escuintla ,90,GT,Guatemala,5,department,14.1910912,-90.9820668,2025-05-20 19:18:29.649,1,2025-05-20 19:18:29.649,1,,-05:00:00,-05:00:00,2025-05-20 19:18:29.649,2025-05-20 19:18:29.649
3672,Guatemala ,90,GT,Guatemala,1,department,14.5649401,-90.5257823,2025-05-20 19:18:29.649,1,2025-05-20 19:18:29.649,1,,-05:00:00,-05:00:00,2025-05-20 19:18:29.649,2025-05-20 19:18:29.649
3670,Huehuetenango ,90,GT,Guatemala,13,department,15.5879914,-91.6760691,2025-05-20 19:18:29.649,1,2025-05-20 19:18:29.649,1,,-05:00:00,-05:00:00,2025-05-20 19:18:29.649,2025-05-20 19:18:29.649
3659,Izabal ,90,GT,Guatemala,18,department,15.4976517,-88.864698,2025-05-20 19:18:29.649,1,2025-05-20 19:18:29.649,1,,-05:00:00,-05:00:00,2025-05-20 19:18:29.649,2025-05-20 19:18:29.649
3658,Jalapa ,90,GT,Guatemala,21,department,14.6121446,-89.9626799,2025-05-20 19:18:29.649,1,2025-05-20 19:18:29.649,1,,-05:00:00,-05:00:00,2025-05-20 19:18:29.649,2025-05-20 19:18:29.649
3673,Jutiapa ,90,GT,Guatemala,22,department,14.1930802,-89.9253233,2025-05-20 19:18:29.649,1,2025-05-20 19:18:29.649,1,,-05:00:00,-05:00:00,2025-05-20 19:18:29.649,2025-05-20 19:18:29.649
3669,Petén ,90,GT,Guatemala,17,department,16.912033,-90.2995785,2025-05-20 19:18:29.649,1,2025-05-20 19:18:29.649,1,,-05:00:00,-05:00:00,2025-05-20 19:18:29.649,2025-05-20 19:18:29.649
3668,Quetzaltenango ,90,GT,Guatemala,9,department,14.792433,-91.714958,2025-05-20 19:18:29.649,1,2025-05-20 19:18:29.649,1,,-05:00:00,-05:00:00,2025-05-20 19:18:29.649,2025-05-20 19:18:29.649
3657,Quiché ,90,GT,Guatemala,14,department,15.4983808,-90.9820668,2025-05-20 19:18:29.649,1,2025-05-20 19:18:29.649,1,,-05:00:00,-05:00:00,2025-05-20 19:18:29.649,2025-05-20 19:18:29.649
3664,Retalhuleu ,90,GT,Guatemala,11,department,14.5245485,-91.685788,2025-05-20 19:18:29.649,1,2025-05-20 19:18:29.649,1,,-05:00:00,-05:00:00,2025-05-20 19:18:29.649,2025-05-20 19:18:29.649
3676,Sacatepéquez ,90,GT,Guatemala,3,department,14.5178379,-90.7152749,2025-05-20 19:18:29.649,1,2025-05-20 19:18:29.649,1,,-05:00:00,-05:00:00,2025-05-20 19:18:29.649,2025-05-20 19:18:29.649
3667,San Marcos ,90,GT,Guatemala,12,department,14.9309569,-91.9099238,2025-05-20 19:18:29.649,1,2025-05-20 19:18:29.649,1,,-05:00:00,-05:00:00,2025-05-20 19:18:29.649,2025-05-20 19:18:29.649
3665,Santa Rosa ,90,GT,Guatemala,6,department,38.4405759,-122.7037543,2025-05-20 19:18:29.649,1,2025-05-20 19:18:29.649,1,,-05:00:00,-05:00:00,2025-05-20 19:18:29.649,2025-05-20 19:18:29.649
3661,Sololá ,90,GT,Guatemala,7,department,14.748523,-91.2891036,2025-05-20 19:18:29.649,1,2025-05-20 19:18:29.649,1,,-05:00:00,-05:00:00,2025-05-20 19:18:29.649,2025-05-20 19:18:29.649
3660,Suchitepéquez ,90,GT,Guatemala,10,department,14.4215982,-91.4048249,2025-05-20 19:18:29.649,1,2025-05-20 19:18:29.649,1,,-05:00:00,-05:00:00,2025-05-20 19:18:29.649,2025-05-20 19:18:29.649
3663,Totonicapán ,90,GT,Guatemala,8,department,14.9173402,-91.3613923,2025-05-20 19:18:29.649,1,2025-05-20 19:18:29.649,1,,-05:00:00,-05:00:00,2025-05-20 19:18:29.649,2025-05-20 19:18:29.649
5239,Zacapa,90,GT,Guatemala,19,department,15.0092828,-89.9253233,2025-05-20 19:18:29.649,1,2025-05-20 19:18:29.649,1,,-05:00:00,-05:00:00,2025-05-20 19:18:29.649,2025-05-20 19:18:29.649
5389,Alderney,91,GG,Guernsey,4,parish,49.716371,-2.240337,2025-05-20 19:18:29.649,1,2025-05-20 19:18:29.649,1,,-05:00:00,-05:00:00,2025-05-20 19:18:29.649,2025-05-20 19:18:29.649
5386,Castel,91,GG,Guernsey,1,parish,49.4666381,-2.6378501,2025-05-20 19:18:29.649,1,2025-05-20 19:18:29.649,1,,-05:00:00,-05:00:00,2025-05-20 19:18:29.649,2025-05-20 19:18:29.649
5387,Forest,91,GG,Guernsey,2,parish,49.4267793,-2.6170045,2025-05-20 19:18:29.649,1,2025-05-20 19:18:29.649,1,,-05:00:00,-05:00:00,2025-05-20 19:18:29.649,2025-05-20 19:18:29.649
5392,Sark,91,GG,Guernsey,7,parish,49.4254252,-2.4099527,2025-05-20 19:18:29.649,1,2025-05-20 19:18:29.649,1,,-05:00:00,-05:00:00,2025-05-20 19:18:29.649,2025-05-20 19:18:29.649
5388,St Andrew,91,GG,Guernsey,3,parish,49.4505853,-2.6020413,2025-05-20 19:18:29.649,1,2025-05-20 19:18:29.649,1,,-05:00:00,-05:00:00,2025-05-20 19:18:29.649,2025-05-20 19:18:29.649
5390,St Martin,91,GG,Guernsey,5,parish,49.4337659,-2.5979965,2025-05-20 19:18:29.649,1,2025-05-20 19:18:29.649,1,,-05:00:00,-05:00:00,2025-05-20 19:18:29.649,2025-05-20 19:18:29.649
5391,St Peter Port,91,GG,Guernsey,6,parish,49.4592277,-2.586093,2025-05-20 19:18:29.649,1,2025-05-20 19:18:29.649,1,,-05:00:00,-05:00:00,2025-05-20 19:18:29.649,2025-05-20 19:18:29.649
5393,St Pierre du Bois,91,GG,Guernsey,8,parish,49.4411922,-2.6843855,2025-05-20 19:18:29.649,1,2025-05-20 19:18:29.649,1,,-05:00:00,-05:00:00,2025-05-20 19:18:29.649,2025-05-20 19:18:29.649
5394,St Sampson,91,GG,Guernsey,9,parish,49.4844202,-2.5810319,2025-05-20 19:18:29.649,1,2025-05-20 19:18:29.649,1,,-05:00:00,-05:00:00,2025-05-20 19:18:29.649,2025-05-20 19:18:29.649
5395,St Saviour,91,GG,Guernsey,10,parish,49.4511444,-2.6597752,2025-05-20 19:18:29.649,1,2025-05-20 19:18:29.649,1,,-05:00:00,-05:00:00,2025-05-20 19:18:29.649,2025-05-20 19:18:29.649
5396,Torteval,91,GG,Guernsey,11,parish,49.4288587,-2.6899094,2025-05-20 19:18:29.649,1,2025-05-20 19:18:29.649,1,,-05:00:00,-05:00:00,2025-05-20 19:18:29.649,2025-05-20 19:18:29.649
5397,Vale,91,GG,Guernsey,12,parish,49.4884605,-2.5807577,2025-05-20 19:18:29.649,1,2025-05-20 19:18:29.649,1,,-05:00:00,-05:00:00,2025-05-20 19:18:29.649,2025-05-20 19:18:29.649
2672,Beyla,92,GN,Guinea,BE,prefecture,8.9198178,-8.3088441,2025-05-20 19:18:29.649,1,2025-05-20 19:18:29.649,1,,-05:00:00,-05:00:00,2025-05-20 19:18:29.649,2025-05-20 19:18:29.649
2699,Boffa,92,GN,Guinea,BF,prefecture,10.1808254,-14.0391615,2025-05-20 19:18:29.649,1,2025-05-20 19:18:29.649,1,,-05:00:00,-05:00:00,2025-05-20 19:18:29.649,2025-05-20 19:18:29.649
2676,Boké,92,GN,Guinea,B,administrative region,11.1864672,-14.1001326,2025-05-20 19:18:29.649,1,2025-05-20 19:18:29.649,1,,-05:00:00,-05:00:00,2025-05-20 19:18:29.649,2025-05-20 19:18:29.649
2709,Boké,92,GN,Guinea,BK,prefecture,11.0847379,-14.3791912,2025-05-20 19:18:29.649,1,2025-05-20 19:18:29.649,1,,-05:00:00,-05:00:00,2025-05-20 19:18:29.649,2025-05-20 19:18:29.649
2686,Conakry,92,GN,Guinea,C,governorate,9.6411855,-13.5784012,2025-05-20 19:18:29.649,1,2025-05-20 19:18:29.649,1,,-05:00:00,-05:00:00,2025-05-20 19:18:29.649,2025-05-20 19:18:29.649
2705,Coyah,92,GN,Guinea,CO,prefecture,9.7715535,-13.3125299,2025-05-20 19:18:29.649,1,2025-05-20 19:18:29.649,1,,-05:00:00,-05:00:00,2025-05-20 19:18:29.649,2025-05-20 19:18:29.649
2679,Dabola,92,GN,Guinea,DB,prefecture,10.7297806,-11.1107854,2025-05-20 19:18:29.649,1,2025-05-20 19:18:29.649,1,,-05:00:00,-05:00:00,2025-05-20 19:18:29.649,2025-05-20 19:18:29.649
2706,Dalaba,92,GN,Guinea,DL,prefecture,10.6868176,-12.2490697,2025-05-20 19:18:29.649,1,2025-05-20 19:18:29.649,1,,-05:00:00,-05:00:00,2025-05-20 19:18:29.649,2025-05-20 19:18:29.649
2688,Dinguiraye,92,GN,Guinea,DI,prefecture,11.6844222,-10.8000051,2025-05-20 19:18:29.649,1,2025-05-20 19:18:29.649,1,,-05:00:00,-05:00:00,2025-05-20 19:18:29.649,2025-05-20 19:18:29.649
2681,Dubréka,92,GN,Guinea,DU,prefecture,9.7907348,-13.5147735,2025-05-20 19:18:29.649,1,2025-05-20 19:18:29.649,1,,-05:00:00,-05:00:00,2025-05-20 19:18:29.649,2025-05-20 19:18:29.649
5344,Faranah,92,GN,Guinea,F,administrative region,10.5473035,-11.8507644,2025-05-20 19:18:29.649,1,2025-05-20 19:18:29.649,1,,-05:00:00,-05:00:00,2025-05-20 19:18:29.649,2025-05-20 19:18:29.649
2682,Faranah,92,GN,Guinea,FA,prefecture,9.9057399,-10.8000051,2025-05-20 19:18:29.649,1,2025-05-20 19:18:29.649,1,,-05:00:00,-05:00:00,2025-05-20 19:18:29.649,2025-05-20 19:18:29.649
2683,Forécariah,92,GN,Guinea,FO,prefecture,9.3886187,-13.0817903,2025-05-20 19:18:29.649,1,2025-05-20 19:18:29.649,1,,-05:00:00,-05:00:00,2025-05-20 19:18:29.649,2025-05-20 19:18:29.649
2675,Fria,92,GN,Guinea,FR,prefecture,10.3674543,-13.5841871,2025-05-20 19:18:29.649,1,2025-05-20 19:18:29.649,1,,-05:00:00,-05:00:00,2025-05-20 19:18:29.649,2025-05-20 19:18:29.649
2685,Gaoual,92,GN,Guinea,GA,prefecture,11.5762804,-13.3587288,2025-05-20 19:18:29.649,1,2025-05-20 19:18:29.649,1,,-05:00:00,-05:00:00,2025-05-20 19:18:29.649,2025-05-20 19:18:29.649
2711,Guéckédou,92,GN,Guinea,GU,prefecture,8.5649688,-10.1311163,2025-05-20 19:18:29.649,1,2025-05-20 19:18:29.649,1,,-05:00:00,-05:00:00,2025-05-20 19:18:29.649,2025-05-20 19:18:29.649
2704,Kankan,92,GN,Guinea,KA,prefecture,10.3034465,-9.3673084,2025-05-20 19:18:29.649,1,2025-05-20 19:18:29.649,1,,-05:00:00,-05:00:00,2025-05-20 19:18:29.649,2025-05-20 19:18:29.649
2697,Kankan,92,GN,Guinea,K,administrative region,10.120923,-9.5450974,2025-05-20 19:18:29.649,1,2025-05-20 19:18:29.649,1,,-05:00:00,-05:00:00,2025-05-20 19:18:29.649,2025-05-20 19:18:29.649
2710,Kérouané,92,GN,Guinea,KE,prefecture,9.2536643,-9.0128926,2025-05-20 19:18:29.649,1,2025-05-20 19:18:29.649,1,,-05:00:00,-05:00:00,2025-05-20 19:18:29.649,2025-05-20 19:18:29.649
2701,Kindia,92,GN,Guinea,D,administrative region,10.1781694,-12.989615,2025-05-20 19:18:29.649,1,2025-05-20 19:18:29.649,1,,-05:00:00,-05:00:00,2025-05-20 19:18:29.649,2025-05-20 19:18:29.649
2693,Kindia,92,GN,Guinea,KD,prefecture,10.1013292,-12.7135121,2025-05-20 19:18:29.649,1,2025-05-20 19:18:29.649,1,,-05:00:00,-05:00:00,2025-05-20 19:18:29.649,2025-05-20 19:18:29.649
2691,Kissidougou,92,GN,Guinea,KS,prefecture,9.2252022,-10.0807298,2025-05-20 19:18:29.649,1,2025-05-20 19:18:29.649,1,,-05:00:00,-05:00:00,2025-05-20 19:18:29.649,2025-05-20 19:18:29.649
2692,Koubia,92,GN,Guinea,KB,prefecture,11.582354,-11.8920237,2025-05-20 19:18:29.649,1,2025-05-20 19:18:29.649,1,,-05:00:00,-05:00:00,2025-05-20 19:18:29.649,2025-05-20 19:18:29.649
2703,Koundara,92,GN,Guinea,KN,prefecture,12.4894021,-13.3067562,2025-05-20 19:18:29.649,1,2025-05-20 19:18:29.649,1,,-05:00:00,-05:00:00,2025-05-20 19:18:29.649,2025-05-20 19:18:29.649
2695,Kouroussa,92,GN,Guinea,KO,prefecture,10.6489229,-9.8850586,2025-05-20 19:18:29.649,1,2025-05-20 19:18:29.649,1,,-05:00:00,-05:00:00,2025-05-20 19:18:29.649,2025-05-20 19:18:29.649
2680,Labé,92,GN,Guinea,LA,prefecture,11.3541939,-12.3463875,2025-05-20 19:18:29.649,1,2025-05-20 19:18:29.649,1,,-05:00:00,-05:00:00,2025-05-20 19:18:29.649,2025-05-20 19:18:29.649
2677,Labé,92,GN,Guinea,L,administrative region,11.3232042,-12.2891314,2025-05-20 19:18:29.649,1,2025-05-20 19:18:29.649,1,,-05:00:00,-05:00:00,2025-05-20 19:18:29.649,2025-05-20 19:18:29.649
2690,Lélouma,92,GN,Guinea,LE,prefecture,11.183333,-12.933333,2025-05-20 19:18:29.649,1,2025-05-20 19:18:29.649,1,,-05:00:00,-05:00:00,2025-05-20 19:18:29.649,2025-05-20 19:18:29.649
2708,Lola,92,GN,Guinea,LO,prefecture,7.9613818,-8.3964938,2025-05-20 19:18:29.649,1,2025-05-20 19:18:29.649,1,,-05:00:00,-05:00:00,2025-05-20 19:18:29.649,2025-05-20 19:18:29.649
2702,Macenta,92,GN,Guinea,MC,prefecture,8.4615795,-9.2785583,2025-05-20 19:18:29.649,1,2025-05-20 19:18:29.649,1,,-05:00:00,-05:00:00,2025-05-20 19:18:29.649,2025-05-20 19:18:29.649
2700,Mali,92,GN,Guinea,ML,prefecture,11.983709,-12.2547919,2025-05-20 19:18:29.649,1,2025-05-20 19:18:29.649,1,,-05:00:00,-05:00:00,2025-05-20 19:18:29.649,2025-05-20 19:18:29.649
2698,Mamou,92,GN,Guinea,M,administrative region,10.603411,-12.8337155,2025-05-20 19:18:29.649,1,2025-05-20 19:18:29.649,1,,-05:00:00,-05:00:00,2025-05-20 19:18:29.649,2025-05-20 19:18:29.649
2689,Mamou,92,GN,Guinea,MM,prefecture,10.4913109,-12.567925,2025-05-20 19:18:29.649,1,2025-05-20 19:18:29.649,1,,-05:00:00,-05:00:00,2025-05-20 19:18:29.649,2025-05-20 19:18:29.649
2673,Mandiana,92,GN,Guinea,MD,prefecture,10.6172827,-8.6985716,2025-05-20 19:18:29.649,1,2025-05-20 19:18:29.649,1,,-05:00:00,-05:00:00,2025-05-20 19:18:29.649,2025-05-20 19:18:29.649
2684,Nzérékoré,92,GN,Guinea,N,administrative region,8.038587,-8.8362755,2025-05-20 19:18:29.649,1,2025-05-20 19:18:29.649,1,,-05:00:00,-05:00:00,2025-05-20 19:18:29.649,2025-05-20 19:18:29.649
2678,Nzérékoré,92,GN,Guinea,NZ,prefecture,7.7478359,-8.8252502,2025-05-20 19:18:29.649,1,2025-05-20 19:18:29.649,1,,-05:00:00,-05:00:00,2025-05-20 19:18:29.649,2025-05-20 19:18:29.649
2694,Pita,92,GN,Guinea,PI,prefecture,10.8062086,-12.7135121,2025-05-20 19:18:29.649,1,2025-05-20 19:18:29.649,1,,-05:00:00,-05:00:00,2025-05-20 19:18:29.649,2025-05-20 19:18:29.649
2707,Siguiri,92,GN,Guinea,SI,prefecture,11.4148113,-9.1788304,2025-05-20 19:18:29.649,1,2025-05-20 19:18:29.649,1,,-05:00:00,-05:00:00,2025-05-20 19:18:29.649,2025-05-20 19:18:29.649
2687,Télimélé,92,GN,Guinea,TE,prefecture,10.9089364,-13.0299331,2025-05-20 19:18:29.649,1,2025-05-20 19:18:29.649,1,,-05:00:00,-05:00:00,2025-05-20 19:18:29.649,2025-05-20 19:18:29.649
2696,Tougué,92,GN,Guinea,TO,prefecture,11.3841583,-11.6157773,2025-05-20 19:18:29.649,1,2025-05-20 19:18:29.649,1,,-05:00:00,-05:00:00,2025-05-20 19:18:29.649,2025-05-20 19:18:29.649
2674,Yomou,92,GN,Guinea,YO,prefecture,7.5696279,-9.2591571,2025-05-20 19:18:29.649,1,2025-05-20 19:18:29.649,1,,-05:00:00,-05:00:00,2025-05-20 19:18:29.649,2025-05-20 19:18:29.649
2720,Bafatá,93,GW,Guinea-Bissau,BA,region,12.1735243,-14.652952,2025-05-20 19:18:29.649,1,2025-05-20 19:18:29.649,1,,-05:00:00,-05:00:00,2025-05-20 19:18:29.649,2025-05-20 19:18:29.649
2714,Biombo,93,GW,Guinea-Bissau,BM,region,11.8529061,-15.7351171,2025-05-20 19:18:29.649,1,2025-05-20 19:18:29.649,1,,-05:00:00,-05:00:00,2025-05-20 19:18:29.649,2025-05-20 19:18:29.649
2722,Bolama,93,GW,Guinea-Bissau,BL,region,11.1480591,-16.1345705,2025-05-20 19:18:29.649,1,2025-05-20 19:18:29.649,1,,-05:00:00,-05:00:00,2025-05-20 19:18:29.649,2025-05-20 19:18:29.649
2713,Cacheu,93,GW,Guinea-Bissau,CA,region,12.0551416,-16.0640179,2025-05-20 19:18:29.649,1,2025-05-20 19:18:29.649,1,,-05:00:00,-05:00:00,2025-05-20 19:18:29.649,2025-05-20 19:18:29.649
2719,Gabú,93,GW,Guinea-Bissau,GA,region,11.8962488,-14.1001326,2025-05-20 19:18:29.649,1,2025-05-20 19:18:29.649,1,,-05:00:00,-05:00:00,2025-05-20 19:18:29.649,2025-05-20 19:18:29.649
2721,Leste,93,GW,Guinea-Bissau,L,province,,,2025-05-20 19:18:29.649,1,2025-05-20 19:18:29.649,1,,-05:00:00,-05:00:00,2025-05-20 19:18:29.649,2025-05-20 19:18:29.649
2717,Norte,93,GW,Guinea-Bissau,N,province,7.8721811,123.8857747,2025-05-20 19:18:29.649,1,2025-05-20 19:18:29.649,1,,-05:00:00,-05:00:00,2025-05-20 19:18:29.649,2025-05-20 19:18:29.649
2718,Oio,93,GW,Guinea-Bissau,OI,region,12.2760709,-15.3131185,2025-05-20 19:18:29.649,1,2025-05-20 19:18:29.649,1,,-05:00:00,-05:00:00,2025-05-20 19:18:29.649,2025-05-20 19:18:29.649
2715,Quinara,93,GW,Guinea-Bissau,QU,region,11.795562,-15.1726816,2025-05-20 19:18:29.649,1,2025-05-20 19:18:29.649,1,,-05:00:00,-05:00:00,2025-05-20 19:18:29.649,2025-05-20 19:18:29.649
2716,Sul,93,GW,Guinea-Bissau,S,province,-10.2866578,20.7122465,2025-05-20 19:18:29.649,1,2025-05-20 19:18:29.649,1,,-05:00:00,-05:00:00,2025-05-20 19:18:29.649,2025-05-20 19:18:29.649
2712,Tombali,93,GW,Guinea-Bissau,TO,region,11.3632696,-14.9856176,2025-05-20 19:18:29.649,1,2025-05-20 19:18:29.649,1,,-05:00:00,-05:00:00,2025-05-20 19:18:29.649,2025-05-20 19:18:29.649
2764,Barima-Waini,94,GY,Guyana,BA,region,7.4882419,-59.6564494,2025-05-20 19:18:29.649,1,2025-05-20 19:18:29.649,1,,-05:00:00,-05:00:00,2025-05-20 19:18:29.649,2025-05-20 19:18:29.649
2760,Cuyuni-Mazaruni,94,GY,Guyana,CU,region,6.4642141,-60.2110752,2025-05-20 19:18:29.649,1,2025-05-20 19:18:29.649,1,,-05:00:00,-05:00:00,2025-05-20 19:18:29.649,2025-05-20 19:18:29.649
2767,Demerara-Mahaica,94,GY,Guyana,DE,region,6.546426,-58.0982046,2025-05-20 19:18:29.649,1,2025-05-20 19:18:29.649,1,,-05:00:00,-05:00:00,2025-05-20 19:18:29.649,2025-05-20 19:18:29.649
2766,East Berbice-Corentyne,94,GY,Guyana,EB,region,2.7477922,-57.4627259,2025-05-20 19:18:29.649,1,2025-05-20 19:18:29.649,1,,-05:00:00,-05:00:00,2025-05-20 19:18:29.649,2025-05-20 19:18:29.649
2768,Essequibo Islands-West Demerara,94,GY,Guyana,ES,region,6.5720132,-58.4629997,2025-05-20 19:18:29.649,1,2025-05-20 19:18:29.649,1,,-05:00:00,-05:00:00,2025-05-20 19:18:29.649,2025-05-20 19:18:29.649
2762,Mahaica-Berbice,94,GY,Guyana,MA,region,6.238496,-57.9162555,2025-05-20 19:18:29.649,1,2025-05-20 19:18:29.649,1,,-05:00:00,-05:00:00,2025-05-20 19:18:29.649,2025-05-20 19:18:29.649
2765,Pomeroon-Supenaam,94,GY,Guyana,PM,region,7.1294166,-58.9206295,2025-05-20 19:18:29.649,1,2025-05-20 19:18:29.649,1,,-05:00:00,-05:00:00,2025-05-20 19:18:29.649,2025-05-20 19:18:29.649
2761,Potaro-Siparuni,94,GY,Guyana,PT,region,4.7855853,-59.2879977,2025-05-20 19:18:29.649,1,2025-05-20 19:18:29.649,1,,-05:00:00,-05:00:00,2025-05-20 19:18:29.649,2025-05-20 19:18:29.649
2763,Upper Demerara-Berbice,94,GY,Guyana,UD,region,5.3064879,-58.1892921,2025-05-20 19:18:29.649,1,2025-05-20 19:18:29.649,1,,-05:00:00,-05:00:00,2025-05-20 19:18:29.649,2025-05-20 19:18:29.649
2769,Upper Takutu-Upper Essequibo,94,GY,Guyana,UT,region,2.9239595,-58.7373634,2025-05-20 19:18:29.649,1,2025-05-20 19:18:29.649,1,,-05:00:00,-05:00:00,2025-05-20 19:18:29.649,2025-05-20 19:18:29.649
4123,Artibonite,95,HT,Haiti,AR,department,19.362902,-72.4258145,2025-05-20 19:18:29.649,1,2025-05-20 19:18:29.649,1,,-05:00:00,-05:00:00,2025-05-20 19:18:29.649,2025-05-20 19:18:29.649
4125,Centre,95,HT,Haiti,CE,department,32.8370251,-96.7773882,2025-05-20 19:18:29.649,1,2025-05-20 19:18:29.649,1,,-05:00:00,-05:00:00,2025-05-20 19:18:29.649,2025-05-20 19:18:29.649
4119,Grand'Anse,95,HT,Haiti,GA,department,12.0166667,-61.7666667,2025-05-20 19:18:29.649,1,2025-05-20 19:18:29.649,1,,-05:00:00,-05:00:00,2025-05-20 19:18:29.649,2025-05-20 19:18:29.649
4118,Nippes,95,HT,Haiti,NI,department,18.3990735,-73.4180211,2025-05-20 19:18:29.649,1,2025-05-20 19:18:29.649,1,,-05:00:00,-05:00:00,2025-05-20 19:18:29.649,2025-05-20 19:18:29.649
4117,Nord,95,HT,Haiti,ND,department,43.190526,-89.437921,2025-05-20 19:18:29.649,1,2025-05-20 19:18:29.649,1,,-05:00:00,-05:00:00,2025-05-20 19:18:29.649,2025-05-20 19:18:29.649
4121,Nord-Est,95,HT,Haiti,NE,department,19.4889723,-71.8571331,2025-05-20 19:18:29.649,1,2025-05-20 19:18:29.649,1,,-05:00:00,-05:00:00,2025-05-20 19:18:29.649,2025-05-20 19:18:29.649
4126,Nord-Ouest,95,HT,Haiti,NO,department,19.8374009,-73.0405277,2025-05-20 19:18:29.649,1,2025-05-20 19:18:29.649,1,,-05:00:00,-05:00:00,2025-05-20 19:18:29.649,2025-05-20 19:18:29.649
4120,Ouest,95,HT,Haiti,OU,department,45.4547249,-73.6502365,2025-05-20 19:18:29.649,1,2025-05-20 19:18:29.649,1,,-05:00:00,-05:00:00,2025-05-20 19:18:29.649,2025-05-20 19:18:29.649
4122,Sud,95,HT,Haiti,SD,department,29.9213248,-90.0973772,2025-05-20 19:18:29.649,1,2025-05-20 19:18:29.649,1,,-05:00:00,-05:00:00,2025-05-20 19:18:29.649,2025-05-20 19:18:29.649
4124,Sud-Est,95,HT,Haiti,SE,department,18.2783598,-72.3547915,2025-05-20 19:18:29.649,1,2025-05-20 19:18:29.649,1,,-05:00:00,-05:00:00,2025-05-20 19:18:29.649,2025-05-20 19:18:29.649
4047,Atlántida,97,HN,Honduras,AT,department,15.6696283,-87.1422895,2025-05-20 19:18:29.649,1,2025-05-20 19:18:29.649,1,,-05:00:00,-05:00:00,2025-05-20 19:18:29.649,2025-05-20 19:18:29.649
4045,Bay Islands,97,HN,Honduras,IB,department,16.4826614,-85.8793252,2025-05-20 19:18:29.649,1,2025-05-20 19:18:29.649,1,,-05:00:00,-05:00:00,2025-05-20 19:18:29.649,2025-05-20 19:18:29.649
4041,Choluteca,97,HN,Honduras,CH,department,13.2504325,-87.1422895,2025-05-20 19:18:29.649,1,2025-05-20 19:18:29.649,1,,-05:00:00,-05:00:00,2025-05-20 19:18:29.649,2025-05-20 19:18:29.649
4051,Colón,97,HN,Honduras,CL,department,15.6425965,-85.520024,2025-05-20 19:18:29.649,1,2025-05-20 19:18:29.649,1,,-05:00:00,-05:00:00,2025-05-20 19:18:29.649,2025-05-20 19:18:29.649
4042,Comayagua,97,HN,Honduras,CM,department,14.5534828,-87.6186379,2025-05-20 19:18:29.649,1,2025-05-20 19:18:29.649,1,,-05:00:00,-05:00:00,2025-05-20 19:18:29.649,2025-05-20 19:18:29.649
4049,Copán,97,HN,Honduras,CP,department,14.9360838,-88.864698,2025-05-20 19:18:29.649,1,2025-05-20 19:18:29.649,1,,-05:00:00,-05:00:00,2025-05-20 19:18:29.649,2025-05-20 19:18:29.649
4046,Cortés,97,HN,Honduras,CR,department,15.4923508,-88.0900762,2025-05-20 19:18:29.649,1,2025-05-20 19:18:29.649,1,,-05:00:00,-05:00:00,2025-05-20 19:18:29.649,2025-05-20 19:18:29.649
4043,El Paraíso,97,HN,Honduras,EP,department,13.9821294,-86.4996546,2025-05-20 19:18:29.649,1,2025-05-20 19:18:29.649,1,,-05:00:00,-05:00:00,2025-05-20 19:18:29.649,2025-05-20 19:18:29.649
4052,Francisco Morazán,97,HN,Honduras,FM,department,14.45411,-87.0624261,2025-05-20 19:18:29.649,1,2025-05-20 19:18:29.649,1,,-05:00:00,-05:00:00,2025-05-20 19:18:29.649,2025-05-20 19:18:29.649
4048,Gracias a Dios,97,HN,Honduras,GD,department,15.341806,-84.6060449,2025-05-20 19:18:29.649,1,2025-05-20 19:18:29.649,1,,-05:00:00,-05:00:00,2025-05-20 19:18:29.649,2025-05-20 19:18:29.649
4044,Intibucá,97,HN,Honduras,IN,department,14.372734,-88.2461183,2025-05-20 19:18:29.649,1,2025-05-20 19:18:29.649,1,,-05:00:00,-05:00:00,2025-05-20 19:18:29.649,2025-05-20 19:18:29.649
4058,La Paz,97,HN,Honduras,LP,department,-15.0892416,-68.5247149,2025-05-20 19:18:29.649,1,2025-05-20 19:18:29.649,1,,-05:00:00,-05:00:00,2025-05-20 19:18:29.649,2025-05-20 19:18:29.649
4054,Lempira,97,HN,Honduras,LE,department,14.1887698,-88.556531,2025-05-20 19:18:29.649,1,2025-05-20 19:18:29.649,1,,-05:00:00,-05:00:00,2025-05-20 19:18:29.649,2025-05-20 19:18:29.649
4056,Ocotepeque,97,HN,Honduras,OC,department,14.5170347,-89.0561532,2025-05-20 19:18:29.649,1,2025-05-20 19:18:29.649,1,,-05:00:00,-05:00:00,2025-05-20 19:18:29.649,2025-05-20 19:18:29.649
4050,Olancho,97,HN,Honduras,OL,department,14.8067406,-85.7666645,2025-05-20 19:18:29.649,1,2025-05-20 19:18:29.649,1,,-05:00:00,-05:00:00,2025-05-20 19:18:29.649,2025-05-20 19:18:29.649
4053,Santa Bárbara,97,HN,Honduras,SB,department,15.1202795,-88.4016041,2025-05-20 19:18:29.649,1,2025-05-20 19:18:29.649,1,,-05:00:00,-05:00:00,2025-05-20 19:18:29.649,2025-05-20 19:18:29.649
4055,Valle,97,HN,Honduras,VA,department,13.5782936,-87.5791287,2025-05-20 19:18:29.649,1,2025-05-20 19:18:29.649,1,,-05:00:00,-05:00:00,2025-05-20 19:18:29.649,2025-05-20 19:18:29.649
4057,Yoro,97,HN,Honduras,YO,department,15.2949679,-87.1422895,2025-05-20 19:18:29.649,1,2025-05-20 19:18:29.649,1,,-05:00:00,-05:00:00,2025-05-20 19:18:29.649,2025-05-20 19:18:29.649
4889,Central and Western,98,HK,Hong Kong S.A.R.,HCW,district,22.28666,114.15497,2025-05-20 19:18:29.649,1,2025-05-20 19:18:29.649,1,,-05:00:00,-05:00:00,2025-05-20 19:18:29.649,2025-05-20 19:18:29.649
4891,Eastern,98,HK,Hong Kong S.A.R.,HEA,district,22.28411,114.22414,2025-05-20 19:18:29.649,1,2025-05-20 19:18:29.649,1,,-05:00:00,-05:00:00,2025-05-20 19:18:29.649,2025-05-20 19:18:29.649
4888,Islands,98,HK,Hong Kong S.A.R.,NIS,district,22.26114,113.94608,2025-05-20 19:18:29.649,1,2025-05-20 19:18:29.649,1,,-05:00:00,-05:00:00,2025-05-20 19:18:29.649,2025-05-20 19:18:29.649
4895,Kowloon City,98,HK,Hong Kong S.A.R.,KKC,district,22.3282,114.19155,2025-05-20 19:18:29.649,1,2025-05-20 19:18:29.649,1,,-05:00:00,-05:00:00,2025-05-20 19:18:29.649,2025-05-20 19:18:29.649
4898,Kwai Tsing,98,HK,Hong Kong S.A.R.,NKT,district,22.35488,114.08401,2025-05-20 19:18:29.649,1,2025-05-20 19:18:29.649,1,,-05:00:00,-05:00:00,2025-05-20 19:18:29.649,2025-05-20 19:18:29.649
4897,Kwun Tong,98,HK,Hong Kong S.A.R.,KKT,district,22.31326,114.22581,2025-05-20 19:18:29.649,1,2025-05-20 19:18:29.649,1,,-05:00:00,-05:00:00,2025-05-20 19:18:29.649,2025-05-20 19:18:29.649
4900,North,98,HK,Hong Kong S.A.R.,NNO,district,22.49471,114.13812,2025-05-20 19:18:29.649,1,2025-05-20 19:18:29.649,1,,-05:00:00,-05:00:00,2025-05-20 19:18:29.649,2025-05-20 19:18:29.649
4887,Sai Kung,98,HK,Hong Kong S.A.R.,NSK,district,22.38143,114.27052,2025-05-20 19:18:29.649,1,2025-05-20 19:18:29.649,1,,-05:00:00,-05:00:00,2025-05-20 19:18:29.649,2025-05-20 19:18:29.649
4901,Sha Tin,98,HK,Hong Kong S.A.R.,NST,district,22.38715,114.19534,2025-05-20 19:18:29.649,1,2025-05-20 19:18:29.649,1,,-05:00:00,-05:00:00,2025-05-20 19:18:29.649,2025-05-20 19:18:29.649
4894,Sham Shui Po,98,HK,Hong Kong S.A.R.,KSS,district,22.33074,114.1622,2025-05-20 19:18:29.649,1,2025-05-20 19:18:29.649,1,,-05:00:00,-05:00:00,2025-05-20 19:18:29.649,2025-05-20 19:18:29.649
4892,Southern,98,HK,Hong Kong S.A.R.,HSO,district,22.24725,114.15884,2025-05-20 19:18:29.649,1,2025-05-20 19:18:29.649,1,,-05:00:00,-05:00:00,2025-05-20 19:18:29.649,2025-05-20 19:18:29.649
4885,Tai Po,98,HK,Hong Kong S.A.R.,NTP,district,22.45085,114.16422,2025-05-20 19:18:29.649,1,2025-05-20 19:18:29.649,1,,-05:00:00,-05:00:00,2025-05-20 19:18:29.649,2025-05-20 19:18:29.649
4884,Tsuen Wan,98,HK,Hong Kong S.A.R.,NTW,district,22.36281,114.12907,2025-05-20 19:18:29.649,1,2025-05-20 19:18:29.649,1,,-05:00:00,-05:00:00,2025-05-20 19:18:29.649,2025-05-20 19:18:29.649
4899,Tuen Mun,98,HK,Hong Kong S.A.R.,NTM,district,22.39163,113.9770885,2025-05-20 19:18:29.649,1,2025-05-20 19:18:29.649,1,,-05:00:00,-05:00:00,2025-05-20 19:18:29.649,2025-05-20 19:18:29.649
4890,Wan Chai,98,HK,Hong Kong S.A.R.,HWC,district,22.27968,114.17168,2025-05-20 19:18:29.649,1,2025-05-20 19:18:29.649,1,,-05:00:00,-05:00:00,2025-05-20 19:18:29.649,2025-05-20 19:18:29.649
4896,Wong Tai Sin,98,HK,Hong Kong S.A.R.,KWT,district,22.33353,114.19686,2025-05-20 19:18:29.649,1,2025-05-20 19:18:29.649,1,,-05:00:00,-05:00:00,2025-05-20 19:18:29.649,2025-05-20 19:18:29.649
4893,Yau Tsim Mong,98,HK,Hong Kong S.A.R.,KYT,district,22.32138,114.1726,2025-05-20 19:18:29.649,1,2025-05-20 19:18:29.649,1,,-05:00:00,-05:00:00,2025-05-20 19:18:29.649,2025-05-20 19:18:29.649
4883,Yuen Long,98,HK,Hong Kong S.A.R.,NYL,district,22.44559,114.02218,2025-05-20 19:18:29.649,1,2025-05-20 19:18:29.649,1,,-05:00:00,-05:00:00,2025-05-20 19:18:29.649,2025-05-20 19:18:29.649
1048,Bács-Kiskun,99,HU,Hungary,BK,county,46.5661437,19.4272464,2025-05-20 19:18:29.649,1,2025-05-20 19:18:29.649,1,,-05:00:00,-05:00:00,2025-05-20 19:18:29.649,2025-05-20 19:18:29.649
1055,Baranya,99,HU,Hungary,BA,county,46.0484585,18.2719173,2025-05-20 19:18:29.649,1,2025-05-20 19:18:29.649,1,,-05:00:00,-05:00:00,2025-05-20 19:18:29.649,2025-05-20 19:18:29.649
1060,Békés,99,HU,Hungary,BE,county,46.6704899,21.0434996,2025-05-20 19:18:29.649,1,2025-05-20 19:18:29.649,1,,-05:00:00,-05:00:00,2025-05-20 19:18:29.649,2025-05-20 19:18:29.649
1036,Békéscsaba,99,HU,Hungary,BC,city with county rights,46.6735939,21.0877309,2025-05-20 19:18:29.649,1,2025-05-20 19:18:29.649,1,,-05:00:00,-05:00:00,2025-05-20 19:18:29.649,2025-05-20 19:18:29.649
1058,Borsod-Abaúj-Zemplén,99,HU,Hungary,BZ,county,48.2939401,20.6934112,2025-05-20 19:18:29.649,1,2025-05-20 19:18:29.649,1,,-05:00:00,-05:00:00,2025-05-20 19:18:29.649,2025-05-20 19:18:29.649
1064,Budapest,99,HU,Hungary,BU,capital city,47.497912,19.040235,2025-05-20 19:18:29.649,1,2025-05-20 19:18:29.649,1,,-05:00:00,-05:00:00,2025-05-20 19:18:29.649,2025-05-20 19:18:29.649
1031,Csongrád County,99,HU,Hungary,CS,county,46.416705,20.2566161,2025-05-20 19:18:29.649,1,2025-05-20 19:18:29.649,1,,-05:00:00,-05:00:00,2025-05-20 19:18:29.649,2025-05-20 19:18:29.649
1032,Debrecen,99,HU,Hungary,DE,city with county rights,47.5316049,21.6273124,2025-05-20 19:18:29.649,1,2025-05-20 19:18:29.649,1,,-05:00:00,-05:00:00,2025-05-20 19:18:29.649,2025-05-20 19:18:29.649
1049,Dunaújváros,99,HU,Hungary,DU,city with county rights,46.9619059,18.9355227,2025-05-20 19:18:29.649,1,2025-05-20 19:18:29.649,1,,-05:00:00,-05:00:00,2025-05-20 19:18:29.649,2025-05-20 19:18:29.649
1037,Eger,99,HU,Hungary,EG,city with county rights,47.9025348,20.3772284,2025-05-20 19:18:29.649,1,2025-05-20 19:18:29.649,1,,-05:00:00,-05:00:00,2025-05-20 19:18:29.649,2025-05-20 19:18:29.649
1028,Érd,99,HU,Hungary,ER,city with county rights,47.3919718,18.904544,2025-05-20 19:18:29.649,1,2025-05-20 19:18:29.649,1,,-05:00:00,-05:00:00,2025-05-20 19:18:29.649,2025-05-20 19:18:29.649
1044,Fejér County,99,HU,Hungary,FE,county,47.1217932,18.5294815,2025-05-20 19:18:29.649,1,2025-05-20 19:18:29.649,1,,-05:00:00,-05:00:00,2025-05-20 19:18:29.649,2025-05-20 19:18:29.649
1041,Győr,99,HU,Hungary,GY,city with county rights,47.6874569,17.6503974,2025-05-20 19:18:29.649,1,2025-05-20 19:18:29.649,1,,-05:00:00,-05:00:00,2025-05-20 19:18:29.649,2025-05-20 19:18:29.649
1042,Győr-Moson-Sopron County,99,HU,Hungary,GS,county,47.6509285,17.2505883,2025-05-20 19:18:29.649,1,2025-05-20 19:18:29.649,1,,-05:00:00,-05:00:00,2025-05-20 19:18:29.649,2025-05-20 19:18:29.649
1063,Hajdú-Bihar County,99,HU,Hungary,HB,county,47.4688355,21.5453227,2025-05-20 19:18:29.649,1,2025-05-20 19:18:29.649,1,,-05:00:00,-05:00:00,2025-05-20 19:18:29.649,2025-05-20 19:18:29.649
1040,Heves County,99,HU,Hungary,HE,county,47.8057617,20.2038559,2025-05-20 19:18:29.649,1,2025-05-20 19:18:29.649,1,,-05:00:00,-05:00:00,2025-05-20 19:18:29.649,2025-05-20 19:18:29.649
1027,Hódmezővásárhely,99,HU,Hungary,HV,city with county rights,46.4181262,20.3300315,2025-05-20 19:18:29.649,1,2025-05-20 19:18:29.649,1,,-05:00:00,-05:00:00,2025-05-20 19:18:29.649,2025-05-20 19:18:29.649
1043,Jász-Nagykun-Szolnok County,99,HU,Hungary,JN,county,47.2555579,20.5232456,2025-05-20 19:18:29.649,1,2025-05-20 19:18:29.649,1,,-05:00:00,-05:00:00,2025-05-20 19:18:29.649,2025-05-20 19:18:29.649
1067,Kaposvár,99,HU,Hungary,KV,city with county rights,46.3593606,17.7967639,2025-05-20 19:18:29.649,1,2025-05-20 19:18:29.649,1,,-05:00:00,-05:00:00,2025-05-20 19:18:29.649,2025-05-20 19:18:29.649
1056,Kecskemét,99,HU,Hungary,KM,city with county rights,46.8963711,19.6896861,2025-05-20 19:18:29.649,1,2025-05-20 19:18:29.649,1,,-05:00:00,-05:00:00,2025-05-20 19:18:29.649,2025-05-20 19:18:29.649
5085,Komárom-Esztergom,99,HU,Hungary,KE,county,47.5779786,18.1256855,2025-05-20 19:18:29.649,1,2025-05-20 19:18:29.649,1,,-05:00:00,-05:00:00,2025-05-20 19:18:29.649,2025-05-20 19:18:29.649
1065,Miskolc,99,HU,Hungary,MI,city with county rights,48.1034775,20.7784384,2025-05-20 19:18:29.649,1,2025-05-20 19:18:29.649,1,,-05:00:00,-05:00:00,2025-05-20 19:18:29.649,2025-05-20 19:18:29.649
1030,Nagykanizsa,99,HU,Hungary,NK,city with county rights,46.4590218,16.9896796,2025-05-20 19:18:29.649,1,2025-05-20 19:18:29.649,1,,-05:00:00,-05:00:00,2025-05-20 19:18:29.649,2025-05-20 19:18:29.649
1051,Nógrád County,99,HU,Hungary,NO,county,47.9041031,19.0498504,2025-05-20 19:18:29.649,1,2025-05-20 19:18:29.649,1,,-05:00:00,-05:00:00,2025-05-20 19:18:29.649,2025-05-20 19:18:29.649
1034,Nyíregyháza,99,HU,Hungary,NY,city with county rights,47.9495324,21.7244053,2025-05-20 19:18:29.649,1,2025-05-20 19:18:29.649,1,,-05:00:00,-05:00:00,2025-05-20 19:18:29.649,2025-05-20 19:18:29.649
1053,Pécs,99,HU,Hungary,PS,city with county rights,46.0727345,18.232266,2025-05-20 19:18:29.649,1,2025-05-20 19:18:29.649,1,,-05:00:00,-05:00:00,2025-05-20 19:18:29.649,2025-05-20 19:18:29.649
1059,Pest County,99,HU,Hungary,PE,county,47.4480001,19.4618128,2025-05-20 19:18:29.649,1,2025-05-20 19:18:29.649,1,,-05:00:00,-05:00:00,2025-05-20 19:18:29.649,2025-05-20 19:18:29.649
1068,Salgótarján,99,HU,Hungary,ST,city with county rights,48.0935237,19.7999813,2025-05-20 19:18:29.649,1,2025-05-20 19:18:29.649,1,,-05:00:00,-05:00:00,2025-05-20 19:18:29.649,2025-05-20 19:18:29.649
1035,Somogy County,99,HU,Hungary,SO,county,46.554859,17.5866732,2025-05-20 19:18:29.649,1,2025-05-20 19:18:29.649,1,,-05:00:00,-05:00:00,2025-05-20 19:18:29.649,2025-05-20 19:18:29.649
1057,Sopron,99,HU,Hungary,SN,city with county rights,47.6816619,16.5844795,2025-05-20 19:18:29.649,1,2025-05-20 19:18:29.649,1,,-05:00:00,-05:00:00,2025-05-20 19:18:29.649,2025-05-20 19:18:29.649
1045,Szabolcs-Szatmár-Bereg County,99,HU,Hungary,SZ,county,48.0394954,22.00333,2025-05-20 19:18:29.649,1,2025-05-20 19:18:29.649,1,,-05:00:00,-05:00:00,2025-05-20 19:18:29.649,2025-05-20 19:18:29.649
1029,Szeged,99,HU,Hungary,SD,city with county rights,46.2530102,20.1414253,2025-05-20 19:18:29.649,1,2025-05-20 19:18:29.649,1,,-05:00:00,-05:00:00,2025-05-20 19:18:29.649,2025-05-20 19:18:29.649
1033,Székesfehérvár,99,HU,Hungary,SF,city with county rights,47.1860262,18.4221358,2025-05-20 19:18:29.649,1,2025-05-20 19:18:29.649,1,,-05:00:00,-05:00:00,2025-05-20 19:18:29.649,2025-05-20 19:18:29.649
1061,Szekszárd,99,HU,Hungary,SS,city with county rights,46.3474326,18.7062293,2025-05-20 19:18:29.649,1,2025-05-20 19:18:29.649,1,,-05:00:00,-05:00:00,2025-05-20 19:18:29.649,2025-05-20 19:18:29.649
1047,Szolnok,99,HU,Hungary,SK,city with county rights,47.1621355,20.1824712,2025-05-20 19:18:29.649,1,2025-05-20 19:18:29.649,1,,-05:00:00,-05:00:00,2025-05-20 19:18:29.649,2025-05-20 19:18:29.649
1052,Szombathely,99,HU,Hungary,SH,city with county rights,47.2306851,16.6218441,2025-05-20 19:18:29.649,1,2025-05-20 19:18:29.649,1,,-05:00:00,-05:00:00,2025-05-20 19:18:29.649,2025-05-20 19:18:29.649
1066,Tatabánya,99,HU,Hungary,TB,city with county rights,47.569246,18.404818,2025-05-20 19:18:29.649,1,2025-05-20 19:18:29.649,1,,-05:00:00,-05:00:00,2025-05-20 19:18:29.649,2025-05-20 19:18:29.649
1038,Tolna County,99,HU,Hungary,TO,county,46.4762754,18.5570627,2025-05-20 19:18:29.649,1,2025-05-20 19:18:29.649,1,,-05:00:00,-05:00:00,2025-05-20 19:18:29.649,2025-05-20 19:18:29.649
1039,Vas County,99,HU,Hungary,VA,county,47.0929111,16.6812183,2025-05-20 19:18:29.649,1,2025-05-20 19:18:29.649,1,,-05:00:00,-05:00:00,2025-05-20 19:18:29.649,2025-05-20 19:18:29.649
1062,Veszprém,99,HU,Hungary,VM,city with county rights,47.1028087,17.9093019,2025-05-20 19:18:29.649,1,2025-05-20 19:18:29.649,1,,-05:00:00,-05:00:00,2025-05-20 19:18:29.649,2025-05-20 19:18:29.649
1054,Veszprém County,99,HU,Hungary,VE,county,47.0930974,17.9100763,2025-05-20 19:18:29.649,1,2025-05-20 19:18:29.649,1,,-05:00:00,-05:00:00,2025-05-20 19:18:29.649,2025-05-20 19:18:29.649
1046,Zala County,99,HU,Hungary,ZA,county,46.7384404,16.9152252,2025-05-20 19:18:29.649,1,2025-05-20 19:18:29.649,1,,-05:00:00,-05:00:00,2025-05-20 19:18:29.649,2025-05-20 19:18:29.649
1050,Zalaegerszeg,99,HU,Hungary,ZE,county,46.8416936,16.8416322,2025-05-20 19:18:29.649,1,2025-05-20 19:18:29.649,1,,-05:00:00,-05:00:00,2025-05-20 19:18:29.649,2025-05-20 19:18:29.649
3431,Capital,100,IS,Iceland,1,region,64.1063839,-22.2910581,2025-05-20 19:18:29.649,1,2025-05-20 19:18:29.649,1,,-05:00:00,-05:00:00,2025-05-20 19:18:29.649,2025-05-20 19:18:29.649
3433,Eastern,100,IS,Iceland,7,region,64.9597654,-18.0691038,2025-05-20 19:18:29.649,1,2025-05-20 19:18:29.649,1,,-05:00:00,-05:00:00,2025-05-20 19:18:29.649,2025-05-20 19:18:29.649
3437,Northeastern,100,IS,Iceland,6,region,65.4639984,-19.4327371,2025-05-20 19:18:29.649,1,2025-05-20 19:18:29.649,1,,-05:00:00,-05:00:00,2025-05-20 19:18:29.649,2025-05-20 19:18:29.649
3435,Northwestern,100,IS,Iceland,5,region,65.4621812,-21.02708,2025-05-20 19:18:29.649,1,2025-05-20 19:18:29.649,1,,-05:00:00,-05:00:00,2025-05-20 19:18:29.649,2025-05-20 19:18:29.649
3434,Southern,100,IS,Iceland,8,region,64.0581548,-22.231174,2025-05-20 19:18:29.649,1,2025-05-20 19:18:29.649,1,,-05:00:00,-05:00:00,2025-05-20 19:18:29.649,2025-05-20 19:18:29.649
3430,Southern Peninsula,100,IS,Iceland,2,region,63.9154803,-22.3649667,2025-05-20 19:18:29.649,1,2025-05-20 19:18:29.649,1,,-05:00:00,-05:00:00,2025-05-20 19:18:29.649,2025-05-20 19:18:29.649
3436,Western,100,IS,Iceland,3,region,64.8865467,-24.5559296,2025-05-20 19:18:29.649,1,2025-05-20 19:18:29.649,1,,-05:00:00,-05:00:00,2025-05-20 19:18:29.649,2025-05-20 19:18:29.649
3432,Westfjords,100,IS,Iceland,4,region,65.693682,-25.3976235,2025-05-20 19:18:29.649,1,2025-05-20 19:18:29.649,1,,-05:00:00,-05:00:00,2025-05-20 19:18:29.649,2025-05-20 19:18:29.649
4023,Andaman and Nicobar Islands,101,IN,India,AN,union territory,11.7400867,92.6586401,2025-05-20 19:18:29.649,1,2025-05-20 19:18:29.649,1,,-05:00:00,-05:00:00,2025-05-20 19:18:29.649,2025-05-20 19:18:29.649
4017,Andhra Pradesh,101,IN,India,AP,state,15.9128998,79.7399875,2025-05-20 19:18:29.649,1,2025-05-20 19:18:29.649,1,,-05:00:00,-05:00:00,2025-05-20 19:18:29.649,2025-05-20 19:18:29.649
4024,Arunachal Pradesh,101,IN,India,AR,state,28.2179994,94.7277528,2025-05-20 19:18:29.649,1,2025-05-20 19:18:29.649,1,,-05:00:00,-05:00:00,2025-05-20 19:18:29.649,2025-05-20 19:18:29.649
4027,Assam,101,IN,India,AS,state,26.2006043,92.9375739,2025-05-20 19:18:29.649,1,2025-05-20 19:18:29.649,1,,-05:00:00,-05:00:00,2025-05-20 19:18:29.649,2025-05-20 19:18:29.649
4037,Bihar,101,IN,India,BR,state,25.0960742,85.3131194,2025-05-20 19:18:29.649,1,2025-05-20 19:18:29.649,1,,-05:00:00,-05:00:00,2025-05-20 19:18:29.649,2025-05-20 19:18:29.649
4031,Chandigarh,101,IN,India,CH,union territory,30.7333148,76.7794179,2025-05-20 19:18:29.649,1,2025-05-20 19:18:29.649,1,,-05:00:00,-05:00:00,2025-05-20 19:18:29.649,2025-05-20 19:18:29.649
4040,Chhattisgarh,101,IN,India,CT,state,21.2786567,81.8661442,2025-05-20 19:18:29.649,1,2025-05-20 19:18:29.649,1,,-05:00:00,-05:00:00,2025-05-20 19:18:29.649,2025-05-20 19:18:29.649
4033,Dadra and Nagar Haveli and Daman and Diu,101,IN,India,DH,union territory,20.3973736,72.8327991,2025-05-20 19:18:29.649,1,2025-05-20 19:18:29.649,1,,-05:00:00,-05:00:00,2025-05-20 19:18:29.649,2025-05-20 19:18:29.649
4021,Delhi,101,IN,India,DL,union territory,28.7040592,77.1024902,2025-05-20 19:18:29.649,1,2025-05-20 19:18:29.649,1,,-05:00:00,-05:00:00,2025-05-20 19:18:29.649,2025-05-20 19:18:29.649
4009,Goa,101,IN,India,GA,state,15.2993265,74.123996,2025-05-20 19:18:29.649,1,2025-05-20 19:18:29.649,1,,-05:00:00,-05:00:00,2025-05-20 19:18:29.649,2025-05-20 19:18:29.649
4030,Gujarat,101,IN,India,GJ,state,22.258652,71.1923805,2025-05-20 19:18:29.649,1,2025-05-20 19:18:29.649,1,,-05:00:00,-05:00:00,2025-05-20 19:18:29.649,2025-05-20 19:18:29.649
4007,Haryana,101,IN,India,HR,state,29.0587757,76.085601,2025-05-20 19:18:29.649,1,2025-05-20 19:18:29.649,1,,-05:00:00,-05:00:00,2025-05-20 19:18:29.649,2025-05-20 19:18:29.649
4020,Himachal Pradesh,101,IN,India,HP,state,31.1048294,77.1733901,2025-05-20 19:18:29.649,1,2025-05-20 19:18:29.649,1,,-05:00:00,-05:00:00,2025-05-20 19:18:29.649,2025-05-20 19:18:29.649
4029,Jammu and Kashmir,101,IN,India,JK,union territory,33.277839,75.3412179,2025-05-20 19:18:29.649,1,2025-05-20 19:18:29.649,1,,-05:00:00,-05:00:00,2025-05-20 19:18:29.649,2025-05-20 19:18:29.649
4025,Jharkhand,101,IN,India,JH,state,23.6101808,85.2799354,2025-05-20 19:18:29.649,1,2025-05-20 19:18:29.649,1,,-05:00:00,-05:00:00,2025-05-20 19:18:29.649,2025-05-20 19:18:29.649
4026,Karnataka,101,IN,India,KA,state,15.3172775,75.7138884,2025-05-20 19:18:29.649,1,2025-05-20 19:18:29.649,1,,-05:00:00,-05:00:00,2025-05-20 19:18:29.649,2025-05-20 19:18:29.649
4028,Kerala,101,IN,India,KL,state,10.8505159,76.2710833,2025-05-20 19:18:29.649,1,2025-05-20 19:18:29.649,1,,-05:00:00,-05:00:00,2025-05-20 19:18:29.649,2025-05-20 19:18:29.649
4852,Ladakh,101,IN,India,LA,union territory,34.2268475,77.5619419,2025-05-20 19:18:29.649,1,2025-05-20 19:18:29.649,1,,-05:00:00,-05:00:00,2025-05-20 19:18:29.649,2025-05-20 19:18:29.649
4019,Lakshadweep,101,IN,India,LD,union territory,10.3280265,72.7846336,2025-05-20 19:18:29.649,1,2025-05-20 19:18:29.649,1,,-05:00:00,-05:00:00,2025-05-20 19:18:29.649,2025-05-20 19:18:29.649
4039,Madhya Pradesh,101,IN,India,MP,state,22.9734229,78.6568942,2025-05-20 19:18:29.649,1,2025-05-20 19:18:29.649,1,,-05:00:00,-05:00:00,2025-05-20 19:18:29.649,2025-05-20 19:18:29.649
4008,Maharashtra,101,IN,India,MH,state,19.7514798,75.7138884,2025-05-20 19:18:29.649,1,2025-05-20 19:18:29.649,1,,-05:00:00,-05:00:00,2025-05-20 19:18:29.649,2025-05-20 19:18:29.649
4010,Manipur,101,IN,India,MN,state,24.6637173,93.9062688,2025-05-20 19:18:29.649,1,2025-05-20 19:18:29.649,1,,-05:00:00,-05:00:00,2025-05-20 19:18:29.649,2025-05-20 19:18:29.649
4006,Meghalaya,101,IN,India,ML,state,25.4670308,91.366216,2025-05-20 19:18:29.649,1,2025-05-20 19:18:29.649,1,,-05:00:00,-05:00:00,2025-05-20 19:18:29.649,2025-05-20 19:18:29.649
4036,Mizoram,101,IN,India,MZ,state,23.164543,92.9375739,2025-05-20 19:18:29.649,1,2025-05-20 19:18:29.649,1,,-05:00:00,-05:00:00,2025-05-20 19:18:29.649,2025-05-20 19:18:29.649
4018,Nagaland,101,IN,India,NL,state,26.1584354,94.5624426,2025-05-20 19:18:29.649,1,2025-05-20 19:18:29.649,1,,-05:00:00,-05:00:00,2025-05-20 19:18:29.649,2025-05-20 19:18:29.649
4013,Odisha,101,IN,India,OR,state,20.9516658,85.0985236,2025-05-20 19:18:29.649,1,2025-05-20 19:18:29.649,1,,-05:00:00,-05:00:00,2025-05-20 19:18:29.649,2025-05-20 19:18:29.649
4011,Puducherry,101,IN,India,PY,union territory,11.9415915,79.8083133,2025-05-20 19:18:29.649,1,2025-05-20 19:18:29.649,1,,-05:00:00,-05:00:00,2025-05-20 19:18:29.649,2025-05-20 19:18:29.649
4015,Punjab,101,IN,India,PB,state,31.0047647,72.7755982,2025-05-20 19:18:29.649,1,2025-05-20 19:18:29.649,1,,-05:00:00,-05:00:00,2025-05-20 19:18:29.649,2025-05-20 19:18:29.649
4014,Rajasthan,101,IN,India,RJ,state,27.0238036,74.2179326,2025-05-20 19:18:29.649,1,2025-05-20 19:18:29.649,1,,-05:00:00,-05:00:00,2025-05-20 19:18:29.649,2025-05-20 19:18:29.649
4034,Sikkim,101,IN,India,SK,state,27.5329718,88.5122178,2025-05-20 19:18:29.649,1,2025-05-20 19:18:29.649,1,,-05:00:00,-05:00:00,2025-05-20 19:18:29.649,2025-05-20 19:18:29.649
4035,Tamil Nadu,101,IN,India,TN,state,11.1271225,78.6568942,2025-05-20 19:18:29.649,1,2025-05-20 19:18:29.649,1,,-05:00:00,-05:00:00,2025-05-20 19:18:29.649,2025-05-20 19:18:29.649
4012,Telangana,101,IN,India,TG,state,18.1124372,79.0192997,2025-05-20 19:18:29.649,1,2025-05-20 19:18:29.649,1,,-05:00:00,-05:00:00,2025-05-20 19:18:29.649,2025-05-20 19:18:29.649
4038,Tripura,101,IN,India,TR,state,23.9408482,91.9881527,2025-05-20 19:18:29.649,1,2025-05-20 19:18:29.649,1,,-05:00:00,-05:00:00,2025-05-20 19:18:29.649,2025-05-20 19:18:29.649
4022,Uttar Pradesh,101,IN,India,UP,state,26.8467088,80.9461592,2025-05-20 19:18:29.649,1,2025-05-20 19:18:29.649,1,,-05:00:00,-05:00:00,2025-05-20 19:18:29.649,2025-05-20 19:18:29.649
4016,Uttarakhand,101,IN,India,UK,state,30.066753,79.0192997,2025-05-20 19:18:29.649,1,2025-05-20 19:18:29.649,1,,-05:00:00,-05:00:00,2025-05-20 19:18:29.649,2025-05-20 19:18:29.649
4853,West Bengal,101,IN,India,WB,state,22.9867569,87.8549755,2025-05-20 19:18:29.649,1,2025-05-20 19:18:29.649,1,,-05:00:00,-05:00:00,2025-05-20 19:18:29.649,2025-05-20 19:18:29.649
1822,Aceh,102,ID,Indonesia,AC,province,4.695135,96.7493993,2025-05-20 19:18:29.649,1,2025-05-20 19:18:29.649,1,,-05:00:00,-05:00:00,2025-05-20 19:18:29.649,2025-05-20 19:18:29.649
1826,Bali,102,ID,Indonesia,BA,province,-8.3405389,115.0919509,2025-05-20 19:18:29.649,1,2025-05-20 19:18:29.649,1,,-05:00:00,-05:00:00,2025-05-20 19:18:29.649,2025-05-20 19:18:29.649
1810,Banten,102,ID,Indonesia,BT,province,-6.4058172,106.0640179,2025-05-20 19:18:29.649,1,2025-05-20 19:18:29.649,1,,-05:00:00,-05:00:00,2025-05-20 19:18:29.649,2025-05-20 19:18:29.649
1793,Bengkulu,102,ID,Indonesia,BE,province,-3.7928451,102.2607641,2025-05-20 19:18:29.649,1,2025-05-20 19:18:29.649,1,,-05:00:00,-05:00:00,2025-05-20 19:18:29.649,2025-05-20 19:18:29.649
1829,DI Yogyakarta,102,ID,Indonesia,YO,Special region,-7.8753849,110.4262088,2025-05-20 19:18:29.649,1,2025-05-20 19:18:29.649,1,,-05:00:00,-05:00:00,2025-05-20 19:18:29.649,2025-05-20 19:18:29.649
1805,DKI Jakarta,102,ID,Indonesia,JK,capital district,-6.2087634,106.845599,2025-05-20 19:18:29.649,1,2025-05-20 19:18:29.649,1,,-05:00:00,-05:00:00,2025-05-20 19:18:29.649,2025-05-20 19:18:29.649
1812,Gorontalo,102,ID,Indonesia,GO,province,0.5435442,123.0567693,2025-05-20 19:18:29.649,1,2025-05-20 19:18:29.649,1,,-05:00:00,-05:00:00,2025-05-20 19:18:29.649,2025-05-20 19:18:29.649
1815,Jambi,102,ID,Indonesia,JA,province,-1.6101229,103.6131203,2025-05-20 19:18:29.649,1,2025-05-20 19:18:29.649,1,,-05:00:00,-05:00:00,2025-05-20 19:18:29.649,2025-05-20 19:18:29.649
1825,Jawa Barat,102,ID,Indonesia,JB,province,-7.090911,107.668887,2025-05-20 19:18:29.649,1,2025-05-20 19:18:29.649,1,,-05:00:00,-05:00:00,2025-05-20 19:18:29.649,2025-05-20 19:18:29.649
1802,Jawa Tengah,102,ID,Indonesia,JT,province,-7.150975,110.1402594,2025-05-20 19:18:29.649,1,2025-05-20 19:18:29.649,1,,-05:00:00,-05:00:00,2025-05-20 19:18:29.649,2025-05-20 19:18:29.649
1827,Jawa Timur,102,ID,Indonesia,JI,province,-7.5360639,112.2384017,2025-05-20 19:18:29.649,1,2025-05-20 19:18:29.649,1,,-05:00:00,-05:00:00,2025-05-20 19:18:29.649,2025-05-20 19:18:29.649
1806,Kalimantan Barat,102,ID,Indonesia,KB,province,0.4773475,106.6131405,2025-05-20 19:18:29.649,1,2025-05-20 19:18:29.649,1,,-05:00:00,-05:00:00,2025-05-20 19:18:29.649,2025-05-20 19:18:29.649
1819,Kalimantan Selatan,102,ID,Indonesia,KS,province,-3.0926415,115.2837585,2025-05-20 19:18:29.649,1,2025-05-20 19:18:29.649,1,,-05:00:00,-05:00:00,2025-05-20 19:18:29.649,2025-05-20 19:18:29.649
1794,Kalimantan Tengah,102,ID,Indonesia,KT,province,-1.6814878,113.3823545,2025-05-20 19:18:29.649,1,2025-05-20 19:18:29.649,1,,-05:00:00,-05:00:00,2025-05-20 19:18:29.649,2025-05-20 19:18:29.649
1804,Kalimantan Timur,102,ID,Indonesia,KI,province,0.5386586,116.419389,2025-05-20 19:18:29.649,1,2025-05-20 19:18:29.649,1,,-05:00:00,-05:00:00,2025-05-20 19:18:29.649,2025-05-20 19:18:29.649
1824,Kalimantan Utara,102,ID,Indonesia,KU,province,3.0730929,116.0413889,2025-05-20 19:18:29.649,1,2025-05-20 19:18:29.649,1,,-05:00:00,-05:00:00,2025-05-20 19:18:29.649,2025-05-20 19:18:29.649
1820,Kepulauan Bangka Belitung,102,ID,Indonesia,BB,province,-2.7410513,106.4405872,2025-05-20 19:18:29.649,1,2025-05-20 19:18:29.649,1,,-05:00:00,-05:00:00,2025-05-20 19:18:29.649,2025-05-20 19:18:29.649
1807,Kepulauan Riau,102,ID,Indonesia,KR,province,3.9456514,108.1428669,2025-05-20 19:18:29.649,1,2025-05-20 19:18:29.649,1,,-05:00:00,-05:00:00,2025-05-20 19:18:29.649,2025-05-20 19:18:29.649
1811,Lampung,102,ID,Indonesia,LA,province,-4.5585849,105.4068079,2025-05-20 19:18:29.649,1,2025-05-20 19:18:29.649,1,,-05:00:00,-05:00:00,2025-05-20 19:18:29.649,2025-05-20 19:18:29.649
1800,Maluku,102,ID,Indonesia,MA,province,-3.2384616,130.1452734,2025-05-20 19:18:29.649,1,2025-05-20 19:18:29.649,1,,-05:00:00,-05:00:00,2025-05-20 19:18:29.649,2025-05-20 19:18:29.649
1801,Maluku Utara,102,ID,Indonesia,MU,province,1.5709993,127.8087693,2025-05-20 19:18:29.649,1,2025-05-20 19:18:29.649,1,,-05:00:00,-05:00:00,2025-05-20 19:18:29.649,2025-05-20 19:18:29.649
1814,Nusa Tenggara Barat,102,ID,Indonesia,NB,province,-8.6529334,117.3616476,2025-05-20 19:18:29.649,1,2025-05-20 19:18:29.649,1,,-05:00:00,-05:00:00,2025-05-20 19:18:29.649,2025-05-20 19:18:29.649
1818,Nusa Tenggara Timur,102,ID,Indonesia,NT,province,-8.6573819,121.0793705,2025-05-20 19:18:29.649,1,2025-05-20 19:18:29.649,1,,-05:00:00,-05:00:00,2025-05-20 19:18:29.649,2025-05-20 19:18:29.649
1798,Papua,102,ID,Indonesia,PA,province,-5.0122202,141.3470159,2025-05-20 19:18:29.649,1,2025-05-20 19:18:29.649,1,,-05:00:00,-05:00:00,2025-05-20 19:18:29.649,2025-05-20 19:18:29.649
1799,Papua Barat,102,ID,Indonesia,PB,province,-1.3361154,133.1747162,2025-05-20 19:18:29.649,1,2025-05-20 19:18:29.649,1,,-05:00:00,-05:00:00,2025-05-20 19:18:29.649,2025-05-20 19:18:29.649
5238,Papua Barat Daya,102,ID,Indonesia,PD,province,-0.9,131.4,2025-05-20 19:18:29.649,1,2025-05-20 19:18:29.649,1,,-05:00:00,-05:00:00,2025-05-20 19:18:29.649,2025-05-20 19:18:29.649
5236,Papua Pegunungan,102,ID,Indonesia,PE,province,-4,139.5,2025-05-20 19:18:29.649,1,2025-05-20 19:18:29.649,1,,-05:00:00,-05:00:00,2025-05-20 19:18:29.649,2025-05-20 19:18:29.649
5237,Papua Selatan,102,ID,Indonesia,PS,province,-6.5,139.5,2025-05-20 19:18:29.649,1,2025-05-20 19:18:29.649,1,,-05:00:00,-05:00:00,2025-05-20 19:18:29.649,2025-05-20 19:18:29.649
5235,Papua Tengah,102,ID,Indonesia,PT,province,-4,136,2025-05-20 19:18:29.649,1,2025-05-20 19:18:29.649,1,,-05:00:00,-05:00:00,2025-05-20 19:18:29.649,2025-05-20 19:18:29.649
1809,Riau,102,ID,Indonesia,RI,province,0.2933469,101.7068294,2025-05-20 19:18:29.649,1,2025-05-20 19:18:29.649,1,,-05:00:00,-05:00:00,2025-05-20 19:18:29.649,2025-05-20 19:18:29.649
1817,Sulawesi Barat,102,ID,Indonesia,SR,province,-2.8441371,119.2320784,2025-05-20 19:18:29.649,1,2025-05-20 19:18:29.649,1,,-05:00:00,-05:00:00,2025-05-20 19:18:29.649,2025-05-20 19:18:29.649
1795,Sulawesi Selatan,102,ID,Indonesia,SN,province,-3.6687994,119.9740534,2025-05-20 19:18:29.649,1,2025-05-20 19:18:29.649,1,,-05:00:00,-05:00:00,2025-05-20 19:18:29.649,2025-05-20 19:18:29.649
1813,Sulawesi Tengah,102,ID,Indonesia,ST,province,-1.4300254,121.4456179,2025-05-20 19:18:29.649,1,2025-05-20 19:18:29.649,1,,-05:00:00,-05:00:00,2025-05-20 19:18:29.649,2025-05-20 19:18:29.649
1796,Sulawesi Tenggara,102,ID,Indonesia,SG,province,-4.14491,122.174605,2025-05-20 19:18:29.649,1,2025-05-20 19:18:29.649,1,,-05:00:00,-05:00:00,2025-05-20 19:18:29.649,2025-05-20 19:18:29.649
1808,Sulawesi Utara,102,ID,Indonesia,SA,province,0.6246932,123.9750018,2025-05-20 19:18:29.649,1,2025-05-20 19:18:29.649,1,,-05:00:00,-05:00:00,2025-05-20 19:18:29.649,2025-05-20 19:18:29.649
1828,Sumatera Barat,102,ID,Indonesia,SB,province,-0.7399397,100.8000051,2025-05-20 19:18:29.649,1,2025-05-20 19:18:29.649,1,,-05:00:00,-05:00:00,2025-05-20 19:18:29.649,2025-05-20 19:18:29.649
1816,Sumatera Selatan,102,ID,Indonesia,SS,province,-3.3194374,103.914399,2025-05-20 19:18:29.649,1,2025-05-20 19:18:29.649,1,,-05:00:00,-05:00:00,2025-05-20 19:18:29.649,2025-05-20 19:18:29.649
1792,Sumatera Utara,102,ID,Indonesia,SU,province,2.1153547,99.5450974,2025-05-20 19:18:29.649,1,2025-05-20 19:18:29.649,1,,-05:00:00,-05:00:00,2025-05-20 19:18:29.649,2025-05-20 19:18:29.649
3929,Alborz,103,IR,Iran,30,province,35.9960467,50.9289246,2025-05-20 19:18:29.649,1,2025-05-20 19:18:29.649,1,,-05:00:00,-05:00:00,2025-05-20 19:18:29.649,2025-05-20 19:18:29.649
3934,Ardabil,103,IR,Iran,24,province,38.4853276,47.8911209,2025-05-20 19:18:29.649,1,2025-05-20 19:18:29.649,1,,-05:00:00,-05:00:00,2025-05-20 19:18:29.649,2025-05-20 19:18:29.649
3932,Bushehr,103,IR,Iran,18,province,28.7620739,51.5150077,2025-05-20 19:18:29.649,1,2025-05-20 19:18:29.649,1,,-05:00:00,-05:00:00,2025-05-20 19:18:29.649,2025-05-20 19:18:29.649
3921,Chaharmahal and Bakhtiari,103,IR,Iran,14,province,31.9970419,50.6613849,2025-05-20 19:18:29.649,1,2025-05-20 19:18:29.649,1,,-05:00:00,-05:00:00,2025-05-20 19:18:29.649,2025-05-20 19:18:29.649
3944,East Azerbaijan,103,IR,Iran,3,province,37.9035733,46.2682109,2025-05-20 19:18:29.649,1,2025-05-20 19:18:29.649,1,,-05:00:00,-05:00:00,2025-05-20 19:18:29.649,2025-05-20 19:18:29.649
3939,Fars,103,IR,Iran,7,province,29.1043813,53.045893,2025-05-20 19:18:29.649,1,2025-05-20 19:18:29.649,1,,-05:00:00,-05:00:00,2025-05-20 19:18:29.649,2025-05-20 19:18:29.649
3920,Gilan,103,IR,Iran,1,province,37.2809455,49.5924134,2025-05-20 19:18:29.649,1,2025-05-20 19:18:29.649,1,,-05:00:00,-05:00:00,2025-05-20 19:18:29.649,2025-05-20 19:18:29.649
3933,Golestan,103,IR,Iran,27,province,37.2898123,55.1375834,2025-05-20 19:18:29.649,1,2025-05-20 19:18:29.649,1,,-05:00:00,-05:00:00,2025-05-20 19:18:29.649,2025-05-20 19:18:29.649
4920,Hamadan,103,IR,Iran,13,province,34.9193607,47.4832925,2025-05-20 19:18:29.649,1,2025-05-20 19:18:29.649,1,,-05:00:00,-05:00:00,2025-05-20 19:18:29.649,2025-05-20 19:18:29.649
3937,Hormozgan,103,IR,Iran,22,province,27.138723,55.1375834,2025-05-20 19:18:29.649,1,2025-05-20 19:18:29.649,1,,-05:00:00,-05:00:00,2025-05-20 19:18:29.649,2025-05-20 19:18:29.649
3918,Ilam,103,IR,Iran,16,province,33.2957618,46.670534,2025-05-20 19:18:29.649,1,2025-05-20 19:18:29.649,1,,-05:00:00,-05:00:00,2025-05-20 19:18:29.649,2025-05-20 19:18:29.649
3923,Isfahan,103,IR,Iran,10,province,33.2771073,52.3613378,2025-05-20 19:18:29.649,1,2025-05-20 19:18:29.649,1,,-05:00:00,-05:00:00,2025-05-20 19:18:29.649,2025-05-20 19:18:29.649
3943,Kerman,103,IR,Iran,8,province,29.4850089,57.6439048,2025-05-20 19:18:29.649,1,2025-05-20 19:18:29.649,1,,-05:00:00,-05:00:00,2025-05-20 19:18:29.649,2025-05-20 19:18:29.649
3919,Kermanshah,103,IR,Iran,5,province,34.4576233,46.670534,2025-05-20 19:18:29.649,1,2025-05-20 19:18:29.649,1,,-05:00:00,-05:00:00,2025-05-20 19:18:29.649,2025-05-20 19:18:29.649
3917,Khuzestan,103,IR,Iran,6,province,31.4360149,49.041312,2025-05-20 19:18:29.649,1,2025-05-20 19:18:29.649,1,,-05:00:00,-05:00:00,2025-05-20 19:18:29.649,2025-05-20 19:18:29.649
3926,Kohgiluyeh and Boyer-Ahmad,103,IR,Iran,17,province,30.724586,50.8456323,2025-05-20 19:18:29.649,1,2025-05-20 19:18:29.649,1,,-05:00:00,-05:00:00,2025-05-20 19:18:29.649,2025-05-20 19:18:29.649
3935,Kurdistan,103,IR,Iran,12,province,35.9553579,47.1362125,2025-05-20 19:18:29.649,1,2025-05-20 19:18:29.649,1,,-05:00:00,-05:00:00,2025-05-20 19:18:29.649,2025-05-20 19:18:29.649
3928,Lorestan,103,IR,Iran,15,province,33.5818394,48.3988186,2025-05-20 19:18:29.649,1,2025-05-20 19:18:29.649,1,,-05:00:00,-05:00:00,2025-05-20 19:18:29.649,2025-05-20 19:18:29.649
3916,Markazi,103,IR,Iran,0,province,34.612305,49.8547266,2025-05-20 19:18:29.649,1,2025-05-20 19:18:29.649,1,,-05:00:00,-05:00:00,2025-05-20 19:18:29.649,2025-05-20 19:18:29.649
3938,Mazandaran,103,IR,Iran,2,province,36.2262393,52.5318604,2025-05-20 19:18:29.649,1,2025-05-20 19:18:29.649,1,,-05:00:00,-05:00:00,2025-05-20 19:18:29.649,2025-05-20 19:18:29.649
3942,North Khorasan,103,IR,Iran,28,province,37.4710353,57.1013188,2025-05-20 19:18:29.649,1,2025-05-20 19:18:29.649,1,,-05:00:00,-05:00:00,2025-05-20 19:18:29.649,2025-05-20 19:18:29.649
3941,Qazvin,103,IR,Iran,26,province,36.0881317,49.8547266,2025-05-20 19:18:29.649,1,2025-05-20 19:18:29.649,1,,-05:00:00,-05:00:00,2025-05-20 19:18:29.649,2025-05-20 19:18:29.649
3922,Qom,103,IR,Iran,25,province,34.6415764,50.8746035,2025-05-20 19:18:29.649,1,2025-05-20 19:18:29.649,1,,-05:00:00,-05:00:00,2025-05-20 19:18:29.649,2025-05-20 19:18:29.649
3927,Razavi Khorasan,103,IR,Iran,9,province,35.1020253,59.1041758,2025-05-20 19:18:29.649,1,2025-05-20 19:18:29.649,1,,-05:00:00,-05:00:00,2025-05-20 19:18:29.649,2025-05-20 19:18:29.649
3940,Semnan,103,IR,Iran,20,province,35.2255585,54.4342138,2025-05-20 19:18:29.649,1,2025-05-20 19:18:29.649,1,,-05:00:00,-05:00:00,2025-05-20 19:18:29.649,2025-05-20 19:18:29.649
3931,Sistan and Baluchestan,103,IR,Iran,11,province,27.5299906,60.5820676,2025-05-20 19:18:29.649,1,2025-05-20 19:18:29.649,1,,-05:00:00,-05:00:00,2025-05-20 19:18:29.649,2025-05-20 19:18:29.649
3930,South Khorasan,103,IR,Iran,29,province,32.5175643,59.1041758,2025-05-20 19:18:29.649,1,2025-05-20 19:18:29.649,1,,-05:00:00,-05:00:00,2025-05-20 19:18:29.649,2025-05-20 19:18:29.649
3945,Tehran,103,IR,Iran,23,province,35.7248416,51.381653,2025-05-20 19:18:29.649,1,2025-05-20 19:18:29.649,1,,-05:00:00,-05:00:00,2025-05-20 19:18:29.649,2025-05-20 19:18:29.649
3924,West Azarbaijan,103,IR,Iran,4,province,37.4550062,45,2025-05-20 19:18:29.649,1,2025-05-20 19:18:29.649,1,,-05:00:00,-05:00:00,2025-05-20 19:18:29.649,2025-05-20 19:18:29.649
3936,Yazd,103,IR,Iran,21,province,32.1006387,54.4342138,2025-05-20 19:18:29.649,1,2025-05-20 19:18:29.649,1,,-05:00:00,-05:00:00,2025-05-20 19:18:29.649,2025-05-20 19:18:29.649
3925,Zanjan,103,IR,Iran,19,province,36.5018185,48.3988186,2025-05-20 19:18:29.649,1,2025-05-20 19:18:29.649,1,,-05:00:00,-05:00:00,2025-05-20 19:18:29.649,2025-05-20 19:18:29.649
3964,Al Anbar,104,IQ,Iraq,AN,governorate,32.5597614,41.9196471,2025-05-20 19:18:29.649,1,2025-05-20 19:18:29.649,1,,-05:00:00,-05:00:00,2025-05-20 19:18:29.649,2025-05-20 19:18:29.649
3958,Al Muthanna,104,IQ,Iraq,MU,governorate,29.9133171,45.2993862,2025-05-20 19:18:29.649,1,2025-05-20 19:18:29.649,1,,-05:00:00,-05:00:00,2025-05-20 19:18:29.649,2025-05-20 19:18:29.649
3956,Al-Qādisiyyah,104,IQ,Iraq,QA,governorate,32.043691,45.1494505,2025-05-20 19:18:29.649,1,2025-05-20 19:18:29.649,1,,-05:00:00,-05:00:00,2025-05-20 19:18:29.649,2025-05-20 19:18:29.649
3955,Babylon,104,IQ,Iraq,BB,governorate,32.468191,44.5501935,2025-05-20 19:18:29.649,1,2025-05-20 19:18:29.649,1,,-05:00:00,-05:00:00,2025-05-20 19:18:29.649,2025-05-20 19:18:29.649
3959,Baghdad,104,IQ,Iraq,BG,governorate,33.3152618,44.3660653,2025-05-20 19:18:29.649,1,2025-05-20 19:18:29.649,1,,-05:00:00,-05:00:00,2025-05-20 19:18:29.649,2025-05-20 19:18:29.649
3960,Basra,104,IQ,Iraq,BA,governorate,30.5114252,47.8296253,2025-05-20 19:18:29.649,1,2025-05-20 19:18:29.649,1,,-05:00:00,-05:00:00,2025-05-20 19:18:29.649,2025-05-20 19:18:29.649
3954,Dhi Qar,104,IQ,Iraq,DQ,governorate,31.1042292,46.3624686,2025-05-20 19:18:29.649,1,2025-05-20 19:18:29.649,1,,-05:00:00,-05:00:00,2025-05-20 19:18:29.649,2025-05-20 19:18:29.649
3965,Diyala,104,IQ,Iraq,DI,governorate,33.7733487,45.1494505,2025-05-20 19:18:29.649,1,2025-05-20 19:18:29.649,1,,-05:00:00,-05:00:00,2025-05-20 19:18:29.649,2025-05-20 19:18:29.649
3967,Dohuk,104,IQ,Iraq,DA,governorate,36.9077252,43.0631689,2025-05-20 19:18:29.649,1,2025-05-20 19:18:29.649,1,,-05:00:00,-05:00:00,2025-05-20 19:18:29.649,2025-05-20 19:18:29.649
3968,Erbil,104,IQ,Iraq,AR,governorate,36.5570628,44.3851263,2025-05-20 19:18:29.649,1,2025-05-20 19:18:29.649,1,,-05:00:00,-05:00:00,2025-05-20 19:18:29.649,2025-05-20 19:18:29.649
3957,Karbala,104,IQ,Iraq,KA,governorate,32.4045493,43.8673222,2025-05-20 19:18:29.649,1,2025-05-20 19:18:29.649,1,,-05:00:00,-05:00:00,2025-05-20 19:18:29.649,2025-05-20 19:18:29.649
3971,Kirkuk,104,IQ,Iraq,KI,governorate,35.3292014,43.9436788,2025-05-20 19:18:29.649,1,2025-05-20 19:18:29.649,1,,-05:00:00,-05:00:00,2025-05-20 19:18:29.649,2025-05-20 19:18:29.649
3966,Maysan,104,IQ,Iraq,MA,governorate,31.8734002,47.1362125,2025-05-20 19:18:29.649,1,2025-05-20 19:18:29.649,1,,-05:00:00,-05:00:00,2025-05-20 19:18:29.649,2025-05-20 19:18:29.649
3962,Najaf,104,IQ,Iraq,NA,governorate,31.3517486,44.0960311,2025-05-20 19:18:29.649,1,2025-05-20 19:18:29.649,1,,-05:00:00,-05:00:00,2025-05-20 19:18:29.649,2025-05-20 19:18:29.649
3963,Nineveh,104,IQ,Iraq,NI,governorate,36.229574,42.2362435,2025-05-20 19:18:29.649,1,2025-05-20 19:18:29.649,1,,-05:00:00,-05:00:00,2025-05-20 19:18:29.649,2025-05-20 19:18:29.649
3961,Saladin,104,IQ,Iraq,SD,governorate,34.5337527,43.483738,2025-05-20 19:18:29.649,1,2025-05-20 19:18:29.649,1,,-05:00:00,-05:00:00,2025-05-20 19:18:29.649,2025-05-20 19:18:29.649
3969,Sulaymaniyah,104,IQ,Iraq,SU,governorate,35.5466348,45.3003683,2025-05-20 19:18:29.649,1,2025-05-20 19:18:29.649,1,,-05:00:00,-05:00:00,2025-05-20 19:18:29.649,2025-05-20 19:18:29.649
3970,Wasit,104,IQ,Iraq,WA,governorate,32.6024094,45.7520985,2025-05-20 19:18:29.649,1,2025-05-20 19:18:29.649,1,,-05:00:00,-05:00:00,2025-05-20 19:18:29.649,2025-05-20 19:18:29.649
1095,Carlow,105,IE,Ireland,CW,county,52.7232217,-6.8108295,2025-05-20 19:18:29.649,1,2025-05-20 19:18:29.649,1,,-05:00:00,-05:00:00,2025-05-20 19:18:29.649,2025-05-20 19:18:29.649
1088,Cavan,105,IE,Ireland,CN,county,53.9765424,-7.2996623,2025-05-20 19:18:29.649,1,2025-05-20 19:18:29.649,1,,-05:00:00,-05:00:00,2025-05-20 19:18:29.649,2025-05-20 19:18:29.649
1091,Clare,105,IE,Ireland,CE,county,43.04664,-87.899581,2025-05-20 19:18:29.649,1,2025-05-20 19:18:29.649,1,,-05:00:00,-05:00:00,2025-05-20 19:18:29.649,2025-05-20 19:18:29.649
1087,Connacht,105,IE,Ireland,C,province,53.8376243,-8.9584481,2025-05-20 19:18:29.649,1,2025-05-20 19:18:29.649,1,,-05:00:00,-05:00:00,2025-05-20 19:18:29.649,2025-05-20 19:18:29.649
1074,Cork,105,IE,Ireland,CO,county,51.8985143,-8.4756035,2025-05-20 19:18:29.649,1,2025-05-20 19:18:29.649,1,,-05:00:00,-05:00:00,2025-05-20 19:18:29.649,2025-05-20 19:18:29.649
1071,Donegal,105,IE,Ireland,DL,county,54.6548993,-8.1040967,2025-05-20 19:18:29.649,1,2025-05-20 19:18:29.649,1,,-05:00:00,-05:00:00,2025-05-20 19:18:29.649,2025-05-20 19:18:29.649
1072,Dublin,105,IE,Ireland,D,county,53.3498053,-6.2603097,2025-05-20 19:18:29.649,1,2025-05-20 19:18:29.649,1,,-05:00:00,-05:00:00,2025-05-20 19:18:29.649,2025-05-20 19:18:29.649
1079,Galway,105,IE,Ireland,G,county,53.3564509,-8.8534113,2025-05-20 19:18:29.649,1,2025-05-20 19:18:29.649,1,,-05:00:00,-05:00:00,2025-05-20 19:18:29.649,2025-05-20 19:18:29.649
1077,Kerry,105,IE,Ireland,KY,county,52.1544607,-9.5668633,2025-05-20 19:18:29.649,1,2025-05-20 19:18:29.649,1,,-05:00:00,-05:00:00,2025-05-20 19:18:29.649,2025-05-20 19:18:29.649
1082,Kildare,105,IE,Ireland,KE,county,53.2120434,-6.8194708,2025-05-20 19:18:29.649,1,2025-05-20 19:18:29.649,1,,-05:00:00,-05:00:00,2025-05-20 19:18:29.649,2025-05-20 19:18:29.649
1090,Kilkenny,105,IE,Ireland,KK,county,52.5776957,-7.218002,2025-05-20 19:18:29.649,1,2025-05-20 19:18:29.649,1,,-05:00:00,-05:00:00,2025-05-20 19:18:29.649,2025-05-20 19:18:29.649
1096,Laois,105,IE,Ireland,LS,county,52.994295,-7.3323007,2025-05-20 19:18:29.649,1,2025-05-20 19:18:29.649,1,,-05:00:00,-05:00:00,2025-05-20 19:18:29.649,2025-05-20 19:18:29.649
1073,Leinster,105,IE,Ireland,L,province,53.3271538,-7.5140841,2025-05-20 19:18:29.649,1,2025-05-20 19:18:29.649,1,,-05:00:00,-05:00:00,2025-05-20 19:18:29.649,2025-05-20 19:18:29.649
5345,Leitrim,105,IE,Ireland,LM,county,54.139163,-8.6666111,2025-05-20 19:18:29.649,1,2025-05-20 19:18:29.649,1,,-05:00:00,-05:00:00,2025-05-20 19:18:29.649,2025-05-20 19:18:29.649
1094,Limerick,105,IE,Ireland,LK,county,52.5090517,-8.7474955,2025-05-20 19:18:29.649,1,2025-05-20 19:18:29.649,1,,-05:00:00,-05:00:00,2025-05-20 19:18:29.649,2025-05-20 19:18:29.649
1076,Longford,105,IE,Ireland,LD,county,53.7274982,-7.7931527,2025-05-20 19:18:29.649,1,2025-05-20 19:18:29.649,1,,-05:00:00,-05:00:00,2025-05-20 19:18:29.649,2025-05-20 19:18:29.649
1083,Louth,105,IE,Ireland,LH,county,53.9252324,-6.4889423,2025-05-20 19:18:29.649,1,2025-05-20 19:18:29.649,1,,-05:00:00,-05:00:00,2025-05-20 19:18:29.649,2025-05-20 19:18:29.649
1084,Mayo,105,IE,Ireland,MO,county,54.0152604,-9.4289369,2025-05-20 19:18:29.649,1,2025-05-20 19:18:29.649,1,,-05:00:00,-05:00:00,2025-05-20 19:18:29.649,2025-05-20 19:18:29.649
1092,Meath,105,IE,Ireland,MH,county,53.605548,-6.6564169,2025-05-20 19:18:29.649,1,2025-05-20 19:18:29.649,1,,-05:00:00,-05:00:00,2025-05-20 19:18:29.649,2025-05-20 19:18:29.649
1075,Monaghan,105,IE,Ireland,MN,county,54.2492046,-6.9683132,2025-05-20 19:18:29.649,1,2025-05-20 19:18:29.649,1,,-05:00:00,-05:00:00,2025-05-20 19:18:29.649,2025-05-20 19:18:29.649
1080,Munster,105,IE,Ireland,M,province,51.9471197,7.584532,2025-05-20 19:18:29.649,1,2025-05-20 19:18:29.649,1,,-05:00:00,-05:00:00,2025-05-20 19:18:29.649,2025-05-20 19:18:29.649
1078,Offaly,105,IE,Ireland,OY,county,53.2356871,-7.7122229,2025-05-20 19:18:29.649,1,2025-05-20 19:18:29.649,1,,-05:00:00,-05:00:00,2025-05-20 19:18:29.649,2025-05-20 19:18:29.649
1081,Roscommon,105,IE,Ireland,RN,county,53.7592604,-8.2681621,2025-05-20 19:18:29.649,1,2025-05-20 19:18:29.649,1,,-05:00:00,-05:00:00,2025-05-20 19:18:29.649,2025-05-20 19:18:29.649
1070,Sligo,105,IE,Ireland,SO,county,54.1553277,-8.6064532,2025-05-20 19:18:29.649,1,2025-05-20 19:18:29.649,1,,-05:00:00,-05:00:00,2025-05-20 19:18:29.649,2025-05-20 19:18:29.649
1069,Tipperary,105,IE,Ireland,TA,county,52.4737894,-8.1618514,2025-05-20 19:18:29.649,1,2025-05-20 19:18:29.649,1,,-05:00:00,-05:00:00,2025-05-20 19:18:29.649,2025-05-20 19:18:29.649
1086,Ulster,105,IE,Ireland,U,province,54.7616555,-6.9612273,2025-05-20 19:18:29.649,1,2025-05-20 19:18:29.649,1,,-05:00:00,-05:00:00,2025-05-20 19:18:29.649,2025-05-20 19:18:29.649
1089,Waterford,105,IE,Ireland,WD,county,52.1943549,-7.6227512,2025-05-20 19:18:29.649,1,2025-05-20 19:18:29.649,1,,-05:00:00,-05:00:00,2025-05-20 19:18:29.649,2025-05-20 19:18:29.649
1097,Westmeath,105,IE,Ireland,WH,county,53.5345308,-7.4653217,2025-05-20 19:18:29.649,1,2025-05-20 19:18:29.649,1,,-05:00:00,-05:00:00,2025-05-20 19:18:29.649,2025-05-20 19:18:29.649
1093,Wexford,105,IE,Ireland,WX,county,52.4793603,-6.5839913,2025-05-20 19:18:29.649,1,2025-05-20 19:18:29.649,1,,-05:00:00,-05:00:00,2025-05-20 19:18:29.649,2025-05-20 19:18:29.649
1085,Wicklow,105,IE,Ireland,WW,county,52.9862313,-6.3672543,2025-05-20 19:18:29.649,1,2025-05-20 19:18:29.649,1,,-05:00:00,-05:00:00,2025-05-20 19:18:29.649,2025-05-20 19:18:29.649
1367,Central,106,IL,Israel,M,district,47.6087583,-122.2964235,2025-05-20 19:18:29.649,1,2025-05-20 19:18:29.649,1,,-05:00:00,-05:00:00,2025-05-20 19:18:29.649,2025-05-20 19:18:29.649
1369,Haifa,106,IL,Israel,HA,district,32.4814111,34.994751,2025-05-20 19:18:29.649,1,2025-05-20 19:18:29.649,1,,-05:00:00,-05:00:00,2025-05-20 19:18:29.649,2025-05-20 19:18:29.649
1370,Jerusalem,106,IL,Israel,JM,district,31.7648243,34.994751,2025-05-20 19:18:29.649,1,2025-05-20 19:18:29.649,1,,-05:00:00,-05:00:00,2025-05-20 19:18:29.649,2025-05-20 19:18:29.649
1366,Northern,106,IL,Israel,Z,district,36.1511864,-95.9951763,2025-05-20 19:18:29.649,1,2025-05-20 19:18:29.649,1,,-05:00:00,-05:00:00,2025-05-20 19:18:29.649,2025-05-20 19:18:29.649
1368,Southern,106,IL,Israel,D,district,40.7137586,-74.0009059,2025-05-20 19:18:29.649,1,2025-05-20 19:18:29.649,1,,-05:00:00,-05:00:00,2025-05-20 19:18:29.649,2025-05-20 19:18:29.649
1371,Tel Aviv,106,IL,Israel,TA,district,32.0929075,34.8072165,2025-05-20 19:18:29.649,1,2025-05-20 19:18:29.649,1,,-05:00:00,-05:00:00,2025-05-20 19:18:29.649,2025-05-20 19:18:29.649
1679,Abruzzo,107,IT,Italy,65,region,42.1920119,13.7289167,2025-05-20 19:18:29.649,1,2025-05-20 19:18:29.649,1,,-05:00:00,-05:00:00,2025-05-20 19:18:29.649,2025-05-20 19:18:29.649
1727,Agrigento,107,IT,Italy,AG,free municipal consortium,37.3105202,13.5857978,2025-05-20 19:18:29.649,1,2025-05-20 19:18:29.649,1,,-05:00:00,-05:00:00,2025-05-20 19:18:29.649,2025-05-20 19:18:29.649
1783,Alessandria,107,IT,Italy,AL,province,44.8175587,8.7046627,2025-05-20 19:18:29.649,1,2025-05-20 19:18:29.649,1,,-05:00:00,-05:00:00,2025-05-20 19:18:29.649,2025-05-20 19:18:29.649
1672,Ancona,107,IT,Italy,AN,province,43.5493245,13.2663479,2025-05-20 19:18:29.649,1,2025-05-20 19:18:29.649,1,,-05:00:00,-05:00:00,2025-05-20 19:18:29.649,2025-05-20 19:18:29.649
1716,Aosta Valley,107,IT,Italy,23,autonomous region,45.7388878,7.4261866,2025-05-20 19:18:29.649,1,2025-05-20 19:18:29.649,1,,-05:00:00,-05:00:00,2025-05-20 19:18:29.649,2025-05-20 19:18:29.649
1688,Apulia,107,IT,Italy,75,region,40.7928393,17.1011931,2025-05-20 19:18:29.649,1,2025-05-20 19:18:29.649,1,,-05:00:00,-05:00:00,2025-05-20 19:18:29.649,2025-05-20 19:18:29.649
1761,Arezzo,107,IT,Italy,AR,province,43.5162533,11.2236872,2025-05-20 19:18:29.649,1,2025-05-20 19:18:29.649,1,,-05:00:00,-05:00:00,2025-05-20 19:18:29.649,2025-05-20 19:18:29.649
1681,Ascoli Piceno,107,IT,Italy,AP,province,42.8638933,13.5899733,2025-05-20 19:18:29.649,1,2025-05-20 19:18:29.649,1,,-05:00:00,-05:00:00,2025-05-20 19:18:29.649,2025-05-20 19:18:29.649
1780,Asti,107,IT,Italy,AT,province,44.9007652,8.2064315,2025-05-20 19:18:29.649,1,2025-05-20 19:18:29.649,1,,-05:00:00,-05:00:00,2025-05-20 19:18:29.649,2025-05-20 19:18:29.649
1692,Avellino,107,IT,Italy,AV,province,40.996451,15.1258955,2025-05-20 19:18:29.649,1,2025-05-20 19:18:29.649,1,,-05:00:00,-05:00:00,2025-05-20 19:18:29.649,2025-05-20 19:18:29.649
1686,Barletta-Andria-Trani,107,IT,Italy,BT,province,41.2004543,16.2051484,2025-05-20 19:18:29.649,1,2025-05-20 19:18:29.649,1,,-05:00:00,-05:00:00,2025-05-20 19:18:29.649,2025-05-20 19:18:29.649
1706,Basilicata,107,IT,Italy,77,region,40.6430766,15.9699878,2025-05-20 19:18:29.649,1,2025-05-20 19:18:29.649,1,,-05:00:00,-05:00:00,2025-05-20 19:18:29.649,2025-05-20 19:18:29.649
1689,Belluno,107,IT,Italy,BL,province,46.2497659,12.1969565,2025-05-20 19:18:29.649,1,2025-05-20 19:18:29.649,1,,-05:00:00,-05:00:00,2025-05-20 19:18:29.649,2025-05-20 19:18:29.649
1701,Benevento,107,IT,Italy,BN,province,41.2035093,14.7520939,2025-05-20 19:18:29.649,1,2025-05-20 19:18:29.649,1,,-05:00:00,-05:00:00,2025-05-20 19:18:29.649,2025-05-20 19:18:29.649
1704,Bergamo,107,IT,Italy,BG,province,45.6982642,9.6772698,2025-05-20 19:18:29.649,1,2025-05-20 19:18:29.649,1,,-05:00:00,-05:00:00,2025-05-20 19:18:29.649,2025-05-20 19:18:29.649
1778,Biella,107,IT,Italy,BI,province,45.5628176,8.0582717,2025-05-20 19:18:29.649,1,2025-05-20 19:18:29.649,1,,-05:00:00,-05:00:00,2025-05-20 19:18:29.649,2025-05-20 19:18:29.649
1717,Brescia,107,IT,Italy,BS,province,45.5415526,10.2118019,2025-05-20 19:18:29.649,1,2025-05-20 19:18:29.649,1,,-05:00:00,-05:00:00,2025-05-20 19:18:29.649,2025-05-20 19:18:29.649
1714,Brindisi,107,IT,Italy,BR,province,40.6112663,17.763621,2025-05-20 19:18:29.649,1,2025-05-20 19:18:29.649,1,,-05:00:00,-05:00:00,2025-05-20 19:18:29.649,2025-05-20 19:18:29.649
1703,Calabria,107,IT,Italy,78,region,39.3087714,16.3463791,2025-05-20 19:18:29.649,1,2025-05-20 19:18:29.649,1,,-05:00:00,-05:00:00,2025-05-20 19:18:29.649,2025-05-20 19:18:29.649
1718,Caltanissetta,107,IT,Italy,CL,free municipal consortium,37.486013,14.0614982,2025-05-20 19:18:29.649,1,2025-05-20 19:18:29.649,1,,-05:00:00,-05:00:00,2025-05-20 19:18:29.649,2025-05-20 19:18:29.649
1669,Campania,107,IT,Italy,72,region,40.6670887,15.1068113,2025-05-20 19:18:29.649,1,2025-05-20 19:18:29.649,1,,-05:00:00,-05:00:00,2025-05-20 19:18:29.649,2025-05-20 19:18:29.649
1721,Campobasso,107,IT,Italy,CB,province,41.6738865,14.7520939,2025-05-20 19:18:29.649,1,2025-05-20 19:18:29.649,1,,-05:00:00,-05:00:00,2025-05-20 19:18:29.649,2025-05-20 19:18:29.649
1731,Caserta,107,IT,Italy,CE,province,41.2078354,14.1001326,2025-05-20 19:18:29.649,1,2025-05-20 19:18:29.649,1,,-05:00:00,-05:00:00,2025-05-20 19:18:29.649,2025-05-20 19:18:29.649
1728,Catanzaro,107,IT,Italy,CZ,province,38.8896348,16.4405872,2025-05-20 19:18:29.649,1,2025-05-20 19:18:29.649,1,,-05:00:00,-05:00:00,2025-05-20 19:18:29.649,2025-05-20 19:18:29.649
1739,Chieti,107,IT,Italy,CH,province,42.0334428,14.3791912,2025-05-20 19:18:29.649,1,2025-05-20 19:18:29.649,1,,-05:00:00,-05:00:00,2025-05-20 19:18:29.649,2025-05-20 19:18:29.649
1740,Como,107,IT,Italy,CO,province,45.8080416,9.0851793,2025-05-20 19:18:29.649,1,2025-05-20 19:18:29.649,1,,-05:00:00,-05:00:00,2025-05-20 19:18:29.649,2025-05-20 19:18:29.649
1742,Cosenza,107,IT,Italy,CS,province,39.5644105,16.2522143,2025-05-20 19:18:29.649,1,2025-05-20 19:18:29.649,1,,-05:00:00,-05:00:00,2025-05-20 19:18:29.649,2025-05-20 19:18:29.649
1751,Cremona,107,IT,Italy,CR,province,45.2014375,9.9836582,2025-05-20 19:18:29.649,1,2025-05-20 19:18:29.649,1,,-05:00:00,-05:00:00,2025-05-20 19:18:29.649,2025-05-20 19:18:29.649
1754,Crotone,107,IT,Italy,KR,province,39.1309856,17.0067031,2025-05-20 19:18:29.649,1,2025-05-20 19:18:29.649,1,,-05:00:00,-05:00:00,2025-05-20 19:18:29.649,2025-05-20 19:18:29.649
1775,Cuneo,107,IT,Italy,CN,province,44.5970314,7.6114217,2025-05-20 19:18:29.649,1,2025-05-20 19:18:29.649,1,,-05:00:00,-05:00:00,2025-05-20 19:18:29.649,2025-05-20 19:18:29.649
1773,Emilia-Romagna,107,IT,Italy,45,region,44.5967607,11.2186396,2025-05-20 19:18:29.649,1,2025-05-20 19:18:29.649,1,,-05:00:00,-05:00:00,2025-05-20 19:18:29.649,2025-05-20 19:18:29.649
1723,Enna,107,IT,Italy,EN,free municipal consortium,37.5676216,14.2795349,2025-05-20 19:18:29.649,1,2025-05-20 19:18:29.649,1,,-05:00:00,-05:00:00,2025-05-20 19:18:29.649,2025-05-20 19:18:29.649
1744,Fermo,107,IT,Italy,FM,province,43.0931367,13.5899733,2025-05-20 19:18:29.649,1,2025-05-20 19:18:29.649,1,,-05:00:00,-05:00:00,2025-05-20 19:18:29.649,2025-05-20 19:18:29.649
1746,Ferrara,107,IT,Italy,FE,province,44.766368,11.7644068,2025-05-20 19:18:29.649,1,2025-05-20 19:18:29.649,1,,-05:00:00,-05:00:00,2025-05-20 19:18:29.649,2025-05-20 19:18:29.649
1771,Foggia,107,IT,Italy,FG,province,41.638448,15.5943388,2025-05-20 19:18:29.649,1,2025-05-20 19:18:29.649,1,,-05:00:00,-05:00:00,2025-05-20 19:18:29.649,2025-05-20 19:18:29.649
1779,Forlì-Cesena,107,IT,Italy,FC,province,43.9947681,11.9804613,2025-05-20 19:18:29.649,1,2025-05-20 19:18:29.649,1,,-05:00:00,-05:00:00,2025-05-20 19:18:29.649,2025-05-20 19:18:29.649
1756,Friuli–Venezia Giulia,107,IT,Italy,36,autonomous region,46.2259177,13.1033646,2025-05-20 19:18:29.649,1,2025-05-20 19:18:29.649,1,,-05:00:00,-05:00:00,2025-05-20 19:18:29.649,2025-05-20 19:18:29.649
1776,Frosinone,107,IT,Italy,FR,province,41.6576528,13.6362715,2025-05-20 19:18:29.649,1,2025-05-20 19:18:29.649,1,,-05:00:00,-05:00:00,2025-05-20 19:18:29.649,2025-05-20 19:18:29.649
1777,Gorizia,107,IT,Italy,GO,decentralized regional entity,45.9053899,13.5163725,2025-05-20 19:18:29.649,1,2025-05-20 19:18:29.649,1,,-05:00:00,-05:00:00,2025-05-20 19:18:29.649,2025-05-20 19:18:29.649
1787,Grosseto,107,IT,Italy,GR,province,42.8518007,11.2523792,2025-05-20 19:18:29.649,1,2025-05-20 19:18:29.649,1,,-05:00:00,-05:00:00,2025-05-20 19:18:29.649,2025-05-20 19:18:29.649
1788,Imperia,107,IT,Italy,IM,province,43.941866,7.8286368,2025-05-20 19:18:29.649,1,2025-05-20 19:18:29.649,1,,-05:00:00,-05:00:00,2025-05-20 19:18:29.649,2025-05-20 19:18:29.649
1789,Isernia,107,IT,Italy,IS,province,41.5891555,14.1930918,2025-05-20 19:18:29.649,1,2025-05-20 19:18:29.649,1,,-05:00:00,-05:00:00,2025-05-20 19:18:29.649,2025-05-20 19:18:29.649
1781,L'Aquila,107,IT,Italy,AQ,province,42.1256317,13.6362715,2025-05-20 19:18:29.649,1,2025-05-20 19:18:29.649,1,,-05:00:00,-05:00:00,2025-05-20 19:18:29.649,2025-05-20 19:18:29.649
1791,La Spezia,107,IT,Italy,SP,province,44.2447913,9.7678687,2025-05-20 19:18:29.649,1,2025-05-20 19:18:29.649,1,,-05:00:00,-05:00:00,2025-05-20 19:18:29.649,2025-05-20 19:18:29.649
1674,Latina,107,IT,Italy,LT,province,41.4087476,13.0817903,2025-05-20 19:18:29.649,1,2025-05-20 19:18:29.649,1,,-05:00:00,-05:00:00,2025-05-20 19:18:29.649,2025-05-20 19:18:29.649
1678,Lazio,107,IT,Italy,62,region,41.812241,12.73851,2025-05-20 19:18:29.649,1,2025-05-20 19:18:29.649,1,,-05:00:00,-05:00:00,2025-05-20 19:18:29.649,2025-05-20 19:18:29.649
1675,Lecce,107,IT,Italy,LE,province,40.2347393,18.1428669,2025-05-20 19:18:29.649,1,2025-05-20 19:18:29.649,1,,-05:00:00,-05:00:00,2025-05-20 19:18:29.649,2025-05-20 19:18:29.649
1677,Lecco,107,IT,Italy,LC,province,45.9382941,9.385729,2025-05-20 19:18:29.649,1,2025-05-20 19:18:29.649,1,,-05:00:00,-05:00:00,2025-05-20 19:18:29.649,2025-05-20 19:18:29.649
1768,Liguria,107,IT,Italy,42,region,44.3167917,8.3964938,2025-05-20 19:18:29.649,1,2025-05-20 19:18:29.649,1,,-05:00:00,-05:00:00,2025-05-20 19:18:29.649,2025-05-20 19:18:29.649
1745,Livorno,107,IT,Italy,LI,province,43.0239848,10.6647101,2025-05-20 19:18:29.649,1,2025-05-20 19:18:29.649,1,,-05:00:00,-05:00:00,2025-05-20 19:18:29.649,2025-05-20 19:18:29.649
1747,Lodi,107,IT,Italy,LO,province,45.2405036,9.5292512,2025-05-20 19:18:29.649,1,2025-05-20 19:18:29.649,1,,-05:00:00,-05:00:00,2025-05-20 19:18:29.649,2025-05-20 19:18:29.649
1705,Lombardy,107,IT,Italy,25,region,45.4790671,9.8452433,2025-05-20 19:18:29.649,1,2025-05-20 19:18:29.649,1,,-05:00:00,-05:00:00,2025-05-20 19:18:29.649,2025-05-20 19:18:29.649
1749,Lucca,107,IT,Italy,LU,province,43.8376736,10.495053,2025-05-20 19:18:29.649,1,2025-05-20 19:18:29.649,1,,-05:00:00,-05:00:00,2025-05-20 19:18:29.649,2025-05-20 19:18:29.649
1750,Macerata,107,IT,Italy,MC,province,43.2459322,13.2663479,2025-05-20 19:18:29.649,1,2025-05-20 19:18:29.649,1,,-05:00:00,-05:00:00,2025-05-20 19:18:29.649,2025-05-20 19:18:29.649
1758,Mantua,107,IT,Italy,MN,province,45.1667728,10.7753613,2025-05-20 19:18:29.649,1,2025-05-20 19:18:29.649,1,,-05:00:00,-05:00:00,2025-05-20 19:18:29.649,2025-05-20 19:18:29.649
1670,Marche,107,IT,Italy,57,region,43.304562,13.71947,2025-05-20 19:18:29.649,1,2025-05-20 19:18:29.649,1,,-05:00:00,-05:00:00,2025-05-20 19:18:29.649,2025-05-20 19:18:29.649
1759,Massa and Carrara,107,IT,Italy,MS,province,44.2213998,10.0359661,2025-05-20 19:18:29.649,1,2025-05-20 19:18:29.649,1,,-05:00:00,-05:00:00,2025-05-20 19:18:29.649,2025-05-20 19:18:29.649
1760,Matera,107,IT,Italy,MT,province,40.6663496,16.6043636,2025-05-20 19:18:29.649,1,2025-05-20 19:18:29.649,1,,-05:00:00,-05:00:00,2025-05-20 19:18:29.649,2025-05-20 19:18:29.649
1757,Modena,107,IT,Italy,MO,province,44.5513799,10.918048,2025-05-20 19:18:29.649,1,2025-05-20 19:18:29.649,1,,-05:00:00,-05:00:00,2025-05-20 19:18:29.649,2025-05-20 19:18:29.649
1695,Molise,107,IT,Italy,67,region,41.7161392,13.8932853,2025-05-20 19:18:29.649,1,2025-05-20 19:18:29.649,1,,-05:00:00,-05:00:00,2025-05-20 19:18:29.649,2025-05-20 19:18:29.649
1769,Monza and Brianza,107,IT,Italy,MB,province,45.623599,9.2588015,2025-05-20 19:18:29.649,1,2025-05-20 19:18:29.649,1,,-05:00:00,-05:00:00,2025-05-20 19:18:29.649,2025-05-20 19:18:29.649
1774,Novara,107,IT,Italy,NO,province,45.5485133,8.5150793,2025-05-20 19:18:29.649,1,2025-05-20 19:18:29.649,1,,-05:00:00,-05:00:00,2025-05-20 19:18:29.649,2025-05-20 19:18:29.649
1790,Nuoro,107,IT,Italy,NU,province,40.3286904,9.456155,2025-05-20 19:18:29.649,1,2025-05-20 19:18:29.649,1,,-05:00:00,-05:00:00,2025-05-20 19:18:29.649,2025-05-20 19:18:29.649
1786,Oristano,107,IT,Italy,OR,province,40.0599068,8.7481167,2025-05-20 19:18:29.649,1,2025-05-20 19:18:29.649,1,,-05:00:00,-05:00:00,2025-05-20 19:18:29.649,2025-05-20 19:18:29.649
1665,Padua,107,IT,Italy,PD,province,45.3661864,11.8209139,2025-05-20 19:18:29.649,1,2025-05-20 19:18:29.649,1,,-05:00:00,-05:00:00,2025-05-20 19:18:29.649,2025-05-20 19:18:29.649
1668,Palermo,107,IT,Italy,PA,metropolitan city,38.11569,13.3614868,2025-05-20 19:18:29.649,1,2025-05-20 19:18:29.649,1,,-05:00:00,-05:00:00,2025-05-20 19:18:29.649,2025-05-20 19:18:29.649
1666,Parma,107,IT,Italy,PR,province,44.8015322,10.3279354,2025-05-20 19:18:29.649,1,2025-05-20 19:18:29.649,1,,-05:00:00,-05:00:00,2025-05-20 19:18:29.649,2025-05-20 19:18:29.649
1676,Pavia,107,IT,Italy,PV,province,45.3218166,8.8466236,2025-05-20 19:18:29.649,1,2025-05-20 19:18:29.649,1,,-05:00:00,-05:00:00,2025-05-20 19:18:29.649,2025-05-20 19:18:29.649
1691,Perugia,107,IT,Italy,PG,province,43.1015419,11.271925,2025-05-20 19:18:29.649,1,2025-05-20 19:18:29.649,1,,-05:00:00,-05:00:00,2025-05-20 19:18:29.649,2025-05-20 19:18:29.649
1693,Pesaro and Urbino,107,IT,Italy,PU,province,43.6130118,12.7135121,2025-05-20 19:18:29.649,1,2025-05-20 19:18:29.649,1,,-05:00:00,-05:00:00,2025-05-20 19:18:29.649,2025-05-20 19:18:29.649
1694,Pescara,107,IT,Italy,PE,province,42.3570655,13.9608091,2025-05-20 19:18:29.649,1,2025-05-20 19:18:29.649,1,,-05:00:00,-05:00:00,2025-05-20 19:18:29.649,2025-05-20 19:18:29.649
1696,Piacenza,107,IT,Italy,PC,province,44.8263112,9.5291447,2025-05-20 19:18:29.649,1,2025-05-20 19:18:29.649,1,,-05:00:00,-05:00:00,2025-05-20 19:18:29.649,2025-05-20 19:18:29.649
1702,Piedmont,107,IT,Italy,21,region,45.0522366,7.5153885,2025-05-20 19:18:29.649,1,2025-05-20 19:18:29.649,1,,-05:00:00,-05:00:00,2025-05-20 19:18:29.649,2025-05-20 19:18:29.649
1685,Pisa,107,IT,Italy,PI,province,43.7228315,10.4017194,2025-05-20 19:18:29.649,1,2025-05-20 19:18:29.649,1,,-05:00:00,-05:00:00,2025-05-20 19:18:29.649,2025-05-20 19:18:29.649
1687,Pistoia,107,IT,Italy,PT,province,43.9543733,10.8903099,2025-05-20 19:18:29.649,1,2025-05-20 19:18:29.649,1,,-05:00:00,-05:00:00,2025-05-20 19:18:29.649,2025-05-20 19:18:29.649
1690,Pordenone,107,IT,Italy,PN,decentralized regional entity,46.0378862,12.710835,2025-05-20 19:18:29.649,1,2025-05-20 19:18:29.649,1,,-05:00:00,-05:00:00,2025-05-20 19:18:29.649,2025-05-20 19:18:29.649
1697,Potenza,107,IT,Italy,PZ,province,40.4182194,15.876004,2025-05-20 19:18:29.649,1,2025-05-20 19:18:29.649,1,,-05:00:00,-05:00:00,2025-05-20 19:18:29.649,2025-05-20 19:18:29.649
1700,Prato,107,IT,Italy,PO,province,44.04539,11.1164452,2025-05-20 19:18:29.649,1,2025-05-20 19:18:29.649,1,,-05:00:00,-05:00:00,2025-05-20 19:18:29.649,2025-05-20 19:18:29.649
1729,Ragusa,107,IT,Italy,RG,free municipal consortium,36.9269273,14.7255129,2025-05-20 19:18:29.649,1,2025-05-20 19:18:29.649,1,,-05:00:00,-05:00:00,2025-05-20 19:18:29.649,2025-05-20 19:18:29.649
1707,Ravenna,107,IT,Italy,RA,province,44.4184443,12.2035998,2025-05-20 19:18:29.649,1,2025-05-20 19:18:29.649,1,,-05:00:00,-05:00:00,2025-05-20 19:18:29.649,2025-05-20 19:18:29.649
1708,Reggio Emilia,107,IT,Italy,RE,province,44.585658,10.5564736,2025-05-20 19:18:29.649,1,2025-05-20 19:18:29.649,1,,-05:00:00,-05:00:00,2025-05-20 19:18:29.649,2025-05-20 19:18:29.649
1712,Rieti,107,IT,Italy,RI,province,42.3674405,12.8975098,2025-05-20 19:18:29.649,1,2025-05-20 19:18:29.649,1,,-05:00:00,-05:00:00,2025-05-20 19:18:29.649,2025-05-20 19:18:29.649
1713,Rimini,107,IT,Italy,RN,province,44.0678288,12.5695158,2025-05-20 19:18:29.649,1,2025-05-20 19:18:29.649,1,,-05:00:00,-05:00:00,2025-05-20 19:18:29.649,2025-05-20 19:18:29.649
1719,Rovigo,107,IT,Italy,RO,province,45.0241818,11.8238162,2025-05-20 19:18:29.649,1,2025-05-20 19:18:29.649,1,,-05:00:00,-05:00:00,2025-05-20 19:18:29.649,2025-05-20 19:18:29.649
1720,Salerno,107,IT,Italy,SA,province,40.4287832,15.2194808,2025-05-20 19:18:29.649,1,2025-05-20 19:18:29.649,1,,-05:00:00,-05:00:00,2025-05-20 19:18:29.649,2025-05-20 19:18:29.649
1715,Sardinia,107,IT,Italy,88,autonomous region,40.1208752,9.0128926,2025-05-20 19:18:29.649,1,2025-05-20 19:18:29.649,1,,-05:00:00,-05:00:00,2025-05-20 19:18:29.649,2025-05-20 19:18:29.649
1722,Sassari,107,IT,Italy,SS,province,40.7967907,8.5750407,2025-05-20 19:18:29.649,1,2025-05-20 19:18:29.649,1,,-05:00:00,-05:00:00,2025-05-20 19:18:29.649,2025-05-20 19:18:29.649
1732,Savona,107,IT,Italy,SV,province,44.2887995,8.265058,2025-05-20 19:18:29.649,1,2025-05-20 19:18:29.649,1,,-05:00:00,-05:00:00,2025-05-20 19:18:29.649,2025-05-20 19:18:29.649
1709,Sicily,107,IT,Italy,82,autonomous region,37.5999938,14.0153557,2025-05-20 19:18:29.649,1,2025-05-20 19:18:29.649,1,,-05:00:00,-05:00:00,2025-05-20 19:18:29.649,2025-05-20 19:18:29.649
1734,Siena,107,IT,Italy,SI,province,43.2937732,11.4339148,2025-05-20 19:18:29.649,1,2025-05-20 19:18:29.649,1,,-05:00:00,-05:00:00,2025-05-20 19:18:29.649,2025-05-20 19:18:29.649
1667,Siracusa,107,IT,Italy,SR,free municipal consortium,37.0656924,15.2857109,2025-05-20 19:18:29.649,1,2025-05-20 19:18:29.649,1,,-05:00:00,-05:00:00,2025-05-20 19:18:29.649,2025-05-20 19:18:29.649
1741,Sondrio,107,IT,Italy,SO,province,46.1727636,9.7994917,2025-05-20 19:18:29.649,1,2025-05-20 19:18:29.649,1,,-05:00:00,-05:00:00,2025-05-20 19:18:29.649,2025-05-20 19:18:29.649
1730,South Sardinia,107,IT,Italy,SU,province,39.3893535,8.9397,2025-05-20 19:18:29.649,1,2025-05-20 19:18:29.649,1,,-05:00:00,-05:00:00,2025-05-20 19:18:29.649,2025-05-20 19:18:29.649
1743,Taranto,107,IT,Italy,TA,province,40.5740901,17.2429976,2025-05-20 19:18:29.649,1,2025-05-20 19:18:29.649,1,,-05:00:00,-05:00:00,2025-05-20 19:18:29.649,2025-05-20 19:18:29.649
1752,Teramo,107,IT,Italy,TE,province,42.5895608,13.6362715,2025-05-20 19:18:29.649,1,2025-05-20 19:18:29.649,1,,-05:00:00,-05:00:00,2025-05-20 19:18:29.649,2025-05-20 19:18:29.649
1755,Terni,107,IT,Italy,TR,province,42.5634534,12.5298028,2025-05-20 19:18:29.649,1,2025-05-20 19:18:29.649,1,,-05:00:00,-05:00:00,2025-05-20 19:18:29.649,2025-05-20 19:18:29.649
1733,Trapani,107,IT,Italy,TP,free municipal consortium,38.0183116,12.5148265,2025-05-20 19:18:29.649,1,2025-05-20 19:18:29.649,1,,-05:00:00,-05:00:00,2025-05-20 19:18:29.649,2025-05-20 19:18:29.649
1725,Trentino-South Tyrol,107,IT,Italy,32,autonomous region,46.4336662,11.1693296,2025-05-20 19:18:29.649,1,2025-05-20 19:18:29.649,1,,-05:00:00,-05:00:00,2025-05-20 19:18:29.649,2025-05-20 19:18:29.649
1762,Treviso,107,IT,Italy,TV,province,45.6668517,12.2430617,2025-05-20 19:18:29.649,1,2025-05-20 19:18:29.649,1,,-05:00:00,-05:00:00,2025-05-20 19:18:29.649,2025-05-20 19:18:29.649
1763,Trieste,107,IT,Italy,TS,decentralized regional entity,45.6894823,13.7833072,2025-05-20 19:18:29.649,1,2025-05-20 19:18:29.649,1,,-05:00:00,-05:00:00,2025-05-20 19:18:29.649,2025-05-20 19:18:29.649
1664,Tuscany,107,IT,Italy,52,region,43.7710513,11.2486208,2025-05-20 19:18:29.649,1,2025-05-20 19:18:29.649,1,,-05:00:00,-05:00:00,2025-05-20 19:18:29.649,2025-05-20 19:18:29.649
1764,Udine,107,IT,Italy,UD,decentralized regional entity,46.1407972,13.1662896,2025-05-20 19:18:29.649,1,2025-05-20 19:18:29.649,1,,-05:00:00,-05:00:00,2025-05-20 19:18:29.649,2025-05-20 19:18:29.649
1683,Umbria,107,IT,Italy,55,region,42.9851917,11.2616908,2025-05-20 19:18:29.649,1,2025-05-20 19:18:29.649,1,,-05:00:00,-05:00:00,2025-05-20 19:18:29.649,2025-05-20 19:18:29.649
1765,Varese,107,IT,Italy,VA,province,45.799026,8.7300945,2025-05-20 19:18:29.649,1,2025-05-20 19:18:29.649,1,,-05:00:00,-05:00:00,2025-05-20 19:18:29.649,2025-05-20 19:18:29.649
1753,Veneto,107,IT,Italy,34,region,45.4414662,12.3152595,2025-05-20 19:18:29.649,1,2025-05-20 19:18:29.649,1,,-05:00:00,-05:00:00,2025-05-20 19:18:29.649,2025-05-20 19:18:29.649
1726,Verbano-Cusio-Ossola,107,IT,Italy,VB,province,46.1399688,8.2724649,2025-05-20 19:18:29.649,1,2025-05-20 19:18:29.649,1,,-05:00:00,-05:00:00,2025-05-20 19:18:29.649,2025-05-20 19:18:29.649
1785,Vercelli,107,IT,Italy,VC,province,45.3202204,8.418508,2025-05-20 19:18:29.649,1,2025-05-20 19:18:29.649,1,,-05:00:00,-05:00:00,2025-05-20 19:18:29.649,2025-05-20 19:18:29.649
1736,Verona,107,IT,Italy,VR,province,45.4418498,11.0735316,2025-05-20 19:18:29.649,1,2025-05-20 19:18:29.649,1,,-05:00:00,-05:00:00,2025-05-20 19:18:29.649,2025-05-20 19:18:29.649
1737,Vibo Valentia,107,IT,Italy,VV,province,38.6378565,16.2051484,2025-05-20 19:18:29.649,1,2025-05-20 19:18:29.649,1,,-05:00:00,-05:00:00,2025-05-20 19:18:29.649,2025-05-20 19:18:29.649
1738,Vicenza,107,IT,Italy,VI,province,45.6983995,11.5661465,2025-05-20 19:18:29.649,1,2025-05-20 19:18:29.649,1,,-05:00:00,-05:00:00,2025-05-20 19:18:29.649,2025-05-20 19:18:29.649
1735,Viterbo,107,IT,Italy,VT,province,42.400242,11.8891721,2025-05-20 19:18:29.649,1,2025-05-20 19:18:29.649,1,,-05:00:00,-05:00:00,2025-05-20 19:18:29.649,2025-05-20 19:18:29.649
3753,Clarendon,108,JM,Jamaica,13,parish,17.9557183,-77.2405153,2025-05-20 19:18:29.649,1,2025-05-20 19:18:29.649,1,,-05:00:00,-05:00:00,2025-05-20 19:18:29.649,2025-05-20 19:18:29.649
3749,Hanover,108,JM,Jamaica,9,parish,18.4097707,-78.133638,2025-05-20 19:18:29.649,1,2025-05-20 19:18:29.649,1,,-05:00:00,-05:00:00,2025-05-20 19:18:29.649,2025-05-20 19:18:29.649
3748,Kingston,108,JM,Jamaica,1,parish,17.9683271,-76.782702,2025-05-20 19:18:29.649,1,2025-05-20 19:18:29.649,1,,-05:00:00,-05:00:00,2025-05-20 19:18:29.649,2025-05-20 19:18:29.649
3754,Manchester,108,JM,Jamaica,12,parish,18.0669654,-77.5160788,2025-05-20 19:18:29.649,1,2025-05-20 19:18:29.649,1,,-05:00:00,-05:00:00,2025-05-20 19:18:29.649,2025-05-20 19:18:29.649
3752,Portland,108,JM,Jamaica,4,parish,18.0844274,-76.4100267,2025-05-20 19:18:29.649,1,2025-05-20 19:18:29.649,1,,-05:00:00,-05:00:00,2025-05-20 19:18:29.649,2025-05-20 19:18:29.649
3751,Saint Andrew,108,JM,Jamaica,2,parish,37.2245103,-95.7021189,2025-05-20 19:18:29.649,1,2025-05-20 19:18:29.649,1,,-05:00:00,-05:00:00,2025-05-20 19:18:29.649,2025-05-20 19:18:29.649
3744,Saint Ann,108,JM,Jamaica,6,parish,37.2871452,-77.4103533,2025-05-20 19:18:29.649,1,2025-05-20 19:18:29.649,1,,-05:00:00,-05:00:00,2025-05-20 19:18:29.649,2025-05-20 19:18:29.649
3746,Saint Catherine,108,JM,Jamaica,14,parish,18.0364134,-77.0564464,2025-05-20 19:18:29.649,1,2025-05-20 19:18:29.649,1,,-05:00:00,-05:00:00,2025-05-20 19:18:29.649,2025-05-20 19:18:29.649
3743,Saint Elizabeth,108,JM,Jamaica,11,parish,38.9925308,-94.58992,2025-05-20 19:18:29.649,1,2025-05-20 19:18:29.649,1,,-05:00:00,-05:00:00,2025-05-20 19:18:29.649,2025-05-20 19:18:29.649
3745,Saint James,108,JM,Jamaica,8,parish,30.0179292,-90.7913227,2025-05-20 19:18:29.649,1,2025-05-20 19:18:29.649,1,,-05:00:00,-05:00:00,2025-05-20 19:18:29.649,2025-05-20 19:18:29.649
3747,Saint Mary,108,JM,Jamaica,5,parish,36.092522,-95.973844,2025-05-20 19:18:29.649,1,2025-05-20 19:18:29.649,1,,-05:00:00,-05:00:00,2025-05-20 19:18:29.649,2025-05-20 19:18:29.649
3750,Saint Thomas,108,JM,Jamaica,3,parish,41.4425389,-81.7402218,2025-05-20 19:18:29.649,1,2025-05-20 19:18:29.649,1,,-05:00:00,-05:00:00,2025-05-20 19:18:29.649,2025-05-20 19:18:29.649
3755,Trelawny,108,JM,Jamaica,7,parish,18.3526143,-77.6077865,2025-05-20 19:18:29.649,1,2025-05-20 19:18:29.649,1,,-05:00:00,-05:00:00,2025-05-20 19:18:29.649,2025-05-20 19:18:29.649
3742,Westmoreland,108,JM,Jamaica,10,parish,18.2944378,-78.1564432,2025-05-20 19:18:29.649,1,2025-05-20 19:18:29.649,1,,-05:00:00,-05:00:00,2025-05-20 19:18:29.649,2025-05-20 19:18:29.649
827,Aichi,109,JP,Japan,23,prefecture,35.0182505,137.2923893,2025-05-20 19:18:29.649,1,2025-05-20 19:18:29.649,1,,-05:00:00,-05:00:00,2025-05-20 19:18:29.649,2025-05-20 19:18:29.649
829,Akita,109,JP,Japan,5,prefecture,40.1376293,140.334341,2025-05-20 19:18:29.649,1,2025-05-20 19:18:29.649,1,,-05:00:00,-05:00:00,2025-05-20 19:18:29.649,2025-05-20 19:18:29.649
839,Aomori,109,JP,Japan,2,prefecture,40.7657077,140.9175879,2025-05-20 19:18:29.649,1,2025-05-20 19:18:29.649,1,,-05:00:00,-05:00:00,2025-05-20 19:18:29.649,2025-05-20 19:18:29.649
821,Chiba,109,JP,Japan,12,prefecture,35.3354155,140.1832516,2025-05-20 19:18:29.649,1,2025-05-20 19:18:29.649,1,,-05:00:00,-05:00:00,2025-05-20 19:18:29.649,2025-05-20 19:18:29.649
865,Ehime,109,JP,Japan,38,prefecture,33.6025306,132.7857583,2025-05-20 19:18:29.649,1,2025-05-20 19:18:29.649,1,,-05:00:00,-05:00:00,2025-05-20 19:18:29.649,2025-05-20 19:18:29.649
848,Fukui,109,JP,Japan,18,prefecture,35.896227,136.2111579,2025-05-20 19:18:29.649,1,2025-05-20 19:18:29.649,1,,-05:00:00,-05:00:00,2025-05-20 19:18:29.649,2025-05-20 19:18:29.649
861,Fukuoka,109,JP,Japan,40,prefecture,33.5662559,130.715857,2025-05-20 19:18:29.649,1,2025-05-20 19:18:29.649,1,,-05:00:00,-05:00:00,2025-05-20 19:18:29.649,2025-05-20 19:18:29.649
847,Fukushima,109,JP,Japan,7,prefecture,37.3834373,140.1832516,2025-05-20 19:18:29.649,1,2025-05-20 19:18:29.649,1,,-05:00:00,-05:00:00,2025-05-20 19:18:29.649,2025-05-20 19:18:29.649
858,Gifu,109,JP,Japan,21,prefecture,35.7437491,136.9805103,2025-05-20 19:18:29.649,1,2025-05-20 19:18:29.649,1,,-05:00:00,-05:00:00,2025-05-20 19:18:29.649,2025-05-20 19:18:29.649
862,Gunma,109,JP,Japan,10,prefecture,36.5605388,138.8799972,2025-05-20 19:18:29.649,1,2025-05-20 19:18:29.649,1,,-05:00:00,-05:00:00,2025-05-20 19:18:29.649,2025-05-20 19:18:29.649
828,Hiroshima,109,JP,Japan,34,prefecture,34.8823408,133.0194897,2025-05-20 19:18:29.649,1,2025-05-20 19:18:29.649,1,,-05:00:00,-05:00:00,2025-05-20 19:18:29.649,2025-05-20 19:18:29.649
832,Hokkaidō,109,JP,Japan,1,prefecture,43.2203266,142.8634737,2025-05-20 19:18:29.649,1,2025-05-20 19:18:29.649,1,,-05:00:00,-05:00:00,2025-05-20 19:18:29.649,2025-05-20 19:18:29.649
831,Hyōgo,109,JP,Japan,28,prefecture,34.8579518,134.5453787,2025-05-20 19:18:29.649,1,2025-05-20 19:18:29.649,1,,-05:00:00,-05:00:00,2025-05-20 19:18:29.649,2025-05-20 19:18:29.649
851,Ibaraki,109,JP,Japan,8,prefecture,36.2193571,140.1832516,2025-05-20 19:18:29.649,1,2025-05-20 19:18:29.649,1,,-05:00:00,-05:00:00,2025-05-20 19:18:29.649,2025-05-20 19:18:29.649
830,Ishikawa,109,JP,Japan,17,prefecture,36.3260317,136.5289653,2025-05-20 19:18:29.649,1,2025-05-20 19:18:29.649,1,,-05:00:00,-05:00:00,2025-05-20 19:18:29.649,2025-05-20 19:18:29.649
856,Iwate,109,JP,Japan,3,prefecture,39.5832989,141.2534574,2025-05-20 19:18:29.649,1,2025-05-20 19:18:29.649,1,,-05:00:00,-05:00:00,2025-05-20 19:18:29.649,2025-05-20 19:18:29.649
864,Kagawa,109,JP,Japan,37,prefecture,34.2225915,134.0199152,2025-05-20 19:18:29.649,1,2025-05-20 19:18:29.649,1,,-05:00:00,-05:00:00,2025-05-20 19:18:29.649,2025-05-20 19:18:29.649
840,Kagoshima,109,JP,Japan,46,prefecture,31.3911958,130.8778586,2025-05-20 19:18:29.649,1,2025-05-20 19:18:29.649,1,,-05:00:00,-05:00:00,2025-05-20 19:18:29.649,2025-05-20 19:18:29.649
842,Kanagawa,109,JP,Japan,14,prefecture,35.4913535,139.284143,2025-05-20 19:18:29.649,1,2025-05-20 19:18:29.649,1,,-05:00:00,-05:00:00,2025-05-20 19:18:29.649,2025-05-20 19:18:29.649
4924,Kōchi,109,JP,Japan,39,prefecture,33.2879161,132.2759262,2025-05-20 19:18:29.649,1,2025-05-20 19:18:29.649,1,,-05:00:00,-05:00:00,2025-05-20 19:18:29.649,2025-05-20 19:18:29.649
846,Kumamoto,109,JP,Japan,43,prefecture,32.8594427,130.7969149,2025-05-20 19:18:29.649,1,2025-05-20 19:18:29.649,1,,-05:00:00,-05:00:00,2025-05-20 19:18:29.649,2025-05-20 19:18:29.649
834,Kyōto,109,JP,Japan,26,prefecture,35.1566609,135.5251982,2025-05-20 19:18:29.649,1,2025-05-20 19:18:29.649,1,,-05:00:00,-05:00:00,2025-05-20 19:18:29.649,2025-05-20 19:18:29.649
833,Mie,109,JP,Japan,24,prefecture,33.8143901,136.0487047,2025-05-20 19:18:29.649,1,2025-05-20 19:18:29.649,1,,-05:00:00,-05:00:00,2025-05-20 19:18:29.649,2025-05-20 19:18:29.649
857,Miyagi,109,JP,Japan,4,prefecture,38.630612,141.1193048,2025-05-20 19:18:29.649,1,2025-05-20 19:18:29.649,1,,-05:00:00,-05:00:00,2025-05-20 19:18:29.649,2025-05-20 19:18:29.649
855,Miyazaki,109,JP,Japan,45,prefecture,32.6036022,131.441251,2025-05-20 19:18:29.649,1,2025-05-20 19:18:29.649,1,,-05:00:00,-05:00:00,2025-05-20 19:18:29.649,2025-05-20 19:18:29.649
843,Nagano,109,JP,Japan,20,prefecture,36.1543941,137.9218204,2025-05-20 19:18:29.649,1,2025-05-20 19:18:29.649,1,,-05:00:00,-05:00:00,2025-05-20 19:18:29.649,2025-05-20 19:18:29.649
849,Nagasaki,109,JP,Japan,42,prefecture,33.2488525,129.6930912,2025-05-20 19:18:29.649,1,2025-05-20 19:18:29.649,1,,-05:00:00,-05:00:00,2025-05-20 19:18:29.649,2025-05-20 19:18:29.649
824,Nara,109,JP,Japan,29,prefecture,34.2975528,135.8279734,2025-05-20 19:18:29.649,1,2025-05-20 19:18:29.649,1,,-05:00:00,-05:00:00,2025-05-20 19:18:29.649,2025-05-20 19:18:29.649
841,Niigata,109,JP,Japan,15,prefecture,37.5178386,138.9269794,2025-05-20 19:18:29.649,1,2025-05-20 19:18:29.649,1,,-05:00:00,-05:00:00,2025-05-20 19:18:29.649,2025-05-20 19:18:29.649
822,Ōita,109,JP,Japan,44,prefecture,33.1589299,131.3611121,2025-05-20 19:18:29.649,1,2025-05-20 19:18:29.649,1,,-05:00:00,-05:00:00,2025-05-20 19:18:29.649,2025-05-20 19:18:29.649
820,Okayama,109,JP,Japan,33,prefecture,34.8963407,133.6375314,2025-05-20 19:18:29.649,1,2025-05-20 19:18:29.649,1,,-05:00:00,-05:00:00,2025-05-20 19:18:29.649,2025-05-20 19:18:29.649
853,Okinawa,109,JP,Japan,47,prefecture,26.1201911,127.7025012,2025-05-20 19:18:29.649,1,2025-05-20 19:18:29.649,1,,-05:00:00,-05:00:00,2025-05-20 19:18:29.649,2025-05-20 19:18:29.649
859,Ōsaka,109,JP,Japan,27,prefecture,34.6413315,135.5629394,2025-05-20 19:18:29.649,1,2025-05-20 19:18:29.649,1,,-05:00:00,-05:00:00,2025-05-20 19:18:29.649,2025-05-20 19:18:29.649
863,Saga,109,JP,Japan,41,prefecture,33.3078371,130.2271243,2025-05-20 19:18:29.649,1,2025-05-20 19:18:29.649,1,,-05:00:00,-05:00:00,2025-05-20 19:18:29.649,2025-05-20 19:18:29.649
860,Saitama,109,JP,Japan,11,prefecture,35.9962513,139.4466005,2025-05-20 19:18:29.649,1,2025-05-20 19:18:29.649,1,,-05:00:00,-05:00:00,2025-05-20 19:18:29.649,2025-05-20 19:18:29.649
845,Shiga,109,JP,Japan,25,prefecture,35.3292014,136.0563212,2025-05-20 19:18:29.649,1,2025-05-20 19:18:29.649,1,,-05:00:00,-05:00:00,2025-05-20 19:18:29.649,2025-05-20 19:18:29.649
826,Shimane,109,JP,Japan,32,prefecture,35.1244094,132.6293446,2025-05-20 19:18:29.649,1,2025-05-20 19:18:29.649,1,,-05:00:00,-05:00:00,2025-05-20 19:18:29.649,2025-05-20 19:18:29.649
825,Shizuoka,109,JP,Japan,22,prefecture,35.0929397,138.3190276,2025-05-20 19:18:29.649,1,2025-05-20 19:18:29.649,1,,-05:00:00,-05:00:00,2025-05-20 19:18:29.649,2025-05-20 19:18:29.649
854,Tochigi,109,JP,Japan,9,prefecture,36.6714739,139.8547266,2025-05-20 19:18:29.649,1,2025-05-20 19:18:29.649,1,,-05:00:00,-05:00:00,2025-05-20 19:18:29.649,2025-05-20 19:18:29.649
836,Tokushima,109,JP,Japan,36,prefecture,33.9419655,134.3236557,2025-05-20 19:18:29.649,1,2025-05-20 19:18:29.649,1,,-05:00:00,-05:00:00,2025-05-20 19:18:29.649,2025-05-20 19:18:29.649
823,Tokyo,109,JP,Japan,13,prefecture,35.6761919,139.6503106,2025-05-20 19:18:29.649,1,2025-05-20 19:18:29.649,1,,-05:00:00,-05:00:00,2025-05-20 19:18:29.649,2025-05-20 19:18:29.649
850,Tottori,109,JP,Japan,31,prefecture,35.3573161,133.4066618,2025-05-20 19:18:29.649,1,2025-05-20 19:18:29.649,1,,-05:00:00,-05:00:00,2025-05-20 19:18:29.649,2025-05-20 19:18:29.649
838,Toyama,109,JP,Japan,16,prefecture,36.6958266,137.2137071,2025-05-20 19:18:29.649,1,2025-05-20 19:18:29.649,1,,-05:00:00,-05:00:00,2025-05-20 19:18:29.649,2025-05-20 19:18:29.649
844,Wakayama,109,JP,Japan,30,prefecture,33.9480914,135.3745358,2025-05-20 19:18:29.649,1,2025-05-20 19:18:29.649,1,,-05:00:00,-05:00:00,2025-05-20 19:18:29.649,2025-05-20 19:18:29.649
837,Yamagata,109,JP,Japan,6,prefecture,38.5370564,140.1435198,2025-05-20 19:18:29.649,1,2025-05-20 19:18:29.649,1,,-05:00:00,-05:00:00,2025-05-20 19:18:29.649,2025-05-20 19:18:29.649
835,Yamaguchi,109,JP,Japan,35,prefecture,34.2796769,131.5212742,2025-05-20 19:18:29.649,1,2025-05-20 19:18:29.649,1,,-05:00:00,-05:00:00,2025-05-20 19:18:29.649,2025-05-20 19:18:29.649
852,Yamanashi,109,JP,Japan,19,prefecture,35.6635113,138.6388879,2025-05-20 19:18:29.649,1,2025-05-20 19:18:29.649,1,,-05:00:00,-05:00:00,2025-05-20 19:18:29.649,2025-05-20 19:18:29.649
5309,Grouville,110,JE,Jersey,1,parish,49.1821257,-2.0941981,2025-05-20 19:18:29.649,1,2025-05-20 19:18:29.649,1,,-05:00:00,-05:00:00,2025-05-20 19:18:29.649,2025-05-20 19:18:29.649
5310,St Brelade,110,JE,Jersey,2,parish,49.18488,-2.2468508,2025-05-20 19:18:29.649,1,2025-05-20 19:18:29.649,1,,-05:00:00,-05:00:00,2025-05-20 19:18:29.649,2025-05-20 19:18:29.649
5311,St Clement,110,JE,Jersey,3,parish,49.1696579,-2.0883934,2025-05-20 19:18:29.649,1,2025-05-20 19:18:29.649,1,,-05:00:00,-05:00:00,2025-05-20 19:18:29.649,2025-05-20 19:18:29.649
5312,St Helier,110,JE,Jersey,4,parish,49.1811523,-2.1257426,2025-05-20 19:18:29.649,1,2025-05-20 19:18:29.649,1,,-05:00:00,-05:00:00,2025-05-20 19:18:29.649,2025-05-20 19:18:29.649
5313,St John,110,JE,Jersey,5,parish,49.2391257,-2.1802684,2025-05-20 19:18:29.649,1,2025-05-20 19:18:29.649,1,,-05:00:00,-05:00:00,2025-05-20 19:18:29.649,2025-05-20 19:18:29.649
5314,St Lawrence,110,JE,Jersey,6,parish,49.2152748,-2.182077,2025-05-20 19:18:29.649,1,2025-05-20 19:18:29.649,1,,-05:00:00,-05:00:00,2025-05-20 19:18:29.649,2025-05-20 19:18:29.649
5315,St Martin,110,JE,Jersey,7,parish,49.2164149,-2.0813339,2025-05-20 19:18:29.649,1,2025-05-20 19:18:29.649,1,,-05:00:00,-05:00:00,2025-05-20 19:18:29.649,2025-05-20 19:18:29.649
5316,St Mary,110,JE,Jersey,8,parish,49.2378181,-2.1952213,2025-05-20 19:18:29.649,1,2025-05-20 19:18:29.649,1,,-05:00:00,-05:00:00,2025-05-20 19:18:29.649,2025-05-20 19:18:29.649
5317,St Ouen,110,JE,Jersey,9,parish,49.2368076,-2.2583597,2025-05-20 19:18:29.649,1,2025-05-20 19:18:29.649,1,,-05:00:00,-05:00:00,2025-05-20 19:18:29.649,2025-05-20 19:18:29.649
5318,St Peter,110,JE,Jersey,10,parish,49.2144278,-2.2323431,2025-05-20 19:18:29.649,1,2025-05-20 19:18:29.649,1,,-05:00:00,-05:00:00,2025-05-20 19:18:29.649,2025-05-20 19:18:29.649
5319,St Saviour,110,JE,Jersey,11,parish,49.2011989,-2.1125739,2025-05-20 19:18:29.649,1,2025-05-20 19:18:29.649,1,,-05:00:00,-05:00:00,2025-05-20 19:18:29.649,2025-05-20 19:18:29.649
5320,Trinity,110,JE,Jersey,12,parish,49.23059,-2.1199936,2025-05-20 19:18:29.649,1,2025-05-20 19:18:29.649,1,,-05:00:00,-05:00:00,2025-05-20 19:18:29.649,2025-05-20 19:18:29.649
963,Ajloun,111,JO,Jordan,AJ,governorate,32.3325584,35.7516844,2025-05-20 19:18:29.649,1,2025-05-20 19:18:29.649,1,,-05:00:00,-05:00:00,2025-05-20 19:18:29.649,2025-05-20 19:18:29.649
965,Amman,111,JO,Jordan,AM,governorate,31.9453633,35.9283895,2025-05-20 19:18:29.649,1,2025-05-20 19:18:29.649,1,,-05:00:00,-05:00:00,2025-05-20 19:18:29.649,2025-05-20 19:18:29.649
959,Aqaba,111,JO,Jordan,AQ,governorate,29.532086,35.0062821,2025-05-20 19:18:29.649,1,2025-05-20 19:18:29.649,1,,-05:00:00,-05:00:00,2025-05-20 19:18:29.649,2025-05-20 19:18:29.649
961,Balqa,111,JO,Jordan,BA,governorate,32.0366806,35.728848,2025-05-20 19:18:29.649,1,2025-05-20 19:18:29.649,1,,-05:00:00,-05:00:00,2025-05-20 19:18:29.649,2025-05-20 19:18:29.649
960,Irbid,111,JO,Jordan,IR,governorate,32.5569636,35.8478965,2025-05-20 19:18:29.649,1,2025-05-20 19:18:29.649,1,,-05:00:00,-05:00:00,2025-05-20 19:18:29.649,2025-05-20 19:18:29.649
966,Jerash,111,JO,Jordan,JA,governorate,32.2747237,35.8960954,2025-05-20 19:18:29.649,1,2025-05-20 19:18:29.649,1,,-05:00:00,-05:00:00,2025-05-20 19:18:29.649,2025-05-20 19:18:29.649
956,Karak,111,JO,Jordan,KA,governorate,31.1853527,35.7047682,2025-05-20 19:18:29.649,1,2025-05-20 19:18:29.649,1,,-05:00:00,-05:00:00,2025-05-20 19:18:29.649,2025-05-20 19:18:29.649
964,Ma'an,111,JO,Jordan,MN,governorate,30.1926789,35.7249319,2025-05-20 19:18:29.649,1,2025-05-20 19:18:29.649,1,,-05:00:00,-05:00:00,2025-05-20 19:18:29.649,2025-05-20 19:18:29.649
958,Madaba,111,JO,Jordan,MD,governorate,31.7196097,35.7932754,2025-05-20 19:18:29.649,1,2025-05-20 19:18:29.649,1,,-05:00:00,-05:00:00,2025-05-20 19:18:29.649,2025-05-20 19:18:29.649
962,Mafraq,111,JO,Jordan,MA,governorate,32.3416923,36.2020175,2025-05-20 19:18:29.649,1,2025-05-20 19:18:29.649,1,,-05:00:00,-05:00:00,2025-05-20 19:18:29.649,2025-05-20 19:18:29.649
957,Tafilah,111,JO,Jordan,AT,governorate,30.8338063,35.6160513,2025-05-20 19:18:29.649,1,2025-05-20 19:18:29.649,1,,-05:00:00,-05:00:00,2025-05-20 19:18:29.649,2025-05-20 19:18:29.649
967,Zarqa,111,JO,Jordan,AZ,governorate,32.0608505,36.0942121,2025-05-20 19:18:29.649,1,2025-05-20 19:18:29.649,1,,-05:00:00,-05:00:00,2025-05-20 19:18:29.649,2025-05-20 19:18:29.649
145,Akmola,112,KZ,Kazakhstan,AKM,region,51.916532,69.4110494,2025-05-20 19:18:29.649,1,2025-05-20 19:18:29.649,1,,-05:00:00,-05:00:00,2025-05-20 19:18:29.649,2025-05-20 19:18:29.649
151,Aktobe,112,KZ,Kazakhstan,AKT,region,48.7797078,57.9974378,2025-05-20 19:18:29.649,1,2025-05-20 19:18:29.649,1,,-05:00:00,-05:00:00,2025-05-20 19:18:29.649,2025-05-20 19:18:29.649
143,Almaty,112,KZ,Kazakhstan,ALM,region,45.0119227,78.4229392,2025-05-20 19:18:29.649,1,2025-05-20 19:18:29.649,1,,-05:00:00,-05:00:00,2025-05-20 19:18:29.649,2025-05-20 19:18:29.649
152,Almaty,112,KZ,Kazakhstan,ALA,city,43.2220146,76.8512485,2025-05-20 19:18:29.649,1,2025-05-20 19:18:29.649,1,,-05:00:00,-05:00:00,2025-05-20 19:18:29.649,2025-05-20 19:18:29.649
156,Astana,112,KZ,Kazakhstan,AST,city,51.1605227,71.4703558,2025-05-20 19:18:29.649,1,2025-05-20 19:18:29.649,1,,-05:00:00,-05:00:00,2025-05-20 19:18:29.649,2025-05-20 19:18:29.649
153,Atyrau,112,KZ,Kazakhstan,ATY,region,47.1076188,51.914133,2025-05-20 19:18:29.649,1,2025-05-20 19:18:29.649,1,,-05:00:00,-05:00:00,2025-05-20 19:18:29.649,2025-05-20 19:18:29.649
155,Baikonur,112,KZ,Kazakhstan,BAY,region,45.9645851,63.3052428,2025-05-20 19:18:29.649,1,2025-05-20 19:18:29.649,1,,-05:00:00,-05:00:00,2025-05-20 19:18:29.649,2025-05-20 19:18:29.649
154,East Kazakhstan,112,KZ,Kazakhstan,VOS,region,48.7062687,80.7922534,2025-05-20 19:18:29.649,1,2025-05-20 19:18:29.649,1,,-05:00:00,-05:00:00,2025-05-20 19:18:29.649,2025-05-20 19:18:29.649
147,Jambyl,112,KZ,Kazakhstan,ZHA,region,44.2220308,72.3657967,2025-05-20 19:18:29.649,1,2025-05-20 19:18:29.649,1,,-05:00:00,-05:00:00,2025-05-20 19:18:29.649,2025-05-20 19:18:29.649
150,Karaganda,112,KZ,Kazakhstan,KAR,region,47.9022182,71.7706807,2025-05-20 19:18:29.649,1,2025-05-20 19:18:29.649,1,,-05:00:00,-05:00:00,2025-05-20 19:18:29.649,2025-05-20 19:18:29.649
157,Kostanay,112,KZ,Kazakhstan,KUS,region,51.5077096,64.0479073,2025-05-20 19:18:29.649,1,2025-05-20 19:18:29.649,1,,-05:00:00,-05:00:00,2025-05-20 19:18:29.649,2025-05-20 19:18:29.649
142,Kyzylorda,112,KZ,Kazakhstan,KZY,region,44.6922613,62.6571885,2025-05-20 19:18:29.649,1,2025-05-20 19:18:29.649,1,,-05:00:00,-05:00:00,2025-05-20 19:18:29.649,2025-05-20 19:18:29.649
141,Mangystau,112,KZ,Kazakhstan,MAN,region,44.590802,53.8499508,2025-05-20 19:18:29.649,1,2025-05-20 19:18:29.649,1,,-05:00:00,-05:00:00,2025-05-20 19:18:29.649,2025-05-20 19:18:29.649
144,North Kazakhstan,112,KZ,Kazakhstan,SEV,region,54.1622066,69.9387071,2025-05-20 19:18:29.649,1,2025-05-20 19:18:29.649,1,,-05:00:00,-05:00:00,2025-05-20 19:18:29.649,2025-05-20 19:18:29.649
146,Pavlodar,112,KZ,Kazakhstan,PAV,region,52.2878444,76.9733453,2025-05-20 19:18:29.649,1,2025-05-20 19:18:29.649,1,,-05:00:00,-05:00:00,2025-05-20 19:18:29.649,2025-05-20 19:18:29.649
149,Turkistan,112,KZ,Kazakhstan,YUZ,region,43.3666958,68.4094405,2025-05-20 19:18:29.649,1,2025-05-20 19:18:29.649,1,,-05:00:00,-05:00:00,2025-05-20 19:18:29.649,2025-05-20 19:18:29.649
148,West Kazakhstan,112,KZ,Kazakhstan,ZAP,region,49.5679727,50.8066616,2025-05-20 19:18:29.649,1,2025-05-20 19:18:29.649,1,,-05:00:00,-05:00:00,2025-05-20 19:18:29.649,2025-05-20 19:18:29.649
181,Baringo,113,KE,Kenya,1,county,0.8554988,36.0893406,2025-05-20 19:18:29.649,1,2025-05-20 19:18:29.649,1,,-05:00:00,-05:00:00,2025-05-20 19:18:29.649,2025-05-20 19:18:29.649
210,Bomet,113,KE,Kenya,2,county,-0.8015009,35.3027226,2025-05-20 19:18:29.649,1,2025-05-20 19:18:29.649,1,,-05:00:00,-05:00:00,2025-05-20 19:18:29.649,2025-05-20 19:18:29.649
168,Bungoma,113,KE,Kenya,3,county,0.5695252,34.5583766,2025-05-20 19:18:29.649,1,2025-05-20 19:18:29.649,1,,-05:00:00,-05:00:00,2025-05-20 19:18:29.649,2025-05-20 19:18:29.649
161,Busia,113,KE,Kenya,4,county,0.4346506,34.2421597,2025-05-20 19:18:29.649,1,2025-05-20 19:18:29.649,1,,-05:00:00,-05:00:00,2025-05-20 19:18:29.649,2025-05-20 19:18:29.649
201,Elgeyo-Marakwet,113,KE,Kenya,5,county,1.0498237,35.4781926,2025-05-20 19:18:29.649,1,2025-05-20 19:18:29.649,1,,-05:00:00,-05:00:00,2025-05-20 19:18:29.649,2025-05-20 19:18:29.649
163,Embu,113,KE,Kenya,6,county,-0.6560477,37.7237678,2025-05-20 19:18:29.649,1,2025-05-20 19:18:29.649,1,,-05:00:00,-05:00:00,2025-05-20 19:18:29.649,2025-05-20 19:18:29.649
196,Garissa,113,KE,Kenya,7,county,-0.4532293,39.6460988,2025-05-20 19:18:29.649,1,2025-05-20 19:18:29.649,1,,-05:00:00,-05:00:00,2025-05-20 19:18:29.649,2025-05-20 19:18:29.649
195,Homa Bay,113,KE,Kenya,8,county,-0.6220655,34.3310364,2025-05-20 19:18:29.649,1,2025-05-20 19:18:29.649,1,,-05:00:00,-05:00:00,2025-05-20 19:18:29.649,2025-05-20 19:18:29.649
170,Isiolo,113,KE,Kenya,9,county,0.3524352,38.4849923,2025-05-20 19:18:29.649,1,2025-05-20 19:18:29.649,1,,-05:00:00,-05:00:00,2025-05-20 19:18:29.649,2025-05-20 19:18:29.649
197,Kajiado,113,KE,Kenya,10,county,-2.0980751,36.7819505,2025-05-20 19:18:29.649,1,2025-05-20 19:18:29.649,1,,-05:00:00,-05:00:00,2025-05-20 19:18:29.649,2025-05-20 19:18:29.649
158,Kakamega,113,KE,Kenya,11,county,0.307894,34.7740793,2025-05-20 19:18:29.649,1,2025-05-20 19:18:29.649,1,,-05:00:00,-05:00:00,2025-05-20 19:18:29.649,2025-05-20 19:18:29.649
193,Kericho,113,KE,Kenya,12,county,-0.1827913,35.4781926,2025-05-20 19:18:29.649,1,2025-05-20 19:18:29.649,1,,-05:00:00,-05:00:00,2025-05-20 19:18:29.649,2025-05-20 19:18:29.649
199,Kiambu,113,KE,Kenya,13,county,-1.0313701,36.8680791,2025-05-20 19:18:29.649,1,2025-05-20 19:18:29.649,1,,-05:00:00,-05:00:00,2025-05-20 19:18:29.649,2025-05-20 19:18:29.649
174,Kilifi,113,KE,Kenya,14,county,-3.5106508,39.9093269,2025-05-20 19:18:29.649,1,2025-05-20 19:18:29.649,1,,-05:00:00,-05:00:00,2025-05-20 19:18:29.649,2025-05-20 19:18:29.649
167,Kirinyaga,113,KE,Kenya,15,county,-0.6590565,37.3827234,2025-05-20 19:18:29.649,1,2025-05-20 19:18:29.649,1,,-05:00:00,-05:00:00,2025-05-20 19:18:29.649,2025-05-20 19:18:29.649
159,Kisii,113,KE,Kenya,16,county,-0.677334,34.779603,2025-05-20 19:18:29.649,1,2025-05-20 19:18:29.649,1,,-05:00:00,-05:00:00,2025-05-20 19:18:29.649,2025-05-20 19:18:29.649
171,Kisumu,113,KE,Kenya,17,county,-0.0917016,34.7679568,2025-05-20 19:18:29.649,1,2025-05-20 19:18:29.649,1,,-05:00:00,-05:00:00,2025-05-20 19:18:29.649,2025-05-20 19:18:29.649
211,Kitui,113,KE,Kenya,18,county,-1.6832822,38.3165725,2025-05-20 19:18:29.649,1,2025-05-20 19:18:29.649,1,,-05:00:00,-05:00:00,2025-05-20 19:18:29.649,2025-05-20 19:18:29.649
173,Kwale,113,KE,Kenya,19,county,-4.1816115,39.4605612,2025-05-20 19:18:29.649,1,2025-05-20 19:18:29.649,1,,-05:00:00,-05:00:00,2025-05-20 19:18:29.649,2025-05-20 19:18:29.649
164,Laikipia,113,KE,Kenya,20,county,0.3606063,36.7819505,2025-05-20 19:18:29.649,1,2025-05-20 19:18:29.649,1,,-05:00:00,-05:00:00,2025-05-20 19:18:29.649,2025-05-20 19:18:29.649
166,Lamu,113,KE,Kenya,21,county,-2.2355058,40.4720004,2025-05-20 19:18:29.649,1,2025-05-20 19:18:29.649,1,,-05:00:00,-05:00:00,2025-05-20 19:18:29.649,2025-05-20 19:18:29.649
184,Machakos,113,KE,Kenya,22,county,-1.5176837,37.2634146,2025-05-20 19:18:29.649,1,2025-05-20 19:18:29.649,1,,-05:00:00,-05:00:00,2025-05-20 19:18:29.649,2025-05-20 19:18:29.649
188,Makueni,113,KE,Kenya,23,county,-2.2558734,37.8936663,2025-05-20 19:18:29.649,1,2025-05-20 19:18:29.649,1,,-05:00:00,-05:00:00,2025-05-20 19:18:29.649,2025-05-20 19:18:29.649
187,Mandera,113,KE,Kenya,24,county,3.5737991,40.958688,2025-05-20 19:18:29.649,1,2025-05-20 19:18:29.649,1,,-05:00:00,-05:00:00,2025-05-20 19:18:29.649,2025-05-20 19:18:29.649
194,Marsabit,113,KE,Kenya,25,county,2.4426403,37.9784585,2025-05-20 19:18:29.649,1,2025-05-20 19:18:29.649,1,,-05:00:00,-05:00:00,2025-05-20 19:18:29.649,2025-05-20 19:18:29.649
198,Meru,113,KE,Kenya,26,county,0.3557174,37.8087693,2025-05-20 19:18:29.649,1,2025-05-20 19:18:29.649,1,,-05:00:00,-05:00:00,2025-05-20 19:18:29.649,2025-05-20 19:18:29.649
190,Migori,113,KE,Kenya,27,county,-0.9365702,34.4198243,2025-05-20 19:18:29.649,1,2025-05-20 19:18:29.649,1,,-05:00:00,-05:00:00,2025-05-20 19:18:29.649,2025-05-20 19:18:29.649
200,Mombasa,113,KE,Kenya,28,county,-3.9768291,39.7137181,2025-05-20 19:18:29.649,1,2025-05-20 19:18:29.649,1,,-05:00:00,-05:00:00,2025-05-20 19:18:29.649,2025-05-20 19:18:29.649
178,Murang'a,113,KE,Kenya,29,county,-0.7839281,37.0400339,2025-05-20 19:18:29.649,1,2025-05-20 19:18:29.649,1,,-05:00:00,-05:00:00,2025-05-20 19:18:29.649,2025-05-20 19:18:29.649
191,Nairobi City,113,KE,Kenya,30,county,-1.2920659,36.8219462,2025-05-20 19:18:29.649,1,2025-05-20 19:18:29.649,1,,-05:00:00,-05:00:00,2025-05-20 19:18:29.649,2025-05-20 19:18:29.649
203,Nakuru,113,KE,Kenya,31,county,-0.3030988,36.080026,2025-05-20 19:18:29.649,1,2025-05-20 19:18:29.649,1,,-05:00:00,-05:00:00,2025-05-20 19:18:29.649,2025-05-20 19:18:29.649
165,Nandi,113,KE,Kenya,32,county,0.1835867,35.1268781,2025-05-20 19:18:29.649,1,2025-05-20 19:18:29.649,1,,-05:00:00,-05:00:00,2025-05-20 19:18:29.649,2025-05-20 19:18:29.649
175,Narok,113,KE,Kenya,33,county,-1.104111,36.0893406,2025-05-20 19:18:29.649,1,2025-05-20 19:18:29.649,1,,-05:00:00,-05:00:00,2025-05-20 19:18:29.649,2025-05-20 19:18:29.649
209,Nyamira,113,KE,Kenya,34,county,-0.5669405,34.9341234,2025-05-20 19:18:29.649,1,2025-05-20 19:18:29.649,1,,-05:00:00,-05:00:00,2025-05-20 19:18:29.649,2025-05-20 19:18:29.649
192,Nyandarua,113,KE,Kenya,35,county,-0.1803855,36.5229641,2025-05-20 19:18:29.649,1,2025-05-20 19:18:29.649,1,,-05:00:00,-05:00:00,2025-05-20 19:18:29.649,2025-05-20 19:18:29.649
180,Nyeri,113,KE,Kenya,36,county,-0.4196915,37.0400339,2025-05-20 19:18:29.649,1,2025-05-20 19:18:29.649,1,,-05:00:00,-05:00:00,2025-05-20 19:18:29.649,2025-05-20 19:18:29.649
207,Samburu,113,KE,Kenya,37,county,1.2154506,36.954107,2025-05-20 19:18:29.649,1,2025-05-20 19:18:29.649,1,,-05:00:00,-05:00:00,2025-05-20 19:18:29.649,2025-05-20 19:18:29.649
186,Siaya,113,KE,Kenya,38,county,-0.0617328,34.2421597,2025-05-20 19:18:29.649,1,2025-05-20 19:18:29.649,1,,-05:00:00,-05:00:00,2025-05-20 19:18:29.649,2025-05-20 19:18:29.649
176,Taita–Taveta,113,KE,Kenya,39,county,-3.3160687,38.4849923,2025-05-20 19:18:29.649,1,2025-05-20 19:18:29.649,1,,-05:00:00,-05:00:00,2025-05-20 19:18:29.649,2025-05-20 19:18:29.649
205,Tana River,113,KE,Kenya,40,county,-1.6518468,39.6518165,2025-05-20 19:18:29.649,1,2025-05-20 19:18:29.649,1,,-05:00:00,-05:00:00,2025-05-20 19:18:29.649,2025-05-20 19:18:29.649
185,Tharaka-Nithi,113,KE,Kenya,41,county,-0.2964851,37.7237678,2025-05-20 19:18:29.649,1,2025-05-20 19:18:29.649,1,,-05:00:00,-05:00:00,2025-05-20 19:18:29.649,2025-05-20 19:18:29.649
183,Trans Nzoia,113,KE,Kenya,42,county,1.0566667,34.9506625,2025-05-20 19:18:29.649,1,2025-05-20 19:18:29.649,1,,-05:00:00,-05:00:00,2025-05-20 19:18:29.649,2025-05-20 19:18:29.649
206,Turkana,113,KE,Kenya,43,county,3.3122477,35.5657862,2025-05-20 19:18:29.649,1,2025-05-20 19:18:29.649,1,,-05:00:00,-05:00:00,2025-05-20 19:18:29.649,2025-05-20 19:18:29.649
169,Uasin Gishu,113,KE,Kenya,44,county,0.5527638,35.3027226,2025-05-20 19:18:29.649,1,2025-05-20 19:18:29.649,1,,-05:00:00,-05:00:00,2025-05-20 19:18:29.649,2025-05-20 19:18:29.649
202,Vihiga,113,KE,Kenya,45,county,0.0767553,34.7077665,2025-05-20 19:18:29.649,1,2025-05-20 19:18:29.649,1,,-05:00:00,-05:00:00,2025-05-20 19:18:29.649,2025-05-20 19:18:29.649
182,Wajir,113,KE,Kenya,46,county,1.6360475,40.3088626,2025-05-20 19:18:29.649,1,2025-05-20 19:18:29.649,1,,-05:00:00,-05:00:00,2025-05-20 19:18:29.649,2025-05-20 19:18:29.649
208,West Pokot,113,KE,Kenya,47,county,1.6210076,35.3905046,2025-05-20 19:18:29.649,1,2025-05-20 19:18:29.649,1,,-05:00:00,-05:00:00,2025-05-20 19:18:29.649,2025-05-20 19:18:29.649
1831,Gilbert,114,KI,Kiribati,G,island,0.3524262,174.7552634,2025-05-20 19:18:29.649,1,2025-05-20 19:18:29.649,1,,-05:00:00,-05:00:00,2025-05-20 19:18:29.649,2025-05-20 19:18:29.649
1832,Line,114,KI,Kiribati,L,island,1.7429439,-157.2132826,2025-05-20 19:18:29.649,1,2025-05-20 19:18:29.649,1,,-05:00:00,-05:00:00,2025-05-20 19:18:29.649,2025-05-20 19:18:29.649
1830,Phoenix,114,KI,Kiribati,P,island,33.3284369,-111.9824774,2025-05-20 19:18:29.649,1,2025-05-20 19:18:29.649,1,,-05:00:00,-05:00:00,2025-05-20 19:18:29.649,2025-05-20 19:18:29.649
4874,Ferizaj,248,XK,Kosovo,XUF,district,42.3701844,21.1483281,2025-05-20 19:18:29.649,1,2025-05-20 19:18:29.649,1,,-05:00:00,-05:00:00,2025-05-20 19:18:29.649,2025-05-20 19:18:29.649
4876,Gjakove,248,XK,Kosovo,XDG,district,42.4375756,20.3785438,2025-05-20 19:18:29.649,1,2025-05-20 19:18:29.649,1,,-05:00:00,-05:00:00,2025-05-20 19:18:29.649,2025-05-20 19:18:29.649
4877,Gjilan,248,XK,Kosovo,XGJ,district,42.4635206,21.4694011,2025-05-20 19:18:29.649,1,2025-05-20 19:18:29.649,1,,-05:00:00,-05:00:00,2025-05-20 19:18:29.649,2025-05-20 19:18:29.649
4878,Mitrovica,248,XK,Kosovo,XKM,district,42.8913909,20.8659995,2025-05-20 19:18:29.649,1,2025-05-20 19:18:29.649,1,,-05:00:00,-05:00:00,2025-05-20 19:18:29.649,2025-05-20 19:18:29.649
5321,Peja,248,XK,Kosovo,PEJ,district,42.7031709,20.0616855,2025-05-20 19:18:29.649,1,2025-05-20 19:18:29.649,1,,-05:00:00,-05:00:00,2025-05-20 19:18:29.649,2025-05-20 19:18:29.649
4879,Pristina,248,XK,Kosovo,XPI,district,42.6629138,21.1655028,2025-05-20 19:18:29.649,1,2025-05-20 19:18:29.649,1,,-05:00:00,-05:00:00,2025-05-20 19:18:29.649,2025-05-20 19:18:29.649
5322,Prizren,248,XK,Kosovo,PRI,district,42.2324565,20.4039366,2025-05-20 19:18:29.649,1,2025-05-20 19:18:29.649,1,,-05:00:00,-05:00:00,2025-05-20 19:18:29.649,2025-05-20 19:18:29.649
977,Al Ahmadi,117,KW,Kuwait,AH,governorate,28.5745125,48.1024743,2025-05-20 19:18:29.649,1,2025-05-20 19:18:29.649,1,,-05:00:00,-05:00:00,2025-05-20 19:18:29.649,2025-05-20 19:18:29.649
976,Al Asimah,117,KW,Kuwait,KU,governorate,26.2285161,50.5860497,2025-05-20 19:18:29.649,1,2025-05-20 19:18:29.649,1,,-05:00:00,-05:00:00,2025-05-20 19:18:29.649,2025-05-20 19:18:29.649
975,Al Farwaniyah,117,KW,Kuwait,FA,governorate,29.273357,47.9400154,2025-05-20 19:18:29.649,1,2025-05-20 19:18:29.649,1,,-05:00:00,-05:00:00,2025-05-20 19:18:29.649,2025-05-20 19:18:29.649
972,Al Jahra,117,KW,Kuwait,JA,governorate,29.9931831,47.7634731,2025-05-20 19:18:29.649,1,2025-05-20 19:18:29.649,1,,-05:00:00,-05:00:00,2025-05-20 19:18:29.649,2025-05-20 19:18:29.649
973,Hawalli,117,KW,Kuwait,HA,governorate,29.3056716,48.0307613,2025-05-20 19:18:29.649,1,2025-05-20 19:18:29.649,1,,-05:00:00,-05:00:00,2025-05-20 19:18:29.649,2025-05-20 19:18:29.649
974,Mubarak Al-Kabeer,117,KW,Kuwait,MU,governorate,29.21224,48.0605108,2025-05-20 19:18:29.649,1,2025-05-20 19:18:29.649,1,,-05:00:00,-05:00:00,2025-05-20 19:18:29.649,2025-05-20 19:18:29.649
998,Batken,118,KG,Kyrgyzstan,B,region,39.9721425,69.8597406,2025-05-20 19:18:29.649,1,2025-05-20 19:18:29.649,1,,-05:00:00,-05:00:00,2025-05-20 19:18:29.649,2025-05-20 19:18:29.649
1001,Bishkek,118,KG,Kyrgyzstan,GB,city,42.8746212,74.5697617,2025-05-20 19:18:29.649,1,2025-05-20 19:18:29.649,1,,-05:00:00,-05:00:00,2025-05-20 19:18:29.649,2025-05-20 19:18:29.649
1004,Chuy,118,KG,Kyrgyzstan,C,region,42.5655,74.4056612,2025-05-20 19:18:29.649,1,2025-05-20 19:18:29.649,1,,-05:00:00,-05:00:00,2025-05-20 19:18:29.649,2025-05-20 19:18:29.649
1002,Issyk-Kul,118,KG,Kyrgyzstan,Y,region,42.1859428,77.5619419,2025-05-20 19:18:29.649,1,2025-05-20 19:18:29.649,1,,-05:00:00,-05:00:00,2025-05-20 19:18:29.649,2025-05-20 19:18:29.649
1000,Jalal-Abad,118,KG,Kyrgyzstan,J,region,41.106808,72.8988069,2025-05-20 19:18:29.649,1,2025-05-20 19:18:29.649,1,,-05:00:00,-05:00:00,2025-05-20 19:18:29.649,2025-05-20 19:18:29.649
999,Naryn,118,KG,Kyrgyzstan,N,region,41.2943227,75.3412179,2025-05-20 19:18:29.649,1,2025-05-20 19:18:29.649,1,,-05:00:00,-05:00:00,2025-05-20 19:18:29.649,2025-05-20 19:18:29.649
1003,Osh,118,KG,Kyrgyzstan,GO,city,36.0631399,-95.9182895,2025-05-20 19:18:29.649,1,2025-05-20 19:18:29.649,1,,-05:00:00,-05:00:00,2025-05-20 19:18:29.649,2025-05-20 19:18:29.649
1005,Osh,118,KG,Kyrgyzstan,O,region,39.8407366,72.8988069,2025-05-20 19:18:29.649,1,2025-05-20 19:18:29.649,1,,-05:00:00,-05:00:00,2025-05-20 19:18:29.649,2025-05-20 19:18:29.649
997,Talas,118,KG,Kyrgyzstan,T,region,42.2867339,72.5204827,2025-05-20 19:18:29.649,1,2025-05-20 19:18:29.649,1,,-05:00:00,-05:00:00,2025-05-20 19:18:29.649,2025-05-20 19:18:29.649
982,Attapeu,119,LA,Laos,AT,province,14.93634,107.1011931,2025-05-20 19:18:29.649,1,2025-05-20 19:18:29.649,1,,-05:00:00,-05:00:00,2025-05-20 19:18:29.649,2025-05-20 19:18:29.649
991,Bokeo,119,LA,Laos,BK,province,20.2872662,100.7097867,2025-05-20 19:18:29.649,1,2025-05-20 19:18:29.649,1,,-05:00:00,-05:00:00,2025-05-20 19:18:29.649,2025-05-20 19:18:29.649
985,Bolikhamsai,119,LA,Laos,BL,province,18.4929608,102.7243179,2025-05-20 19:18:29.649,1,2025-05-20 19:18:29.649,1,,-05:00:00,-05:00:00,2025-05-20 19:18:29.649,2025-05-20 19:18:29.649
996,Champasak,119,LA,Laos,CH,province,14.6578664,105.9699878,2025-05-20 19:18:29.649,1,2025-05-20 19:18:29.649,1,,-05:00:00,-05:00:00,2025-05-20 19:18:29.649,2025-05-20 19:18:29.649
989,Houaphanh,119,LA,Laos,HO,province,20.3254175,104.1001326,2025-05-20 19:18:29.649,1,2025-05-20 19:18:29.649,1,,-05:00:00,-05:00:00,2025-05-20 19:18:29.649,2025-05-20 19:18:29.649
986,Khammouane,119,LA,Laos,KH,province,17.6384066,105.2194808,2025-05-20 19:18:29.649,1,2025-05-20 19:18:29.649,1,,-05:00:00,-05:00:00,2025-05-20 19:18:29.649,2025-05-20 19:18:29.649
992,Luang Namtha,119,LA,Laos,LM,province,20.9170187,101.1617356,2025-05-20 19:18:29.649,1,2025-05-20 19:18:29.649,1,,-05:00:00,-05:00:00,2025-05-20 19:18:29.649,2025-05-20 19:18:29.649
978,Luang Prabang,119,LA,Laos,LP,province,20.0656229,102.6216211,2025-05-20 19:18:29.649,1,2025-05-20 19:18:29.649,1,,-05:00:00,-05:00:00,2025-05-20 19:18:29.649,2025-05-20 19:18:29.649
988,Oudomxay,119,LA,Laos,OU,province,20.4921929,101.8891721,2025-05-20 19:18:29.649,1,2025-05-20 19:18:29.649,1,,-05:00:00,-05:00:00,2025-05-20 19:18:29.649,2025-05-20 19:18:29.649
987,Phongsaly,119,LA,Laos,PH,province,21.5919377,102.2547919,2025-05-20 19:18:29.649,1,2025-05-20 19:18:29.649,1,,-05:00:00,-05:00:00,2025-05-20 19:18:29.649,2025-05-20 19:18:29.649
993,Sainyabuli,119,LA,Laos,XA,province,19.3907886,101.5248055,2025-05-20 19:18:29.649,1,2025-05-20 19:18:29.649,1,,-05:00:00,-05:00:00,2025-05-20 19:18:29.649,2025-05-20 19:18:29.649
981,Salavan,119,LA,Laos,SL,province,15.8171073,106.2522143,2025-05-20 19:18:29.649,1,2025-05-20 19:18:29.649,1,,-05:00:00,-05:00:00,2025-05-20 19:18:29.649,2025-05-20 19:18:29.649
990,Savannakhet,119,LA,Laos,SV,province,16.5065381,105.5943388,2025-05-20 19:18:29.649,1,2025-05-20 19:18:29.649,1,,-05:00:00,-05:00:00,2025-05-20 19:18:29.649,2025-05-20 19:18:29.649
984,Sekong,119,LA,Laos,XE,province,15.5767446,107.0067031,2025-05-20 19:18:29.649,1,2025-05-20 19:18:29.649,1,,-05:00:00,-05:00:00,2025-05-20 19:18:29.649,2025-05-20 19:18:29.649
980,Vientiane,119,LA,Laos,VI,province,18.5705063,102.6216211,2025-05-20 19:18:29.649,1,2025-05-20 19:18:29.649,1,,-05:00:00,-05:00:00,2025-05-20 19:18:29.649,2025-05-20 19:18:29.649
979,Vientiane,119,LA,Laos,VT,prefecture,18.110541,102.5298028,2025-05-20 19:18:29.649,1,2025-05-20 19:18:29.649,1,,-05:00:00,-05:00:00,2025-05-20 19:18:29.649,2025-05-20 19:18:29.649
983,Xaisomboun,119,LA,Laos,XS,province,18.8665098,101.8835489,2025-05-20 19:18:29.649,1,2025-05-20 19:18:29.649,1,,-05:00:00,-05:00:00,2025-05-20 19:18:29.649,2025-05-20 19:18:29.649
995,Xiangkhouang,119,LA,Laos,XI,province,19.6093003,103.7289167,2025-05-20 19:18:29.649,1,2025-05-20 19:18:29.649,1,,-05:00:00,-05:00:00,2025-05-20 19:18:29.649,2025-05-20 19:18:29.649
4454,Ādaži,120,LV,Latvia,11,municipality,57.1112456,24.1482311,2025-05-20 19:18:29.649,1,2025-05-20 19:18:29.649,1,,-05:00:00,-05:00:00,2025-05-20 19:18:29.649,2025-05-20 19:18:29.649
4472,Aizkraukle,120,LV,Latvia,2,municipality,56.646108,25.2370854,2025-05-20 19:18:29.649,1,2025-05-20 19:18:29.649,1,,-05:00:00,-05:00:00,2025-05-20 19:18:29.649,2025-05-20 19:18:29.649
4487,Alūksne,120,LV,Latvia,7,municipality,57.4254485,27.0424968,2025-05-20 19:18:29.649,1,2025-05-20 19:18:29.649,1,,-05:00:00,-05:00:00,2025-05-20 19:18:29.649,2025-05-20 19:18:29.649
4492,Augšdaugava,120,LV,Latvia,111,municipality,55.9396978,25.7431709,2025-05-20 19:18:29.649,1,2025-05-20 19:18:29.649,1,,-05:00:00,-05:00:00,2025-05-20 19:18:29.649,2025-05-20 19:18:29.649
4505,Balvi,120,LV,Latvia,15,municipality,57.132624,27.2646685,2025-05-20 19:18:29.649,1,2025-05-20 19:18:29.649,1,,-05:00:00,-05:00:00,2025-05-20 19:18:29.649,2025-05-20 19:18:29.649
4465,Bauska,120,LV,Latvia,16,municipality,56.4101868,24.2000689,2025-05-20 19:18:29.649,1,2025-05-20 19:18:29.649,1,,-05:00:00,-05:00:00,2025-05-20 19:18:29.649,2025-05-20 19:18:29.649
4469,Cēsis,120,LV,Latvia,22,municipality,57.3102897,25.2676125,2025-05-20 19:18:29.649,1,2025-05-20 19:18:29.649,1,,-05:00:00,-05:00:00,2025-05-20 19:18:29.649,2025-05-20 19:18:29.649
4463,Daugavpils,120,LV,Latvia,DGV,state city,55.874736,26.536179,2025-05-20 19:18:29.649,1,2025-05-20 19:18:29.649,1,,-05:00:00,-05:00:00,2025-05-20 19:18:29.649,2025-05-20 19:18:29.649
4508,Dienvidkurzemes,120,LV,Latvia,112,municipality,56.5206312,20.8321176,2025-05-20 19:18:29.649,1,2025-05-20 19:18:29.649,1,,-05:00:00,-05:00:00,2025-05-20 19:18:29.649,2025-05-20 19:18:29.649
4437,Dobele,120,LV,Latvia,26,municipality,56.626305,23.2809066,2025-05-20 19:18:29.649,1,2025-05-20 19:18:29.649,1,,-05:00:00,-05:00:00,2025-05-20 19:18:29.649,2025-05-20 19:18:29.649
4400,Gulbene,120,LV,Latvia,33,municipality,57.2155645,26.6452955,2025-05-20 19:18:29.649,1,2025-05-20 19:18:29.649,1,,-05:00:00,-05:00:00,2025-05-20 19:18:29.649,2025-05-20 19:18:29.649
4438,Jēkabpils,120,LV,Latvia,42,municipality,56.291932,25.9812017,2025-05-20 19:18:29.649,1,2025-05-20 19:18:29.649,1,,-05:00:00,-05:00:00,2025-05-20 19:18:29.649,2025-05-20 19:18:29.649
4424,Jelgava,120,LV,Latvia,41,municipality,56.5895689,23.6610481,2025-05-20 19:18:29.649,1,2025-05-20 19:18:29.649,1,,-05:00:00,-05:00:00,2025-05-20 19:18:29.649,2025-05-20 19:18:29.649
4500,Jelgava,120,LV,Latvia,JEL,state city,56.6511091,23.7213541,2025-05-20 19:18:29.649,1,2025-05-20 19:18:29.649,1,,-05:00:00,-05:00:00,2025-05-20 19:18:29.649,2025-05-20 19:18:29.649
4446,Jūrmala,120,LV,Latvia,JUR,state city,56.947079,23.6168485,2025-05-20 19:18:29.649,1,2025-05-20 19:18:29.649,1,,-05:00:00,-05:00:00,2025-05-20 19:18:29.649,2025-05-20 19:18:29.649
4435,Ķekava,120,LV,Latvia,52,municipality,56.8064351,24.1939493,2025-05-20 19:18:29.649,1,2025-05-20 19:18:29.649,1,,-05:00:00,-05:00:00,2025-05-20 19:18:29.649,2025-05-20 19:18:29.649
4474,Krāslava,120,LV,Latvia,47,municipality,55.8951464,27.1814577,2025-05-20 19:18:29.649,1,2025-05-20 19:18:29.649,1,,-05:00:00,-05:00:00,2025-05-20 19:18:29.649,2025-05-20 19:18:29.649
4490,Kuldīga,120,LV,Latvia,50,municipality,56.9687257,21.9613739,2025-05-20 19:18:29.649,1,2025-05-20 19:18:29.649,1,,-05:00:00,-05:00:00,2025-05-20 19:18:29.649,2025-05-20 19:18:29.649
4460,Liepāja,120,LV,Latvia,LPX,state city,56.5046678,21.010806,2025-05-20 19:18:29.649,1,2025-05-20 19:18:29.649,1,,-05:00:00,-05:00:00,2025-05-20 19:18:29.649,2025-05-20 19:18:29.649
4418,Limbaži,120,LV,Latvia,54,municipality,57.5403227,24.7134451,2025-05-20 19:18:29.649,1,2025-05-20 19:18:29.649,1,,-05:00:00,-05:00:00,2025-05-20 19:18:29.649,2025-05-20 19:18:29.649
4401,Līvāni,120,LV,Latvia,56,municipality,56.3550942,26.172519,2025-05-20 19:18:29.649,1,2025-05-20 19:18:29.649,1,,-05:00:00,-05:00:00,2025-05-20 19:18:29.649,2025-05-20 19:18:29.649
4501,Ludza,120,LV,Latvia,58,municipality,56.545959,27.7143199,2025-05-20 19:18:29.649,1,2025-05-20 19:18:29.649,1,,-05:00:00,-05:00:00,2025-05-20 19:18:29.649,2025-05-20 19:18:29.649
4433,Madona,120,LV,Latvia,59,municipality,56.8598923,26.2276201,2025-05-20 19:18:29.649,1,2025-05-20 19:18:29.649,1,,-05:00:00,-05:00:00,2025-05-20 19:18:29.649,2025-05-20 19:18:29.649
4450,Mārupe,120,LV,Latvia,62,municipality,56.8965717,24.0460049,2025-05-20 19:18:29.649,1,2025-05-20 19:18:29.649,1,,-05:00:00,-05:00:00,2025-05-20 19:18:29.649,2025-05-20 19:18:29.649
4416,Ogre,120,LV,Latvia,67,municipality,56.8147355,24.6044555,2025-05-20 19:18:29.649,1,2025-05-20 19:18:29.649,1,,-05:00:00,-05:00:00,2025-05-20 19:18:29.649,2025-05-20 19:18:29.649
4417,Olaine,120,LV,Latvia,68,municipality,56.7952353,24.0153589,2025-05-20 19:18:29.649,1,2025-05-20 19:18:29.649,1,,-05:00:00,-05:00:00,2025-05-20 19:18:29.649,2025-05-20 19:18:29.649
4483,Preiļi,120,LV,Latvia,73,municipality,56.1511157,26.7439767,2025-05-20 19:18:29.649,1,2025-05-20 19:18:29.649,1,,-05:00:00,-05:00:00,2025-05-20 19:18:29.649,2025-05-20 19:18:29.649
4509,Rēzekne,120,LV,Latvia,REZ,state city,56.5099223,27.3331357,2025-05-20 19:18:29.649,1,2025-05-20 19:18:29.649,1,,-05:00:00,-05:00:00,2025-05-20 19:18:29.649,2025-05-20 19:18:29.649
4455,Rēzekne,120,LV,Latvia,77,municipality,56.3273638,27.3284331,2025-05-20 19:18:29.649,1,2025-05-20 19:18:29.649,1,,-05:00:00,-05:00:00,2025-05-20 19:18:29.649,2025-05-20 19:18:29.649
4491,Riga,120,LV,Latvia,RIX,state city,56.9496487,24.1051865,2025-05-20 19:18:29.649,1,2025-05-20 19:18:29.649,1,,-05:00:00,-05:00:00,2025-05-20 19:18:29.649,2025-05-20 19:18:29.649
4493,Ropaži,120,LV,Latvia,80,municipality,56.9615786,24.6010476,2025-05-20 19:18:29.649,1,2025-05-20 19:18:29.649,1,,-05:00:00,-05:00:00,2025-05-20 19:18:29.649,2025-05-20 19:18:29.649
4402,Salaspils,120,LV,Latvia,87,municipality,56.8608152,24.3497881,2025-05-20 19:18:29.649,1,2025-05-20 19:18:29.649,1,,-05:00:00,-05:00:00,2025-05-20 19:18:29.649,2025-05-20 19:18:29.649
4439,Saldus,120,LV,Latvia,88,municipality,56.6665088,22.4935493,2025-05-20 19:18:29.649,1,2025-05-20 19:18:29.649,1,,-05:00:00,-05:00:00,2025-05-20 19:18:29.649,2025-05-20 19:18:29.649
4443,Saulkrasti,120,LV,Latvia,89,municipality,57.2579418,24.4183146,2025-05-20 19:18:29.649,1,2025-05-20 19:18:29.649,1,,-05:00:00,-05:00:00,2025-05-20 19:18:29.649,2025-05-20 19:18:29.649
4476,Sigulda,120,LV,Latvia,91,municipality,57.1055092,24.8314259,2025-05-20 19:18:29.649,1,2025-05-20 19:18:29.649,1,,-05:00:00,-05:00:00,2025-05-20 19:18:29.649,2025-05-20 19:18:29.649
4462,Smiltene,120,LV,Latvia,94,municipality,57.4230332,25.900278,2025-05-20 19:18:29.649,1,2025-05-20 19:18:29.649,1,,-05:00:00,-05:00:00,2025-05-20 19:18:29.649,2025-05-20 19:18:29.649
4459,Talsi,120,LV,Latvia,97,municipality,57.3415208,22.5713125,2025-05-20 19:18:29.649,1,2025-05-20 19:18:29.649,1,,-05:00:00,-05:00:00,2025-05-20 19:18:29.649,2025-05-20 19:18:29.649
4409,Tukums,120,LV,Latvia,99,municipality,56.9672868,23.1524379,2025-05-20 19:18:29.649,1,2025-05-20 19:18:29.649,1,,-05:00:00,-05:00:00,2025-05-20 19:18:29.649,2025-05-20 19:18:29.649
4425,Valka,120,LV,Latvia,101,municipality,57.77439,26.017005,2025-05-20 19:18:29.649,1,2025-05-20 19:18:29.649,1,,-05:00:00,-05:00:00,2025-05-20 19:18:29.649,2025-05-20 19:18:29.649
4473,Valmiera,120,LV,Latvia,113,municipality,57.5384659,25.4263618,2025-05-20 19:18:29.649,1,2025-05-20 19:18:29.649,1,,-05:00:00,-05:00:00,2025-05-20 19:18:29.649,2025-05-20 19:18:29.649
4431,Varakļāni,120,LV,Latvia,102,municipality,56.6688006,26.5636414,2025-05-20 19:18:29.649,1,2025-05-20 19:18:29.649,1,,-05:00:00,-05:00:00,2025-05-20 19:18:29.649,2025-05-20 19:18:29.649
4421,Ventspils,120,LV,Latvia,VEN,state city,57.3937216,21.5647066,2025-05-20 19:18:29.649,1,2025-05-20 19:18:29.649,1,,-05:00:00,-05:00:00,2025-05-20 19:18:29.649,2025-05-20 19:18:29.649
4403,Ventspils,120,LV,Latvia,106,municipality,57.2833682,21.8587558,2025-05-20 19:18:29.649,1,2025-05-20 19:18:29.649,1,,-05:00:00,-05:00:00,2025-05-20 19:18:29.649,2025-05-20 19:18:29.649
2285,Akkar,121,LB,Lebanon,AK,governorate,34.5328763,36.1328132,2025-05-20 19:18:29.649,1,2025-05-20 19:18:29.649,1,,-05:00:00,-05:00:00,2025-05-20 19:18:29.649,2025-05-20 19:18:29.649
2283,Baalbek-Hermel,121,LB,Lebanon,BH,governorate,34.2658556,36.3498097,2025-05-20 19:18:29.649,1,2025-05-20 19:18:29.649,1,,-05:00:00,-05:00:00,2025-05-20 19:18:29.649,2025-05-20 19:18:29.649
2286,Beirut,121,LB,Lebanon,BA,governorate,33.8886106,35.4954772,2025-05-20 19:18:29.649,1,2025-05-20 19:18:29.649,1,,-05:00:00,-05:00:00,2025-05-20 19:18:29.649,2025-05-20 19:18:29.649
2287,Beqaa,121,LB,Lebanon,BI,governorate,33.8462662,35.9019489,2025-05-20 19:18:29.649,1,2025-05-20 19:18:29.649,1,,-05:00:00,-05:00:00,2025-05-20 19:18:29.649,2025-05-20 19:18:29.649
2282,Mount Lebanon,121,LB,Lebanon,JL,governorate,33.8100858,35.5973139,2025-05-20 19:18:29.649,1,2025-05-20 19:18:29.649,1,,-05:00:00,-05:00:00,2025-05-20 19:18:29.649,2025-05-20 19:18:29.649
2288,Nabatieh,121,LB,Lebanon,NA,governorate,33.3771693,35.4838293,2025-05-20 19:18:29.649,1,2025-05-20 19:18:29.649,1,,-05:00:00,-05:00:00,2025-05-20 19:18:29.649,2025-05-20 19:18:29.649
2284,North,121,LB,Lebanon,AS,governorate,34.4380625,35.8308233,2025-05-20 19:18:29.649,1,2025-05-20 19:18:29.649,1,,-05:00:00,-05:00:00,2025-05-20 19:18:29.649,2025-05-20 19:18:29.649
2281,South,121,LB,Lebanon,JA,governorate,33.2721479,35.2032778,2025-05-20 19:18:29.649,1,2025-05-20 19:18:29.649,1,,-05:00:00,-05:00:00,2025-05-20 19:18:29.649,2025-05-20 19:18:29.649
3030,Berea,122,LS,Lesotho,D,district,41.3661614,-81.8543026,2025-05-20 19:18:29.649,1,2025-05-20 19:18:29.649,1,,-05:00:00,-05:00:00,2025-05-20 19:18:29.649,2025-05-20 19:18:29.649
3029,Butha-Buthe,122,LS,Lesotho,B,district,-28.7653754,28.2468148,2025-05-20 19:18:29.649,1,2025-05-20 19:18:29.649,1,,-05:00:00,-05:00:00,2025-05-20 19:18:29.649,2025-05-20 19:18:29.649
3026,Leribe,122,LS,Lesotho,C,district,-28.8638065,28.0478826,2025-05-20 19:18:29.649,1,2025-05-20 19:18:29.649,1,,-05:00:00,-05:00:00,2025-05-20 19:18:29.649,2025-05-20 19:18:29.649
3022,Mafeteng,122,LS,Lesotho,E,district,-29.8041008,27.5026174,2025-05-20 19:18:29.649,1,2025-05-20 19:18:29.649,1,,-05:00:00,-05:00:00,2025-05-20 19:18:29.649,2025-05-20 19:18:29.649
3028,Maseru,122,LS,Lesotho,A,district,-29.516565,27.8311428,2025-05-20 19:18:29.649,1,2025-05-20 19:18:29.649,1,,-05:00:00,-05:00:00,2025-05-20 19:18:29.649,2025-05-20 19:18:29.649
3023,Mohale's Hoek,122,LS,Lesotho,F,district,-30.1425917,27.4673845,2025-05-20 19:18:29.649,1,2025-05-20 19:18:29.649,1,,-05:00:00,-05:00:00,2025-05-20 19:18:29.649,2025-05-20 19:18:29.649
3024,Mokhotlong,122,LS,Lesotho,J,district,-29.2573193,28.9528645,2025-05-20 19:18:29.649,1,2025-05-20 19:18:29.649,1,,-05:00:00,-05:00:00,2025-05-20 19:18:29.649,2025-05-20 19:18:29.649
3025,Qacha's Nek,122,LS,Lesotho,H,district,-30.1114565,28.678979,2025-05-20 19:18:29.649,1,2025-05-20 19:18:29.649,1,,-05:00:00,-05:00:00,2025-05-20 19:18:29.649,2025-05-20 19:18:29.649
3027,Quthing,122,LS,Lesotho,G,district,-30.4015687,27.7080133,2025-05-20 19:18:29.649,1,2025-05-20 19:18:29.649,1,,-05:00:00,-05:00:00,2025-05-20 19:18:29.649,2025-05-20 19:18:29.649
3031,Thaba-Tseka,122,LS,Lesotho,K,district,-29.5238975,28.6089752,2025-05-20 19:18:29.649,1,2025-05-20 19:18:29.649,1,,-05:00:00,-05:00:00,2025-05-20 19:18:29.649,2025-05-20 19:18:29.649
3041,Bomi,123,LR,Liberia,BM,county,6.7562926,-10.8451467,2025-05-20 19:18:29.649,1,2025-05-20 19:18:29.649,1,,-05:00:00,-05:00:00,2025-05-20 19:18:29.649,2025-05-20 19:18:29.649
3034,Bong,123,LR,Liberia,BG,county,6.8295019,-9.3673084,2025-05-20 19:18:29.649,1,2025-05-20 19:18:29.649,1,,-05:00:00,-05:00:00,2025-05-20 19:18:29.649,2025-05-20 19:18:29.649
3044,Gbarpolu,123,LR,Liberia,GP,county,7.4952637,-10.0807298,2025-05-20 19:18:29.649,1,2025-05-20 19:18:29.649,1,,-05:00:00,-05:00:00,2025-05-20 19:18:29.649,2025-05-20 19:18:29.649
3040,Grand Bassa,123,LR,Liberia,GB,county,6.2308452,-9.8124935,2025-05-20 19:18:29.649,1,2025-05-20 19:18:29.649,1,,-05:00:00,-05:00:00,2025-05-20 19:18:29.649,2025-05-20 19:18:29.649
3036,Grand Cape Mount,123,LR,Liberia,CM,county,7.0467758,-11.0711758,2025-05-20 19:18:29.649,1,2025-05-20 19:18:29.649,1,,-05:00:00,-05:00:00,2025-05-20 19:18:29.649,2025-05-20 19:18:29.649
3039,Grand Gedeh,123,LR,Liberia,GG,county,5.9222078,-8.2212979,2025-05-20 19:18:29.649,1,2025-05-20 19:18:29.649,1,,-05:00:00,-05:00:00,2025-05-20 19:18:29.649,2025-05-20 19:18:29.649
3045,Grand Kru,123,LR,Liberia,GK,county,4.7613862,-8.2212979,2025-05-20 19:18:29.649,1,2025-05-20 19:18:29.649,1,,-05:00:00,-05:00:00,2025-05-20 19:18:29.649,2025-05-20 19:18:29.649
3037,Lofa,123,LR,Liberia,LO,county,8.1911184,-9.7232673,2025-05-20 19:18:29.649,1,2025-05-20 19:18:29.649,1,,-05:00:00,-05:00:00,2025-05-20 19:18:29.649,2025-05-20 19:18:29.649
3043,Margibi,123,LR,Liberia,MG,county,6.5151875,-10.3048897,2025-05-20 19:18:29.649,1,2025-05-20 19:18:29.649,1,,-05:00:00,-05:00:00,2025-05-20 19:18:29.649,2025-05-20 19:18:29.649
3042,Maryland,123,LR,Liberia,MY,county,4.7488299,-8.1391127,2025-05-20 19:18:29.649,1,2025-05-20 19:18:29.649,1,,-05:00:00,-05:00:00,2025-05-20 19:18:29.649,2025-05-20 19:18:29.649
3032,Montserrado,123,LR,Liberia,MO,county,6.5525815,-10.5296115,2025-05-20 19:18:29.649,1,2025-05-20 19:18:29.649,1,,-05:00:00,-05:00:00,2025-05-20 19:18:29.649,2025-05-20 19:18:29.649
3046,Nimba,123,LR,Liberia,NI,county,7.6166667,-8.4166667,2025-05-20 19:18:29.649,1,2025-05-20 19:18:29.649,1,,-05:00:00,-05:00:00,2025-05-20 19:18:29.649,2025-05-20 19:18:29.649
3033,River Cess,123,LR,Liberia,RI,county,5.9025328,-9.456155,2025-05-20 19:18:29.649,1,2025-05-20 19:18:29.649,1,,-05:00:00,-05:00:00,2025-05-20 19:18:29.649,2025-05-20 19:18:29.649
3038,River Gee,123,LR,Liberia,RG,county,5.2604894,-7.87216,2025-05-20 19:18:29.649,1,2025-05-20 19:18:29.649,1,,-05:00:00,-05:00:00,2025-05-20 19:18:29.649,2025-05-20 19:18:29.649
3035,Sinoe,123,LR,Liberia,SI,county,5.49871,-8.6600586,2025-05-20 19:18:29.649,1,2025-05-20 19:18:29.649,1,,-05:00:00,-05:00:00,2025-05-20 19:18:29.649,2025-05-20 19:18:29.649
2964,Al Wahat,124,LY,Libya,WA,popularate,29.0466808,21.8568586,2025-05-20 19:18:29.649,1,2025-05-20 19:18:29.649,1,,-05:00:00,-05:00:00,2025-05-20 19:18:29.649,2025-05-20 19:18:29.649
2981,Benghazi,124,LY,Libya,BA,popularate,32.1194242,20.0867909,2025-05-20 19:18:29.649,1,2025-05-20 19:18:29.649,1,,-05:00:00,-05:00:00,2025-05-20 19:18:29.649,2025-05-20 19:18:29.649
2966,Derna,124,LY,Libya,DR,popularate,32.755613,22.6377432,2025-05-20 19:18:29.649,1,2025-05-20 19:18:29.649,1,,-05:00:00,-05:00:00,2025-05-20 19:18:29.649,2025-05-20 19:18:29.649
2969,Ghat,124,LY,Libya,GT,popularate,24.9640371,10.1759285,2025-05-20 19:18:29.649,1,2025-05-20 19:18:29.649,1,,-05:00:00,-05:00:00,2025-05-20 19:18:29.649,2025-05-20 19:18:29.649
2980,Jabal al Akhdar,124,LY,Libya,JA,popularate,23.1856081,57.3713879,2025-05-20 19:18:29.649,1,2025-05-20 19:18:29.649,1,,-05:00:00,-05:00:00,2025-05-20 19:18:29.649,2025-05-20 19:18:29.649
2974,Jabal al Gharbi,124,LY,Libya,JG,popularate,30.2638032,12.8054753,2025-05-20 19:18:29.649,1,2025-05-20 19:18:29.649,1,,-05:00:00,-05:00:00,2025-05-20 19:18:29.649,2025-05-20 19:18:29.649
2979,Jafara,124,LY,Libya,JI,popularate,32.4525904,12.9435536,2025-05-20 19:18:29.649,1,2025-05-20 19:18:29.649,1,,-05:00:00,-05:00:00,2025-05-20 19:18:29.649,2025-05-20 19:18:29.649
2970,Jufra,124,LY,Libya,JU,popularate,27.9835135,16.912251,2025-05-20 19:18:29.649,1,2025-05-20 19:18:29.649,1,,-05:00:00,-05:00:00,2025-05-20 19:18:29.649,2025-05-20 19:18:29.649
2972,Kufra,124,LY,Libya,KF,popularate,23.3112389,21.8568586,2025-05-20 19:18:29.649,1,2025-05-20 19:18:29.649,1,,-05:00:00,-05:00:00,2025-05-20 19:18:29.649,2025-05-20 19:18:29.649
2968,Marj,124,LY,Libya,MJ,popularate,32.0550363,21.1891151,2025-05-20 19:18:29.649,1,2025-05-20 19:18:29.649,1,,-05:00:00,-05:00:00,2025-05-20 19:18:29.649,2025-05-20 19:18:29.649
2978,Misrata,124,LY,Libya,MI,popularate,32.3255884,15.0992556,2025-05-20 19:18:29.649,1,2025-05-20 19:18:29.649,1,,-05:00:00,-05:00:00,2025-05-20 19:18:29.649,2025-05-20 19:18:29.649
2961,Murqub,124,LY,Libya,MB,popularate,32.4599677,14.1001326,2025-05-20 19:18:29.649,1,2025-05-20 19:18:29.649,1,,-05:00:00,-05:00:00,2025-05-20 19:18:29.649,2025-05-20 19:18:29.649
2967,Murzuq,124,LY,Libya,MQ,popularate,25.9182262,13.9260001,2025-05-20 19:18:29.649,1,2025-05-20 19:18:29.649,1,,-05:00:00,-05:00:00,2025-05-20 19:18:29.649,2025-05-20 19:18:29.649
2976,Nalut,124,LY,Libya,NL,popularate,31.8742348,10.9750484,2025-05-20 19:18:29.649,1,2025-05-20 19:18:29.649,1,,-05:00:00,-05:00:00,2025-05-20 19:18:29.649,2025-05-20 19:18:29.649
2962,Nuqat al Khams,124,LY,Libya,NQ,popularate,32.6914909,11.8891721,2025-05-20 19:18:29.649,1,2025-05-20 19:18:29.649,1,,-05:00:00,-05:00:00,2025-05-20 19:18:29.649,2025-05-20 19:18:29.649
2965,Sabha,124,LY,Libya,SB,popularate,27.0365406,14.4290236,2025-05-20 19:18:29.649,1,2025-05-20 19:18:29.649,1,,-05:00:00,-05:00:00,2025-05-20 19:18:29.649,2025-05-20 19:18:29.649
2977,Sirte,124,LY,Libya,SR,popularate,31.189689,16.5701927,2025-05-20 19:18:29.649,1,2025-05-20 19:18:29.649,1,,-05:00:00,-05:00:00,2025-05-20 19:18:29.649,2025-05-20 19:18:29.649
2971,Tripoli,124,LY,Libya,TB,popularate,32.6408021,13.2663479,2025-05-20 19:18:29.649,1,2025-05-20 19:18:29.649,1,,-05:00:00,-05:00:00,2025-05-20 19:18:29.649,2025-05-20 19:18:29.649
2973,Wadi al Hayaa,124,LY,Libya,WD,popularate,26.4225926,12.6216211,2025-05-20 19:18:29.649,1,2025-05-20 19:18:29.649,1,,-05:00:00,-05:00:00,2025-05-20 19:18:29.649,2025-05-20 19:18:29.649
2975,Wadi al Shatii,124,LY,Libya,WS,popularate,27.7351468,12.4380581,2025-05-20 19:18:29.649,1,2025-05-20 19:18:29.649,1,,-05:00:00,-05:00:00,2025-05-20 19:18:29.649,2025-05-20 19:18:29.649
2963,Zawiya,124,LY,Libya,ZA,popularate,32.7630282,12.7364962,2025-05-20 19:18:29.649,1,2025-05-20 19:18:29.649,1,,-05:00:00,-05:00:00,2025-05-20 19:18:29.649,2025-05-20 19:18:29.649
458,Balzers,125,LI,Liechtenstein,1,commune,42.0528357,-88.0366848,2025-05-20 19:18:29.649,1,2025-05-20 19:18:29.649,1,,-05:00:00,-05:00:00,2025-05-20 19:18:29.649,2025-05-20 19:18:29.649
451,Eschen,125,LI,Liechtenstein,2,commune,40.7669574,-73.9522821,2025-05-20 19:18:29.649,1,2025-05-20 19:18:29.649,1,,-05:00:00,-05:00:00,2025-05-20 19:18:29.649,2025-05-20 19:18:29.649
457,Gamprin,125,LI,Liechtenstein,3,commune,47.213249,9.5025195,2025-05-20 19:18:29.649,1,2025-05-20 19:18:29.649,1,,-05:00:00,-05:00:00,2025-05-20 19:18:29.649,2025-05-20 19:18:29.649
455,Mauren,125,LI,Liechtenstein,4,commune,47.2189285,9.541735,2025-05-20 19:18:29.649,1,2025-05-20 19:18:29.649,1,,-05:00:00,-05:00:00,2025-05-20 19:18:29.649,2025-05-20 19:18:29.649
454,Planken,125,LI,Liechtenstein,5,commune,40.6650576,-73.504798,2025-05-20 19:18:29.649,1,2025-05-20 19:18:29.649,1,,-05:00:00,-05:00:00,2025-05-20 19:18:29.649,2025-05-20 19:18:29.649
453,Ruggell,125,LI,Liechtenstein,6,commune,47.2529222,9.5402127,2025-05-20 19:18:29.649,1,2025-05-20 19:18:29.649,1,,-05:00:00,-05:00:00,2025-05-20 19:18:29.649,2025-05-20 19:18:29.649
450,Schaan,125,LI,Liechtenstein,7,commune,47.120434,9.5941602,2025-05-20 19:18:29.649,1,2025-05-20 19:18:29.649,1,,-05:00:00,-05:00:00,2025-05-20 19:18:29.649,2025-05-20 19:18:29.649
449,Schellenberg,125,LI,Liechtenstein,8,commune,47.230966,9.5467843,2025-05-20 19:18:29.649,1,2025-05-20 19:18:29.649,1,,-05:00:00,-05:00:00,2025-05-20 19:18:29.649,2025-05-20 19:18:29.649
459,Triesen,125,LI,Liechtenstein,9,commune,47.1097988,9.5248296,2025-05-20 19:18:29.649,1,2025-05-20 19:18:29.649,1,,-05:00:00,-05:00:00,2025-05-20 19:18:29.649,2025-05-20 19:18:29.649
456,Triesenberg,125,LI,Liechtenstein,10,commune,47.1224511,9.5701985,2025-05-20 19:18:29.649,1,2025-05-20 19:18:29.649,1,,-05:00:00,-05:00:00,2025-05-20 19:18:29.649,2025-05-20 19:18:29.649
452,Vaduz,125,LI,Liechtenstein,11,commune,47.1410303,9.5209277,2025-05-20 19:18:29.649,1,2025-05-20 19:18:29.649,1,,-05:00:00,-05:00:00,2025-05-20 19:18:29.649,2025-05-20 19:18:29.649
1561,Akmenė,126,LT,Lithuania,1,district municipality,56.2455029,22.7471169,2025-05-20 19:18:29.649,1,2025-05-20 19:18:29.649,1,,-05:00:00,-05:00:00,2025-05-20 19:18:29.649,2025-05-20 19:18:29.649
1605,Alytus,126,LT,Lithuania,2,district municipality,54.3962938,24.0458761,2025-05-20 19:18:29.649,1,2025-05-20 19:18:29.649,1,,-05:00:00,-05:00:00,2025-05-20 19:18:29.649,2025-05-20 19:18:29.649
1574,Alytus,126,LT,Lithuania,AL,county,54.2000214,24.1512634,2025-05-20 19:18:29.649,1,2025-05-20 19:18:29.649,1,,-05:00:00,-05:00:00,2025-05-20 19:18:29.649,2025-05-20 19:18:29.649
5346,Anykščiai,126,LT,Lithuania,4,district municipality,55.5475551,24.7318166,2025-05-20 19:18:29.649,1,2025-05-20 19:18:29.649,1,,-05:00:00,-05:00:00,2025-05-20 19:18:29.649,2025-05-20 19:18:29.649
1603,Birštonas,126,LT,Lithuania,5,municipality,54.5669664,24.0093098,2025-05-20 19:18:29.649,1,2025-05-20 19:18:29.649,1,,-05:00:00,-05:00:00,2025-05-20 19:18:29.649,2025-05-20 19:18:29.649
1566,Biržai,126,LT,Lithuania,6,district municipality,56.2017719,24.7560118,2025-05-20 19:18:29.649,1,2025-05-20 19:18:29.649,1,,-05:00:00,-05:00:00,2025-05-20 19:18:29.649,2025-05-20 19:18:29.649
1579,Druskininkai,126,LT,Lithuania,7,municipality,53.9933685,24.0342438,2025-05-20 19:18:29.649,1,2025-05-20 19:18:29.649,1,,-05:00:00,-05:00:00,2025-05-20 19:18:29.649,2025-05-20 19:18:29.649
1559,Elektrėnai,126,LT,Lithuania,8,municipality,54.7653934,24.7740583,2025-05-20 19:18:29.649,1,2025-05-20 19:18:29.649,1,,-05:00:00,-05:00:00,2025-05-20 19:18:29.649,2025-05-20 19:18:29.649
1562,Ignalina,126,LT,Lithuania,9,district municipality,55.4090342,26.3284893,2025-05-20 19:18:29.649,1,2025-05-20 19:18:29.649,1,,-05:00:00,-05:00:00,2025-05-20 19:18:29.649,2025-05-20 19:18:29.649
1567,Jonava,126,LT,Lithuania,10,district municipality,55.0727242,24.2793337,2025-05-20 19:18:29.649,1,2025-05-20 19:18:29.649,1,,-05:00:00,-05:00:00,2025-05-20 19:18:29.649,2025-05-20 19:18:29.649
1581,Joniškis,126,LT,Lithuania,11,district municipality,56.236073,23.6136579,2025-05-20 19:18:29.649,1,2025-05-20 19:18:29.649,1,,-05:00:00,-05:00:00,2025-05-20 19:18:29.649,2025-05-20 19:18:29.649
1555,Jurbarkas,126,LT,Lithuania,12,district municipality,55.077407,22.7419569,2025-05-20 19:18:29.649,1,2025-05-20 19:18:29.649,1,,-05:00:00,-05:00:00,2025-05-20 19:18:29.649,2025-05-20 19:18:29.649
1583,Kaišiadorys,126,LT,Lithuania,13,district municipality,54.8588669,24.4277929,2025-05-20 19:18:29.649,1,2025-05-20 19:18:29.649,1,,-05:00:00,-05:00:00,2025-05-20 19:18:29.649,2025-05-20 19:18:29.649
1591,Kalvarija,126,LT,Lithuania,14,municipality,54.3761674,23.1920321,2025-05-20 19:18:29.649,1,2025-05-20 19:18:29.649,1,,-05:00:00,-05:00:00,2025-05-20 19:18:29.649,2025-05-20 19:18:29.649
1580,Kaunas,126,LT,Lithuania,15,district municipality,54.9145326,23.9053518,2025-05-20 19:18:29.649,1,2025-05-20 19:18:29.649,1,,-05:00:00,-05:00:00,2025-05-20 19:18:29.649,2025-05-20 19:18:29.649
1556,Kaunas,126,LT,Lithuania,KU,county,54.9872863,23.9525736,2025-05-20 19:18:29.649,1,2025-05-20 19:18:29.649,1,,-05:00:00,-05:00:00,2025-05-20 19:18:29.649,2025-05-20 19:18:29.649
1575,Kazlų Rūda,126,LT,Lithuania,17,municipality,54.7807526,23.4840243,2025-05-20 19:18:29.649,1,2025-05-20 19:18:29.649,1,,-05:00:00,-05:00:00,2025-05-20 19:18:29.649,2025-05-20 19:18:29.649
1584,Kėdainiai,126,LT,Lithuania,18,district municipality,55.3560947,23.9832683,2025-05-20 19:18:29.649,1,2025-05-20 19:18:29.649,1,,-05:00:00,-05:00:00,2025-05-20 19:18:29.649,2025-05-20 19:18:29.649
1618,Kelmė,126,LT,Lithuania,19,district municipality,55.6266352,22.878172,2025-05-20 19:18:29.649,1,2025-05-20 19:18:29.649,1,,-05:00:00,-05:00:00,2025-05-20 19:18:29.649,2025-05-20 19:18:29.649
1600,Klaipėda,126,LT,Lithuania,KL,county,55.6519744,21.3743956,2025-05-20 19:18:29.649,1,2025-05-20 19:18:29.649,1,,-05:00:00,-05:00:00,2025-05-20 19:18:29.649,2025-05-20 19:18:29.649
1604,Klaipėda,126,LT,Lithuania,21,district municipality,55.6841615,21.4416464,2025-05-20 19:18:29.649,1,2025-05-20 19:18:29.649,1,,-05:00:00,-05:00:00,2025-05-20 19:18:29.649,2025-05-20 19:18:29.649
1571,Kretinga,126,LT,Lithuania,22,district municipality,55.883842,21.2350919,2025-05-20 19:18:29.649,1,2025-05-20 19:18:29.649,1,,-05:00:00,-05:00:00,2025-05-20 19:18:29.649,2025-05-20 19:18:29.649
1585,Kupiškis,126,LT,Lithuania,23,district municipality,55.8428741,25.0295816,2025-05-20 19:18:29.649,1,2025-05-20 19:18:29.649,1,,-05:00:00,-05:00:00,2025-05-20 19:18:29.649,2025-05-20 19:18:29.649
1611,Lazdijai,126,LT,Lithuania,24,district municipality,54.2343267,23.5156505,2025-05-20 19:18:29.649,1,2025-05-20 19:18:29.649,1,,-05:00:00,-05:00:00,2025-05-20 19:18:29.649,2025-05-20 19:18:29.649
1610,Marijampolė,126,LT,Lithuania,25,district municipality,54.5711094,23.4859371,2025-05-20 19:18:29.649,1,2025-05-20 19:18:29.649,1,,-05:00:00,-05:00:00,2025-05-20 19:18:29.649,2025-05-20 19:18:29.649
1570,Marijampolė,126,LT,Lithuania,MR,county,54.7819971,23.1341365,2025-05-20 19:18:29.649,1,2025-05-20 19:18:29.649,1,,-05:00:00,-05:00:00,2025-05-20 19:18:29.649,2025-05-20 19:18:29.649
1557,Mažeikiai,126,LT,Lithuania,26,district municipality,56.3092439,22.341468,2025-05-20 19:18:29.649,1,2025-05-20 19:18:29.649,1,,-05:00:00,-05:00:00,2025-05-20 19:18:29.649,2025-05-20 19:18:29.649
1582,Molėtai,126,LT,Lithuania,27,district municipality,55.2265309,25.4180011,2025-05-20 19:18:29.649,1,2025-05-20 19:18:29.649,1,,-05:00:00,-05:00:00,2025-05-20 19:18:29.649,2025-05-20 19:18:29.649
1563,Neringa,126,LT,Lithuania,28,municipality,55.4572403,21.0839005,2025-05-20 19:18:29.649,1,2025-05-20 19:18:29.649,1,,-05:00:00,-05:00:00,2025-05-20 19:18:29.649,2025-05-20 19:18:29.649
1612,Pagėgiai,126,LT,Lithuania,29,municipality,55.172132,21.9683614,2025-05-20 19:18:29.649,1,2025-05-20 19:18:29.649,1,,-05:00:00,-05:00:00,2025-05-20 19:18:29.649,2025-05-20 19:18:29.649
1595,Pakruojis,126,LT,Lithuania,30,district municipality,56.0732605,23.9389906,2025-05-20 19:18:29.649,1,2025-05-20 19:18:29.649,1,,-05:00:00,-05:00:00,2025-05-20 19:18:29.649,2025-05-20 19:18:29.649
1588,Palanga,126,LT,Lithuania,31,district municipality,55.920198,21.0677614,2025-05-20 19:18:29.649,1,2025-05-20 19:18:29.649,1,,-05:00:00,-05:00:00,2025-05-20 19:18:29.649,2025-05-20 19:18:29.649
1558,Panevėžys,126,LT,Lithuania,PN,county,55.9748049,25.0794767,2025-05-20 19:18:29.649,1,2025-05-20 19:18:29.649,1,,-05:00:00,-05:00:00,2025-05-20 19:18:29.649,2025-05-20 19:18:29.649
1614,Panevėžys,126,LT,Lithuania,33,district municipality,55.6166728,24.3142283,2025-05-20 19:18:29.649,1,2025-05-20 19:18:29.649,1,,-05:00:00,-05:00:00,2025-05-20 19:18:29.649,2025-05-20 19:18:29.649
1616,Pasvalys,126,LT,Lithuania,34,district municipality,56.0604619,24.396291,2025-05-20 19:18:29.649,1,2025-05-20 19:18:29.649,1,,-05:00:00,-05:00:00,2025-05-20 19:18:29.649,2025-05-20 19:18:29.649
1553,Plungė,126,LT,Lithuania,35,district municipality,55.910784,21.8454069,2025-05-20 19:18:29.649,1,2025-05-20 19:18:29.649,1,,-05:00:00,-05:00:00,2025-05-20 19:18:29.649,2025-05-20 19:18:29.649
1578,Prienai,126,LT,Lithuania,36,district municipality,54.638358,23.9468009,2025-05-20 19:18:29.649,1,2025-05-20 19:18:29.649,1,,-05:00:00,-05:00:00,2025-05-20 19:18:29.649,2025-05-20 19:18:29.649
1568,Radviliškis,126,LT,Lithuania,37,district municipality,55.8108399,23.546487,2025-05-20 19:18:29.649,1,2025-05-20 19:18:29.649,1,,-05:00:00,-05:00:00,2025-05-20 19:18:29.649,2025-05-20 19:18:29.649
1587,Raseiniai,126,LT,Lithuania,38,district municipality,55.3819499,23.1156129,2025-05-20 19:18:29.649,1,2025-05-20 19:18:29.649,1,,-05:00:00,-05:00:00,2025-05-20 19:18:29.649,2025-05-20 19:18:29.649
1590,Rietavas,126,LT,Lithuania,39,municipality,55.7021719,21.9986564,2025-05-20 19:18:29.649,1,2025-05-20 19:18:29.649,1,,-05:00:00,-05:00:00,2025-05-20 19:18:29.649,2025-05-20 19:18:29.649
1615,Rokiškis,126,LT,Lithuania,40,district municipality,55.9555039,25.5859249,2025-05-20 19:18:29.649,1,2025-05-20 19:18:29.649,1,,-05:00:00,-05:00:00,2025-05-20 19:18:29.649,2025-05-20 19:18:29.649
1576,Šakiai,126,LT,Lithuania,41,district municipality,54.952671,23.0480199,2025-05-20 19:18:29.649,1,2025-05-20 19:18:29.649,1,,-05:00:00,-05:00:00,2025-05-20 19:18:29.649,2025-05-20 19:18:29.649
1577,Šalčininkai,126,LT,Lithuania,42,district municipality,54.309767,25.387564,2025-05-20 19:18:29.649,1,2025-05-20 19:18:29.649,1,,-05:00:00,-05:00:00,2025-05-20 19:18:29.649,2025-05-20 19:18:29.649
1586,Šiauliai,126,LT,Lithuania,SA,county,55.9985751,23.1380051,2025-05-20 19:18:29.649,1,2025-05-20 19:18:29.649,1,,-05:00:00,-05:00:00,2025-05-20 19:18:29.649,2025-05-20 19:18:29.649
1609,Šiauliai,126,LT,Lithuania,43,district municipality,55.9349085,23.3136823,2025-05-20 19:18:29.649,1,2025-05-20 19:18:29.649,1,,-05:00:00,-05:00:00,2025-05-20 19:18:29.649,2025-05-20 19:18:29.649
1613,Šilalė ,126,LT,Lithuania,45,district municipality,55.49268,22.1845559,2025-05-20 19:18:29.649,1,2025-05-20 19:18:29.649,1,,-05:00:00,-05:00:00,2025-05-20 19:18:29.649,2025-05-20 19:18:29.649
1607,Šilutė,126,LT,Lithuania,46,district municipality,55.350414,21.4659859,2025-05-20 19:18:29.649,1,2025-05-20 19:18:29.649,1,,-05:00:00,-05:00:00,2025-05-20 19:18:29.649,2025-05-20 19:18:29.649
1594,Širvintos,126,LT,Lithuania,47,district municipality,55.043102,24.956981,2025-05-20 19:18:29.649,1,2025-05-20 19:18:29.649,1,,-05:00:00,-05:00:00,2025-05-20 19:18:29.649,2025-05-20 19:18:29.649
1617,Skuodas,126,LT,Lithuania,48,district municipality,56.2702169,21.5214331,2025-05-20 19:18:29.649,1,2025-05-20 19:18:29.649,1,,-05:00:00,-05:00:00,2025-05-20 19:18:29.649,2025-05-20 19:18:29.649
1560,Švenčionys,126,LT,Lithuania,49,district municipality,55.1028098,26.0071855,2025-05-20 19:18:29.649,1,2025-05-20 19:18:29.649,1,,-05:00:00,-05:00:00,2025-05-20 19:18:29.649,2025-05-20 19:18:29.649
1573,Tauragė,126,LT,Lithuania,TA,county,55.3072586,22.3572939,2025-05-20 19:18:29.649,1,2025-05-20 19:18:29.649,1,,-05:00:00,-05:00:00,2025-05-20 19:18:29.649,2025-05-20 19:18:29.649
1572,Tauragė,126,LT,Lithuania,50,district municipality,55.250366,22.29095,2025-05-20 19:18:29.649,1,2025-05-20 19:18:29.649,1,,-05:00:00,-05:00:00,2025-05-20 19:18:29.649,2025-05-20 19:18:29.649
1608,Telšiai,126,LT,Lithuania,51,district municipality,55.9175215,22.345184,2025-05-20 19:18:29.649,1,2025-05-20 19:18:29.649,1,,-05:00:00,-05:00:00,2025-05-20 19:18:29.649,2025-05-20 19:18:29.649
1569,Telšiai,126,LT,Lithuania,TE,county,56.1026616,22.1113915,2025-05-20 19:18:29.649,1,2025-05-20 19:18:29.649,1,,-05:00:00,-05:00:00,2025-05-20 19:18:29.649,2025-05-20 19:18:29.649
1593,Trakai,126,LT,Lithuania,52,district municipality,54.6379113,24.9346894,2025-05-20 19:18:29.649,1,2025-05-20 19:18:29.649,1,,-05:00:00,-05:00:00,2025-05-20 19:18:29.649,2025-05-20 19:18:29.649
1596,Ukmergė,126,LT,Lithuania,53,district municipality,55.245265,24.7760749,2025-05-20 19:18:29.649,1,2025-05-20 19:18:29.649,1,,-05:00:00,-05:00:00,2025-05-20 19:18:29.649,2025-05-20 19:18:29.649
1598,Utena,126,LT,Lithuania,54,district municipality,55.5084614,25.6832642,2025-05-20 19:18:29.649,1,2025-05-20 19:18:29.649,1,,-05:00:00,-05:00:00,2025-05-20 19:18:29.649,2025-05-20 19:18:29.649
1621,Utena,126,LT,Lithuania,UT,county,55.5318969,25.7904699,2025-05-20 19:18:29.649,1,2025-05-20 19:18:29.649,1,,-05:00:00,-05:00:00,2025-05-20 19:18:29.649,2025-05-20 19:18:29.649
1602,Varėna,126,LT,Lithuania,55,district municipality,54.220333,24.578997,2025-05-20 19:18:29.649,1,2025-05-20 19:18:29.649,1,,-05:00:00,-05:00:00,2025-05-20 19:18:29.649,2025-05-20 19:18:29.649
1620,Vilkaviškis,126,LT,Lithuania,56,district municipality,54.651945,23.035155,2025-05-20 19:18:29.649,1,2025-05-20 19:18:29.649,1,,-05:00:00,-05:00:00,2025-05-20 19:18:29.649,2025-05-20 19:18:29.649
1606,Vilnius,126,LT,Lithuania,57,district municipality,54.6710761,25.2878721,2025-05-20 19:18:29.649,1,2025-05-20 19:18:29.649,1,,-05:00:00,-05:00:00,2025-05-20 19:18:29.649,2025-05-20 19:18:29.649
1601,Vilnius,126,LT,Lithuania,VL,county,54.8086502,25.2182139,2025-05-20 19:18:29.649,1,2025-05-20 19:18:29.649,1,,-05:00:00,-05:00:00,2025-05-20 19:18:29.649,2025-05-20 19:18:29.649
1564,Visaginas,126,LT,Lithuania,59,municipality,55.594118,26.4307954,2025-05-20 19:18:29.649,1,2025-05-20 19:18:29.649,1,,-05:00:00,-05:00:00,2025-05-20 19:18:29.649,2025-05-20 19:18:29.649
1619,Zarasai,126,LT,Lithuania,60,district municipality,55.7309609,26.245295,2025-05-20 19:18:29.649,1,2025-05-20 19:18:29.649,1,,-05:00:00,-05:00:00,2025-05-20 19:18:29.649,2025-05-20 19:18:29.649
1518,Capellen,127,LU,Luxembourg,CA,canton,49.6403931,5.9553846,2025-05-20 19:18:29.649,1,2025-05-20 19:18:29.649,1,,-05:00:00,-05:00:00,2025-05-20 19:18:29.649,2025-05-20 19:18:29.649
1521,Clervaux,127,LU,Luxembourg,CL,canton,50.0546313,6.0285875,2025-05-20 19:18:29.649,1,2025-05-20 19:18:29.649,1,,-05:00:00,-05:00:00,2025-05-20 19:18:29.649,2025-05-20 19:18:29.649
1513,Diekirch,127,LU,Luxembourg,DI,canton,49.8671784,6.1595633,2025-05-20 19:18:29.649,1,2025-05-20 19:18:29.649,1,,-05:00:00,-05:00:00,2025-05-20 19:18:29.649,2025-05-20 19:18:29.649
1515,Echternach,127,LU,Luxembourg,EC,canton,49.8114133,6.4175635,2025-05-20 19:18:29.649,1,2025-05-20 19:18:29.649,1,,-05:00:00,-05:00:00,2025-05-20 19:18:29.649,2025-05-20 19:18:29.649
1517,Esch-sur-Alzette,127,LU,Luxembourg,ES,canton,49.5008805,5.9860925,2025-05-20 19:18:29.649,1,2025-05-20 19:18:29.649,1,,-05:00:00,-05:00:00,2025-05-20 19:18:29.649,2025-05-20 19:18:29.649
1520,Grevenmacher,127,LU,Luxembourg,G,canton,49.680851,6.4407524,2025-05-20 19:18:29.649,1,2025-05-20 19:18:29.649,1,,-05:00:00,-05:00:00,2025-05-20 19:18:29.649,2025-05-20 19:18:29.649
1514,Luxembourg ,127,LU,Luxembourg,L,canton,49.5953706,6.1333178,2025-05-20 19:18:29.649,1,2025-05-20 19:18:29.649,1,,-05:00:00,-05:00:00,2025-05-20 19:18:29.649,2025-05-20 19:18:29.649
1522,Mersch,127,LU,Luxembourg,ME,canton,49.7542906,6.1292185,2025-05-20 19:18:29.649,1,2025-05-20 19:18:29.649,1,,-05:00:00,-05:00:00,2025-05-20 19:18:29.649,2025-05-20 19:18:29.649
1516,Redange,127,LU,Luxembourg,RD,canton,49.76455,5.88948,2025-05-20 19:18:29.649,1,2025-05-20 19:18:29.649,1,,-05:00:00,-05:00:00,2025-05-20 19:18:29.649,2025-05-20 19:18:29.649
1519,Remich,127,LU,Luxembourg,RM,canton,49.545017,6.3674222,2025-05-20 19:18:29.649,1,2025-05-20 19:18:29.649,1,,-05:00:00,-05:00:00,2025-05-20 19:18:29.649,2025-05-20 19:18:29.649
1523,Vianden,127,LU,Luxembourg,VD,canton,49.9341924,6.2019917,2025-05-20 19:18:29.649,1,2025-05-20 19:18:29.649,1,,-05:00:00,-05:00:00,2025-05-20 19:18:29.649,2025-05-20 19:18:29.649
1526,Wiltz,127,LU,Luxembourg,WI,canton,49.96622,5.9324306,2025-05-20 19:18:29.649,1,2025-05-20 19:18:29.649,1,,-05:00:00,-05:00:00,2025-05-20 19:18:29.649,2025-05-20 19:18:29.649
2951,Antananarivo,130,MG,Madagascar,T,province,-18.7051474,46.8252838,2025-05-20 19:18:29.649,1,2025-05-20 19:18:29.649,1,,-05:00:00,-05:00:00,2025-05-20 19:18:29.649,2025-05-20 19:18:29.649
2950,Antsiranana,130,MG,Madagascar,D,province,-13.771539,49.5279996,2025-05-20 19:18:29.649,1,2025-05-20 19:18:29.649,1,,-05:00:00,-05:00:00,2025-05-20 19:18:29.649,2025-05-20 19:18:29.649
2948,Fianarantsoa,130,MG,Madagascar,F,province,-22.353624,46.8252838,2025-05-20 19:18:29.649,1,2025-05-20 19:18:29.649,1,,-05:00:00,-05:00:00,2025-05-20 19:18:29.649,2025-05-20 19:18:29.649
2953,Mahajanga,130,MG,Madagascar,M,province,-16.523883,46.516262,2025-05-20 19:18:29.649,1,2025-05-20 19:18:29.649,1,,-05:00:00,-05:00:00,2025-05-20 19:18:29.649,2025-05-20 19:18:29.649
2952,Toamasina,130,MG,Madagascar,A,province,-18.1442811,49.3957836,2025-05-20 19:18:29.649,1,2025-05-20 19:18:29.649,1,,-05:00:00,-05:00:00,2025-05-20 19:18:29.649,2025-05-20 19:18:29.649
2949,Toliara,130,MG,Madagascar,U,province,-23.3516191,43.6854936,2025-05-20 19:18:29.649,1,2025-05-20 19:18:29.649,1,,-05:00:00,-05:00:00,2025-05-20 19:18:29.649,2025-05-20 19:18:29.649
3096,Balaka,131,MW,Malawi,BA,district,-15.0506595,35.0828588,2025-05-20 19:18:29.649,1,2025-05-20 19:18:29.649,1,,-05:00:00,-05:00:00,2025-05-20 19:18:29.649,2025-05-20 19:18:29.649
3102,Blantyre,131,MW,Malawi,BL,district,-15.6778541,34.9506625,2025-05-20 19:18:29.649,1,2025-05-20 19:18:29.649,1,,-05:00:00,-05:00:00,2025-05-20 19:18:29.649,2025-05-20 19:18:29.649
3092,Central,131,MW,Malawi,C,region,-13.7402364,32.5039619,2025-05-20 19:18:29.649,1,2025-05-20 19:18:29.649,1,,-05:00:00,-05:00:00,2025-05-20 19:18:29.649,2025-05-20 19:18:29.649
3107,Chikwawa,131,MW,Malawi,CK,district,-16.1958446,34.7740793,2025-05-20 19:18:29.649,1,2025-05-20 19:18:29.649,1,,-05:00:00,-05:00:00,2025-05-20 19:18:29.649,2025-05-20 19:18:29.649
3109,Chiradzulu,131,MW,Malawi,CR,district,-15.7423151,35.2587964,2025-05-20 19:18:29.649,1,2025-05-20 19:18:29.649,1,,-05:00:00,-05:00:00,2025-05-20 19:18:29.649,2025-05-20 19:18:29.649
3087,Chitipa,131,MW,Malawi,CT,district,-9.7037655,33.2700253,2025-05-20 19:18:29.649,1,2025-05-20 19:18:29.649,1,,-05:00:00,-05:00:00,2025-05-20 19:18:29.649,2025-05-20 19:18:29.649
3097,Dedza,131,MW,Malawi,DE,district,-14.1894585,34.2421597,2025-05-20 19:18:29.649,1,2025-05-20 19:18:29.649,1,,-05:00:00,-05:00:00,2025-05-20 19:18:29.649,2025-05-20 19:18:29.649
3090,Dowa,131,MW,Malawi,DO,district,-13.6041256,33.8857747,2025-05-20 19:18:29.649,1,2025-05-20 19:18:29.649,1,,-05:00:00,-05:00:00,2025-05-20 19:18:29.649,2025-05-20 19:18:29.649
3091,Karonga,131,MW,Malawi,KR,district,-9.9036365,33.9750018,2025-05-20 19:18:29.649,1,2025-05-20 19:18:29.649,1,,-05:00:00,-05:00:00,2025-05-20 19:18:29.649,2025-05-20 19:18:29.649
3094,Kasungu,131,MW,Malawi,KS,district,-13.1367065,33.258793,2025-05-20 19:18:29.649,1,2025-05-20 19:18:29.649,1,,-05:00:00,-05:00:00,2025-05-20 19:18:29.649,2025-05-20 19:18:29.649
3093,Likoma,131,MW,Malawi,LK,district,-12.0584005,34.7354031,2025-05-20 19:18:29.649,1,2025-05-20 19:18:29.649,1,,-05:00:00,-05:00:00,2025-05-20 19:18:29.649,2025-05-20 19:18:29.649
3101,Lilongwe,131,MW,Malawi,LI,district,-14.0475228,33.617577,2025-05-20 19:18:29.649,1,2025-05-20 19:18:29.649,1,,-05:00:00,-05:00:00,2025-05-20 19:18:29.649,2025-05-20 19:18:29.649
3082,Machinga,131,MW,Malawi,MH,district,-14.9407263,35.4781926,2025-05-20 19:18:29.649,1,2025-05-20 19:18:29.649,1,,-05:00:00,-05:00:00,2025-05-20 19:18:29.649,2025-05-20 19:18:29.649
3110,Mangochi,131,MW,Malawi,MG,district,-14.1388248,35.0388164,2025-05-20 19:18:29.649,1,2025-05-20 19:18:29.649,1,,-05:00:00,-05:00:00,2025-05-20 19:18:29.649,2025-05-20 19:18:29.649
3099,Mchinji,131,MW,Malawi,MC,district,-13.7401525,32.9888319,2025-05-20 19:18:29.649,1,2025-05-20 19:18:29.649,1,,-05:00:00,-05:00:00,2025-05-20 19:18:29.649,2025-05-20 19:18:29.649
3103,Mulanje,131,MW,Malawi,MU,district,-15.9346434,35.5220012,2025-05-20 19:18:29.649,1,2025-05-20 19:18:29.649,1,,-05:00:00,-05:00:00,2025-05-20 19:18:29.649,2025-05-20 19:18:29.649
3084,Mwanza,131,MW,Malawi,MW,district,-15.4008552,34.404924,2025-05-20 19:18:29.649,1,2025-05-20 19:18:29.649,1,,-05:00:00,-05:00:00,2025-05-20 19:18:29.649,2025-05-20 19:18:29.649
3104,Mzimba,131,MW,Malawi,MZ,district,-11.7475452,33.5280072,2025-05-20 19:18:29.649,1,2025-05-20 19:18:29.649,1,,-05:00:00,-05:00:00,2025-05-20 19:18:29.649,2025-05-20 19:18:29.649
5347,Neno,131,MW,Malawi,NE,district,-15.6904254,34.2291386,2025-05-20 19:18:29.649,1,2025-05-20 19:18:29.649,1,,-05:00:00,-05:00:00,2025-05-20 19:18:29.649,2025-05-20 19:18:29.649
3095,Nkhata Bay,131,MW,Malawi,NB,district,-11.7185042,34.3310364,2025-05-20 19:18:29.649,1,2025-05-20 19:18:29.649,1,,-05:00:00,-05:00:00,2025-05-20 19:18:29.649,2025-05-20 19:18:29.649
3100,Nkhotakota,131,MW,Malawi,NK,district,-12.7541961,34.2421597,2025-05-20 19:18:29.649,1,2025-05-20 19:18:29.649,1,,-05:00:00,-05:00:00,2025-05-20 19:18:29.649,2025-05-20 19:18:29.649
3105,Northern,131,MW,Malawi,N,region,-11.0495091,32.6341461,2025-05-20 19:18:29.649,1,2025-05-20 19:18:29.649,1,,-05:00:00,-05:00:00,2025-05-20 19:18:29.649,2025-05-20 19:18:29.649
3085,Nsanje,131,MW,Malawi,NS,district,-16.7288202,35.1708741,2025-05-20 19:18:29.649,1,2025-05-20 19:18:29.649,1,,-05:00:00,-05:00:00,2025-05-20 19:18:29.649,2025-05-20 19:18:29.649
3088,Ntcheu,131,MW,Malawi,NU,district,-14.9037538,34.7740793,2025-05-20 19:18:29.649,1,2025-05-20 19:18:29.649,1,,-05:00:00,-05:00:00,2025-05-20 19:18:29.649,2025-05-20 19:18:29.649
3111,Ntchisi,131,MW,Malawi,NI,district,-13.2841992,33.8857747,2025-05-20 19:18:29.649,1,2025-05-20 19:18:29.649,1,,-05:00:00,-05:00:00,2025-05-20 19:18:29.649,2025-05-20 19:18:29.649
3108,Phalombe,131,MW,Malawi,PH,district,-15.7092038,35.6532848,2025-05-20 19:18:29.649,1,2025-05-20 19:18:29.649,1,,-05:00:00,-05:00:00,2025-05-20 19:18:29.649,2025-05-20 19:18:29.649
3089,Rumphi,131,MW,Malawi,RU,district,-10.7851537,34.3310364,2025-05-20 19:18:29.649,1,2025-05-20 19:18:29.649,1,,-05:00:00,-05:00:00,2025-05-20 19:18:29.649,2025-05-20 19:18:29.649
3086,Salima,131,MW,Malawi,SA,district,-13.6809586,34.4198243,2025-05-20 19:18:29.649,1,2025-05-20 19:18:29.649,1,,-05:00:00,-05:00:00,2025-05-20 19:18:29.649,2025-05-20 19:18:29.649
3106,Southern,131,MW,Malawi,S,region,-15.3024478,33.7644083,2025-05-20 19:18:29.649,1,2025-05-20 19:18:29.649,1,,-05:00:00,-05:00:00,2025-05-20 19:18:29.649,2025-05-20 19:18:29.649
3098,Thyolo,131,MW,Malawi,TH,district,-16.1299177,35.1268781,2025-05-20 19:18:29.649,1,2025-05-20 19:18:29.649,1,,-05:00:00,-05:00:00,2025-05-20 19:18:29.649,2025-05-20 19:18:29.649
3083,Zomba,131,MW,Malawi,ZO,district,-15.3765857,35.3356518,2025-05-20 19:18:29.649,1,2025-05-20 19:18:29.649,1,,-05:00:00,-05:00:00,2025-05-20 19:18:29.649,2025-05-20 19:18:29.649
1950,Johor,132,MY,Malaysia,1,state,1.4853682,103.7618154,2025-05-20 19:18:29.649,1,2025-05-20 19:18:29.649,1,,-05:00:00,-05:00:00,2025-05-20 19:18:29.649,2025-05-20 19:18:29.649
1947,Kedah,132,MY,Malaysia,2,state,6.1183964,100.3684595,2025-05-20 19:18:29.649,1,2025-05-20 19:18:29.649,1,,-05:00:00,-05:00:00,2025-05-20 19:18:29.649,2025-05-20 19:18:29.649
1946,Kelantan,132,MY,Malaysia,3,state,6.1253969,102.238071,2025-05-20 19:18:29.649,1,2025-05-20 19:18:29.649,1,,-05:00:00,-05:00:00,2025-05-20 19:18:29.649,2025-05-20 19:18:29.649
1949,Kuala Lumpur,132,MY,Malaysia,14,federal territory,3.139003,101.686855,2025-05-20 19:18:29.649,1,2025-05-20 19:18:29.649,1,,-05:00:00,-05:00:00,2025-05-20 19:18:29.649,2025-05-20 19:18:29.649
1935,Labuan,132,MY,Malaysia,15,federal territory,5.2831456,115.230825,2025-05-20 19:18:29.649,1,2025-05-20 19:18:29.649,1,,-05:00:00,-05:00:00,2025-05-20 19:18:29.649,2025-05-20 19:18:29.649
1941,Malacca,132,MY,Malaysia,4,state,2.189594,102.2500868,2025-05-20 19:18:29.649,1,2025-05-20 19:18:29.649,1,,-05:00:00,-05:00:00,2025-05-20 19:18:29.649,2025-05-20 19:18:29.649
1948,Negeri Sembilan,132,MY,Malaysia,5,state,2.7258058,101.9423782,2025-05-20 19:18:29.649,1,2025-05-20 19:18:29.649,1,,-05:00:00,-05:00:00,2025-05-20 19:18:29.649,2025-05-20 19:18:29.649
1940,Pahang,132,MY,Malaysia,6,state,3.8126318,103.3256204,2025-05-20 19:18:29.649,1,2025-05-20 19:18:29.649,1,,-05:00:00,-05:00:00,2025-05-20 19:18:29.649,2025-05-20 19:18:29.649
1939,Penang,132,MY,Malaysia,7,state,5.4163935,100.3326786,2025-05-20 19:18:29.649,1,2025-05-20 19:18:29.649,1,,-05:00:00,-05:00:00,2025-05-20 19:18:29.649,2025-05-20 19:18:29.649
1943,Perak,132,MY,Malaysia,8,state,4.5921126,101.090109,2025-05-20 19:18:29.649,1,2025-05-20 19:18:29.649,1,,-05:00:00,-05:00:00,2025-05-20 19:18:29.649,2025-05-20 19:18:29.649
1938,Perlis,132,MY,Malaysia,9,state,29.9227094,-90.1228559,2025-05-20 19:18:29.649,1,2025-05-20 19:18:29.649,1,,-05:00:00,-05:00:00,2025-05-20 19:18:29.649,2025-05-20 19:18:29.649
1945,Putrajaya,132,MY,Malaysia,16,federal territory,2.926361,101.696445,2025-05-20 19:18:29.649,1,2025-05-20 19:18:29.649,1,,-05:00:00,-05:00:00,2025-05-20 19:18:29.649,2025-05-20 19:18:29.649
1936,Sabah,132,MY,Malaysia,12,state,5.9788398,116.0753199,2025-05-20 19:18:29.649,1,2025-05-20 19:18:29.649,1,,-05:00:00,-05:00:00,2025-05-20 19:18:29.649,2025-05-20 19:18:29.649
1937,Sarawak,132,MY,Malaysia,13,state,1.5532783,110.3592127,2025-05-20 19:18:29.649,1,2025-05-20 19:18:29.649,1,,-05:00:00,-05:00:00,2025-05-20 19:18:29.649,2025-05-20 19:18:29.649
1944,Selangor,132,MY,Malaysia,10,state,3.0738379,101.5183469,2025-05-20 19:18:29.649,1,2025-05-20 19:18:29.649,1,,-05:00:00,-05:00:00,2025-05-20 19:18:29.649,2025-05-20 19:18:29.649
1942,Terengganu,132,MY,Malaysia,11,state,5.3116916,103.1324154,2025-05-20 19:18:29.649,1,2025-05-20 19:18:29.649,1,,-05:00:00,-05:00:00,2025-05-20 19:18:29.649,2025-05-20 19:18:29.649
2594,Addu,133,MV,Maldives,1,city,-0.6300995,73.1585626,2025-05-20 19:18:29.649,1,2025-05-20 19:18:29.649,1,,-05:00:00,-05:00:00,2025-05-20 19:18:29.649,2025-05-20 19:18:29.649
2587,Alif Alif,133,MV,Maldives,2,administrative atoll,4.085,72.8515479,2025-05-20 19:18:29.649,1,2025-05-20 19:18:29.649,1,,-05:00:00,-05:00:00,2025-05-20 19:18:29.649,2025-05-20 19:18:29.649
2600,Alif Dhaal,133,MV,Maldives,0,administrative atoll,3.6543302,72.8042797,2025-05-20 19:18:29.649,1,2025-05-20 19:18:29.649,1,,-05:00:00,-05:00:00,2025-05-20 19:18:29.649,2025-05-20 19:18:29.649
2604,Central,133,MV,Maldives,CE,province,2.9693309,72.9082619,2025-05-20 19:18:29.649,1,2025-05-20 19:18:29.649,1,,-05:00:00,-05:00:00,2025-05-20 19:18:29.649,2025-05-20 19:18:29.649
2590,Dhaalu,133,MV,Maldives,17,administrative atoll,2.8468502,72.9460566,2025-05-20 19:18:29.649,1,2025-05-20 19:18:29.649,1,,-05:00:00,-05:00:00,2025-05-20 19:18:29.649,2025-05-20 19:18:29.649
2599,Faafu,133,MV,Maldives,14,administrative atoll,3.2309409,72.9460566,2025-05-20 19:18:29.649,1,2025-05-20 19:18:29.649,1,,-05:00:00,-05:00:00,2025-05-20 19:18:29.649,2025-05-20 19:18:29.649
2598,Gaafu Alif,133,MV,Maldives,27,administrative atoll,0.6124813,73.323708,2025-05-20 19:18:29.649,1,2025-05-20 19:18:29.649,1,,-05:00:00,-05:00:00,2025-05-20 19:18:29.649,2025-05-20 19:18:29.649
2603,Gaafu Dhaalu,133,MV,Maldives,28,administrative atoll,0.358804,73.1821623,2025-05-20 19:18:29.649,1,2025-05-20 19:18:29.649,1,,-05:00:00,-05:00:00,2025-05-20 19:18:29.649,2025-05-20 19:18:29.649
2595,Gnaviyani,133,MV,Maldives,29,administrative atoll,-0.3006425,73.4239143,2025-05-20 19:18:29.649,1,2025-05-20 19:18:29.649,1,,-05:00:00,-05:00:00,2025-05-20 19:18:29.649,2025-05-20 19:18:29.649
2586,Haa Alif,133,MV,Maldives,7,administrative atoll,6.9903488,72.9460566,2025-05-20 19:18:29.649,1,2025-05-20 19:18:29.649,1,,-05:00:00,-05:00:00,2025-05-20 19:18:29.649,2025-05-20 19:18:29.649
2597,Haa Dhaalu,133,MV,Maldives,23,administrative atoll,6.5782717,72.9460566,2025-05-20 19:18:29.649,1,2025-05-20 19:18:29.649,1,,-05:00:00,-05:00:00,2025-05-20 19:18:29.649,2025-05-20 19:18:29.649
2596,Kaafu,133,MV,Maldives,26,administrative atoll,4.4558979,73.5594128,2025-05-20 19:18:29.649,1,2025-05-20 19:18:29.649,1,,-05:00:00,-05:00:00,2025-05-20 19:18:29.649,2025-05-20 19:18:29.649
2601,Laamu,133,MV,Maldives,5,administrative atoll,1.9430737,73.4180211,2025-05-20 19:18:29.649,1,2025-05-20 19:18:29.649,1,,-05:00:00,-05:00:00,2025-05-20 19:18:29.649,2025-05-20 19:18:29.649
2607,Lhaviyani,133,MV,Maldives,3,administrative atoll,5.3747021,73.5122928,2025-05-20 19:18:29.649,1,2025-05-20 19:18:29.649,1,,-05:00:00,-05:00:00,2025-05-20 19:18:29.649,2025-05-20 19:18:29.649
2609,Malé,133,MV,Maldives,MLE,administrative atoll,4.416663,73.4261798,2025-05-20 19:18:29.649,1,2025-05-20 19:18:29.649,1,,-05:00:00,-05:00:00,2025-05-20 19:18:29.649,2025-05-20 19:18:29.649
2608,Meemu,133,MV,Maldives,12,administrative atoll,3.0090345,73.5122928,2025-05-20 19:18:29.649,1,2025-05-20 19:18:29.649,1,,-05:00:00,-05:00:00,2025-05-20 19:18:29.649,2025-05-20 19:18:29.649
2592,Noonu,133,MV,Maldives,25,administrative atoll,5.8551276,73.323708,2025-05-20 19:18:29.649,1,2025-05-20 19:18:29.649,1,,-05:00:00,-05:00:00,2025-05-20 19:18:29.649,2025-05-20 19:18:29.649
2589,North Central,133,MV,Maldives,NC,province,4.1389788,72.5734029,2025-05-20 19:18:29.649,1,2025-05-20 19:18:29.649,1,,-05:00:00,-05:00:00,2025-05-20 19:18:29.649,2025-05-20 19:18:29.649
2602,Raa,133,MV,Maldives,13,administrative atoll,5.6006457,72.9460566,2025-05-20 19:18:29.649,1,2025-05-20 19:18:29.649,1,,-05:00:00,-05:00:00,2025-05-20 19:18:29.649,2025-05-20 19:18:29.649
2585,Shaviyani,133,MV,Maldives,24,administrative atoll,6.17511,73.1349605,2025-05-20 19:18:29.649,1,2025-05-20 19:18:29.649,1,,-05:00:00,-05:00:00,2025-05-20 19:18:29.649,2025-05-20 19:18:29.649
2605,South,133,MV,Maldives,SU,province,-0.4783126,73.0768327,2025-05-20 19:18:29.649,1,2025-05-20 19:18:29.649,1,,-05:00:00,-05:00:00,2025-05-20 19:18:29.649,2025-05-20 19:18:29.649
2606,South Central,133,MV,Maldives,SC,province,2.1707698,72.9168787,2025-05-20 19:18:29.649,1,2025-05-20 19:18:29.649,1,,-05:00:00,-05:00:00,2025-05-20 19:18:29.649,2025-05-20 19:18:29.649
2591,Thaa,133,MV,Maldives,8,administrative atoll,2.4311161,73.1821623,2025-05-20 19:18:29.649,1,2025-05-20 19:18:29.649,1,,-05:00:00,-05:00:00,2025-05-20 19:18:29.649,2025-05-20 19:18:29.649
2593,Upper South,133,MV,Maldives,US,province,0.2307,73.2794846,2025-05-20 19:18:29.649,1,2025-05-20 19:18:29.649,1,,-05:00:00,-05:00:00,2025-05-20 19:18:29.649,2025-05-20 19:18:29.649
2584,Vaavu,133,MV,Maldives,4,administrative atoll,3.3955438,73.5122928,2025-05-20 19:18:29.649,1,2025-05-20 19:18:29.649,1,,-05:00:00,-05:00:00,2025-05-20 19:18:29.649,2025-05-20 19:18:29.649
253,Bamako,134,ML,Mali,BKO,district,12.6392316,-8.0028892,2025-05-20 19:18:29.649,1,2025-05-20 19:18:29.649,1,,-05:00:00,-05:00:00,2025-05-20 19:18:29.649,2025-05-20 19:18:29.649
258,Gao,134,ML,Mali,7,region,16.9066332,1.5208624,2025-05-20 19:18:29.649,1,2025-05-20 19:18:29.649,1,,-05:00:00,-05:00:00,2025-05-20 19:18:29.649,2025-05-20 19:18:29.649
252,Kayes,134,ML,Mali,1,region,14.0818308,-9.9018131,2025-05-20 19:18:29.649,1,2025-05-20 19:18:29.649,1,,-05:00:00,-05:00:00,2025-05-20 19:18:29.649,2025-05-20 19:18:29.649
257,Kidal,134,ML,Mali,8,region,18.7986832,1.8318334,2025-05-20 19:18:29.649,1,2025-05-20 19:18:29.649,1,,-05:00:00,-05:00:00,2025-05-20 19:18:29.649,2025-05-20 19:18:29.649
250,Koulikoro,134,ML,Mali,2,region,13.8018074,-7.4381355,2025-05-20 19:18:29.649,1,2025-05-20 19:18:29.649,1,,-05:00:00,-05:00:00,2025-05-20 19:18:29.649,2025-05-20 19:18:29.649
251,Ménaka,134,ML,Mali,9,region,15.9156421,2.396174,2025-05-20 19:18:29.649,1,2025-05-20 19:18:29.649,1,,-05:00:00,-05:00:00,2025-05-20 19:18:29.649,2025-05-20 19:18:29.649
255,Mopti,134,ML,Mali,5,region,14.6338039,-3.4195527,2025-05-20 19:18:29.649,1,2025-05-20 19:18:29.649,1,,-05:00:00,-05:00:00,2025-05-20 19:18:29.649,2025-05-20 19:18:29.649
249,Ségou,134,ML,Mali,4,region,13.8394456,-6.0679194,2025-05-20 19:18:29.649,1,2025-05-20 19:18:29.649,1,,-05:00:00,-05:00:00,2025-05-20 19:18:29.649,2025-05-20 19:18:29.649
254,Sikasso,134,ML,Mali,3,region,10.8905186,-7.4381355,2025-05-20 19:18:29.649,1,2025-05-20 19:18:29.649,1,,-05:00:00,-05:00:00,2025-05-20 19:18:29.649,2025-05-20 19:18:29.649
256,Taoudénit,134,ML,Mali,10,region,22.6764132,-3.9789143,2025-05-20 19:18:29.649,1,2025-05-20 19:18:29.649,1,,-05:00:00,-05:00:00,2025-05-20 19:18:29.649,2025-05-20 19:18:29.649
248,Tombouctou,134,ML,Mali,6,region,21.0526706,-3.743509,2025-05-20 19:18:29.649,1,2025-05-20 19:18:29.649,1,,-05:00:00,-05:00:00,2025-05-20 19:18:29.649,2025-05-20 19:18:29.649
110,Attard,135,MT,Malta,1,local council,35.8904967,14.4199322,2025-05-20 19:18:29.649,1,2025-05-20 19:18:29.649,1,,-05:00:00,-05:00:00,2025-05-20 19:18:29.649,2025-05-20 19:18:29.649
108,Balzan,135,MT,Malta,2,local council,35.8957414,14.4534065,2025-05-20 19:18:29.649,1,2025-05-20 19:18:29.649,1,,-05:00:00,-05:00:00,2025-05-20 19:18:29.649,2025-05-20 19:18:29.649
107,Birgu,135,MT,Malta,3,local council,35.8879214,14.522562,2025-05-20 19:18:29.649,1,2025-05-20 19:18:29.649,1,,-05:00:00,-05:00:00,2025-05-20 19:18:29.649,2025-05-20 19:18:29.649
97,Birkirkara,135,MT,Malta,4,local council,35.8954706,14.4665072,2025-05-20 19:18:29.649,1,2025-05-20 19:18:29.649,1,,-05:00:00,-05:00:00,2025-05-20 19:18:29.649,2025-05-20 19:18:29.649
88,Birżebbuġa,135,MT,Malta,5,local council,35.8135989,14.5247463,2025-05-20 19:18:29.649,1,2025-05-20 19:18:29.649,1,,-05:00:00,-05:00:00,2025-05-20 19:18:29.649,2025-05-20 19:18:29.649
138,Cospicua,135,MT,Malta,6,local council,35.8806753,14.5218338,2025-05-20 19:18:29.649,1,2025-05-20 19:18:29.649,1,,-05:00:00,-05:00:00,2025-05-20 19:18:29.649,2025-05-20 19:18:29.649
117,Dingli,135,MT,Malta,7,local council,35.8627309,14.3850107,2025-05-20 19:18:29.649,1,2025-05-20 19:18:29.649,1,,-05:00:00,-05:00:00,2025-05-20 19:18:29.649,2025-05-20 19:18:29.649
129,Fgura,135,MT,Malta,8,local council,35.8738269,14.5232901,2025-05-20 19:18:29.649,1,2025-05-20 19:18:29.649,1,,-05:00:00,-05:00:00,2025-05-20 19:18:29.649,2025-05-20 19:18:29.649
84,Floriana,135,MT,Malta,9,local council,45.4952185,-73.7139576,2025-05-20 19:18:29.649,1,2025-05-20 19:18:29.649,1,,-05:00:00,-05:00:00,2025-05-20 19:18:29.649,2025-05-20 19:18:29.649
134,Fontana,135,MT,Malta,10,local council,34.0922335,-117.435048,2025-05-20 19:18:29.649,1,2025-05-20 19:18:29.649,1,,-05:00:00,-05:00:00,2025-05-20 19:18:29.649,2025-05-20 19:18:29.649
130,Għajnsielem,135,MT,Malta,13,local council,36.0247966,14.2802961,2025-05-20 19:18:29.649,1,2025-05-20 19:18:29.649,1,,-05:00:00,-05:00:00,2025-05-20 19:18:29.649,2025-05-20 19:18:29.649
92,Għarb,135,MT,Malta,14,local council,36.068909,14.2018098,2025-05-20 19:18:29.649,1,2025-05-20 19:18:29.649,1,,-05:00:00,-05:00:00,2025-05-20 19:18:29.649,2025-05-20 19:18:29.649
120,Għargħur,135,MT,Malta,15,local council,35.9220569,14.4563176,2025-05-20 19:18:29.649,1,2025-05-20 19:18:29.649,1,,-05:00:00,-05:00:00,2025-05-20 19:18:29.649,2025-05-20 19:18:29.649
106,Għasri,135,MT,Malta,16,local council,36.0668075,14.2192475,2025-05-20 19:18:29.649,1,2025-05-20 19:18:29.649,1,,-05:00:00,-05:00:00,2025-05-20 19:18:29.649,2025-05-20 19:18:29.649
124,Għaxaq,135,MT,Malta,17,local council,35.8440359,14.516009,2025-05-20 19:18:29.649,1,2025-05-20 19:18:29.649,1,,-05:00:00,-05:00:00,2025-05-20 19:18:29.649,2025-05-20 19:18:29.649
118,Gudja,135,MT,Malta,11,local council,35.8469803,14.502904,2025-05-20 19:18:29.649,1,2025-05-20 19:18:29.649,1,,-05:00:00,-05:00:00,2025-05-20 19:18:29.649,2025-05-20 19:18:29.649
113,Gżira,135,MT,Malta,12,local council,35.905897,14.4953338,2025-05-20 19:18:29.649,1,2025-05-20 19:18:29.649,1,,-05:00:00,-05:00:00,2025-05-20 19:18:29.649,2025-05-20 19:18:29.649
105,Ħamrun,135,MT,Malta,18,local council,35.8861237,14.4883442,2025-05-20 19:18:29.649,1,2025-05-20 19:18:29.649,1,,-05:00:00,-05:00:00,2025-05-20 19:18:29.649,2025-05-20 19:18:29.649
93,Iklin,135,MT,Malta,19,local council,35.9098774,14.4577732,2025-05-20 19:18:29.649,1,2025-05-20 19:18:29.649,1,,-05:00:00,-05:00:00,2025-05-20 19:18:29.649,2025-05-20 19:18:29.649
99,Kalkara,135,MT,Malta,21,local council,35.8914242,14.5320278,2025-05-20 19:18:29.649,1,2025-05-20 19:18:29.649,1,,-05:00:00,-05:00:00,2025-05-20 19:18:29.649,2025-05-20 19:18:29.649
91,Kerċem,135,MT,Malta,22,local council,36.0447939,14.2250605,2025-05-20 19:18:29.649,1,2025-05-20 19:18:29.649,1,,-05:00:00,-05:00:00,2025-05-20 19:18:29.649,2025-05-20 19:18:29.649
82,Kirkop,135,MT,Malta,23,local council,35.8437862,14.4854324,2025-05-20 19:18:29.649,1,2025-05-20 19:18:29.649,1,,-05:00:00,-05:00:00,2025-05-20 19:18:29.649,2025-05-20 19:18:29.649
126,Lija,135,MT,Malta,24,local council,49.180076,-123.103317,2025-05-20 19:18:29.649,1,2025-05-20 19:18:29.649,1,,-05:00:00,-05:00:00,2025-05-20 19:18:29.649,2025-05-20 19:18:29.649
77,Luqa,135,MT,Malta,25,local council,35.8582865,14.4868883,2025-05-20 19:18:29.649,1,2025-05-20 19:18:29.649,1,,-05:00:00,-05:00:00,2025-05-20 19:18:29.649,2025-05-20 19:18:29.649
128,Marsa,135,MT,Malta,26,local council,34.0319587,-118.4455535,2025-05-20 19:18:29.649,1,2025-05-20 19:18:29.649,1,,-05:00:00,-05:00:00,2025-05-20 19:18:29.649,2025-05-20 19:18:29.649
137,Marsaskala,135,MT,Malta,27,local council,35.860364,14.5567876,2025-05-20 19:18:29.649,1,2025-05-20 19:18:29.649,1,,-05:00:00,-05:00:00,2025-05-20 19:18:29.649,2025-05-20 19:18:29.649
78,Marsaxlokk,135,MT,Malta,28,local council,35.8411699,14.5393097,2025-05-20 19:18:29.649,1,2025-05-20 19:18:29.649,1,,-05:00:00,-05:00:00,2025-05-20 19:18:29.649,2025-05-20 19:18:29.649
89,Mdina,135,MT,Malta,29,local council,35.888093,14.4068357,2025-05-20 19:18:29.649,1,2025-05-20 19:18:29.649,1,,-05:00:00,-05:00:00,2025-05-20 19:18:29.649,2025-05-20 19:18:29.649
102,Mellieħa,135,MT,Malta,30,local council,35.9523529,14.3500975,2025-05-20 19:18:29.649,1,2025-05-20 19:18:29.649,1,,-05:00:00,-05:00:00,2025-05-20 19:18:29.649,2025-05-20 19:18:29.649
109,Mġarr,135,MT,Malta,31,local council,35.9189327,14.3617343,2025-05-20 19:18:29.649,1,2025-05-20 19:18:29.649,1,,-05:00:00,-05:00:00,2025-05-20 19:18:29.649,2025-05-20 19:18:29.649
140,Mosta,135,MT,Malta,32,local council,35.9141504,14.4228427,2025-05-20 19:18:29.649,1,2025-05-20 19:18:29.649,1,,-05:00:00,-05:00:00,2025-05-20 19:18:29.649,2025-05-20 19:18:29.649
74,Mqabba,135,MT,Malta,33,local council,35.8444143,14.4694186,2025-05-20 19:18:29.649,1,2025-05-20 19:18:29.649,1,,-05:00:00,-05:00:00,2025-05-20 19:18:29.649,2025-05-20 19:18:29.649
96,Msida,135,MT,Malta,34,local council,35.8956388,14.4868883,2025-05-20 19:18:29.649,1,2025-05-20 19:18:29.649,1,,-05:00:00,-05:00:00,2025-05-20 19:18:29.649,2025-05-20 19:18:29.649
131,Mtarfa,135,MT,Malta,35,local council,35.8895125,14.3951953,2025-05-20 19:18:29.649,1,2025-05-20 19:18:29.649,1,,-05:00:00,-05:00:00,2025-05-20 19:18:29.649,2025-05-20 19:18:29.649
132,Munxar,135,MT,Malta,36,local council,36.0288058,14.2250605,2025-05-20 19:18:29.649,1,2025-05-20 19:18:29.649,1,,-05:00:00,-05:00:00,2025-05-20 19:18:29.649,2025-05-20 19:18:29.649
133,Nadur,135,MT,Malta,37,local council,36.0447019,14.2919273,2025-05-20 19:18:29.649,1,2025-05-20 19:18:29.649,1,,-05:00:00,-05:00:00,2025-05-20 19:18:29.649,2025-05-20 19:18:29.649
112,Naxxar,135,MT,Malta,38,local council,35.9317518,14.4315746,2025-05-20 19:18:29.649,1,2025-05-20 19:18:29.649,1,,-05:00:00,-05:00:00,2025-05-20 19:18:29.649,2025-05-20 19:18:29.649
115,Paola,135,MT,Malta,39,local council,38.5722353,-94.8791294,2025-05-20 19:18:29.649,1,2025-05-20 19:18:29.649,1,,-05:00:00,-05:00:00,2025-05-20 19:18:29.649,2025-05-20 19:18:29.649
125,Pembroke,135,MT,Malta,40,local council,34.6801626,-79.1950373,2025-05-20 19:18:29.649,1,2025-05-20 19:18:29.649,1,,-05:00:00,-05:00:00,2025-05-20 19:18:29.649,2025-05-20 19:18:29.649
127,Pietà,135,MT,Malta,41,local council,42.21862,-83.734647,2025-05-20 19:18:29.649,1,2025-05-20 19:18:29.649,1,,-05:00:00,-05:00:00,2025-05-20 19:18:29.649,2025-05-20 19:18:29.649
79,Qala,135,MT,Malta,42,local council,36.0388628,14.318101,2025-05-20 19:18:29.649,1,2025-05-20 19:18:29.649,1,,-05:00:00,-05:00:00,2025-05-20 19:18:29.649,2025-05-20 19:18:29.649
119,Qormi,135,MT,Malta,43,local council,35.8764388,14.4694186,2025-05-20 19:18:29.649,1,2025-05-20 19:18:29.649,1,,-05:00:00,-05:00:00,2025-05-20 19:18:29.649,2025-05-20 19:18:29.649
111,Qrendi,135,MT,Malta,44,local council,35.8328488,14.4548621,2025-05-20 19:18:29.649,1,2025-05-20 19:18:29.649,1,,-05:00:00,-05:00:00,2025-05-20 19:18:29.649,2025-05-20 19:18:29.649
83,Rabat,135,MT,Malta,46,local council,33.9715904,-6.8498129,2025-05-20 19:18:29.649,1,2025-05-20 19:18:29.649,1,,-05:00:00,-05:00:00,2025-05-20 19:18:29.649,2025-05-20 19:18:29.649
75,San Ġwann,135,MT,Malta,49,local council,35.9077365,14.4752416,2025-05-20 19:18:29.649,1,2025-05-20 19:18:29.649,1,,-05:00:00,-05:00:00,2025-05-20 19:18:29.649,2025-05-20 19:18:29.649
87,San Lawrenz,135,MT,Malta,50,local council,38.9578056,-95.2565689,2025-05-20 19:18:29.649,1,2025-05-20 19:18:29.649,1,,-05:00:00,-05:00:00,2025-05-20 19:18:29.649,2025-05-20 19:18:29.649
116,Sannat,135,MT,Malta,52,local council,36.0192643,14.2599437,2025-05-20 19:18:29.649,1,2025-05-20 19:18:29.649,1,,-05:00:00,-05:00:00,2025-05-20 19:18:29.649,2025-05-20 19:18:29.649
94,Santa Luċija,135,MT,Malta,53,local council,35.856142,14.50436,2025-05-20 19:18:29.649,1,2025-05-20 19:18:29.649,1,,-05:00:00,-05:00:00,2025-05-20 19:18:29.649,2025-05-20 19:18:29.649
90,Santa Venera,135,MT,Malta,54,local council,35.8902201,14.4766974,2025-05-20 19:18:29.649,1,2025-05-20 19:18:29.649,1,,-05:00:00,-05:00:00,2025-05-20 19:18:29.649,2025-05-20 19:18:29.649
136,Senglea,135,MT,Malta,20,local council,35.8873041,14.5167371,2025-05-20 19:18:29.649,1,2025-05-20 19:18:29.649,1,,-05:00:00,-05:00:00,2025-05-20 19:18:29.649,2025-05-20 19:18:29.649
98,Siġġiewi,135,MT,Malta,55,local council,35.8463742,14.4315746,2025-05-20 19:18:29.649,1,2025-05-20 19:18:29.649,1,,-05:00:00,-05:00:00,2025-05-20 19:18:29.649,2025-05-20 19:18:29.649
104,Sliema,135,MT,Malta,56,local council,35.9110081,14.502904,2025-05-20 19:18:29.649,1,2025-05-20 19:18:29.649,1,,-05:00:00,-05:00:00,2025-05-20 19:18:29.649,2025-05-20 19:18:29.649
100,St. Julian's,135,MT,Malta,48,local council,42.2122513,-85.8917127,2025-05-20 19:18:29.649,1,2025-05-20 19:18:29.649,1,,-05:00:00,-05:00:00,2025-05-20 19:18:29.649,2025-05-20 19:18:29.649
139,St. Paul's Bay,135,MT,Malta,51,local council,35.936017,14.3966503,2025-05-20 19:18:29.649,1,2025-05-20 19:18:29.649,1,,-05:00:00,-05:00:00,2025-05-20 19:18:29.649,2025-05-20 19:18:29.649
86,Swieqi,135,MT,Malta,57,local council,35.9191182,14.4694186,2025-05-20 19:18:29.649,1,2025-05-20 19:18:29.649,1,,-05:00:00,-05:00:00,2025-05-20 19:18:29.649,2025-05-20 19:18:29.649
122,Ta' Xbiex,135,MT,Malta,58,local council,35.8991448,14.4963519,2025-05-20 19:18:29.649,1,2025-05-20 19:18:29.649,1,,-05:00:00,-05:00:00,2025-05-20 19:18:29.649,2025-05-20 19:18:29.649
103,Tarxien,135,MT,Malta,59,local council,35.8672552,14.5116405,2025-05-20 19:18:29.649,1,2025-05-20 19:18:29.649,1,,-05:00:00,-05:00:00,2025-05-20 19:18:29.649,2025-05-20 19:18:29.649
95,Valletta,135,MT,Malta,60,local council,35.8989085,14.5145528,2025-05-20 19:18:29.649,1,2025-05-20 19:18:29.649,1,,-05:00:00,-05:00:00,2025-05-20 19:18:29.649,2025-05-20 19:18:29.649
101,Victoria,135,MT,Malta,45,local council,28.8052674,-97.0035982,2025-05-20 19:18:29.649,1,2025-05-20 19:18:29.649,1,,-05:00:00,-05:00:00,2025-05-20 19:18:29.649,2025-05-20 19:18:29.649
114,Xagħra,135,MT,Malta,61,local council,36.050845,14.267482,2025-05-20 19:18:29.649,1,2025-05-20 19:18:29.649,1,,-05:00:00,-05:00:00,2025-05-20 19:18:29.649,2025-05-20 19:18:29.649
121,Xewkija,135,MT,Malta,62,local council,36.0299236,14.2599437,2025-05-20 19:18:29.649,1,2025-05-20 19:18:29.649,1,,-05:00:00,-05:00:00,2025-05-20 19:18:29.649,2025-05-20 19:18:29.649
81,Xgħajra,135,MT,Malta,63,local council,35.8868282,14.5472391,2025-05-20 19:18:29.649,1,2025-05-20 19:18:29.649,1,,-05:00:00,-05:00:00,2025-05-20 19:18:29.649,2025-05-20 19:18:29.649
123,Żabbar,135,MT,Malta,64,local council,35.8724715,14.5451354,2025-05-20 19:18:29.649,1,2025-05-20 19:18:29.649,1,,-05:00:00,-05:00:00,2025-05-20 19:18:29.649,2025-05-20 19:18:29.649
85,Żebbuġ Gozo,135,MT,Malta,65,local council,36.0716403,14.245408,2025-05-20 19:18:29.649,1,2025-05-20 19:18:29.649,1,,-05:00:00,-05:00:00,2025-05-20 19:18:29.649,2025-05-20 19:18:29.649
80,Żebbuġ Malta,135,MT,Malta,66,local council,35.8764648,14.439084,2025-05-20 19:18:29.649,1,2025-05-20 19:18:29.649,1,,-05:00:00,-05:00:00,2025-05-20 19:18:29.649,2025-05-20 19:18:29.649
135,Żejtun,135,MT,Malta,67,local council,35.8548714,14.5363969,2025-05-20 19:18:29.649,1,2025-05-20 19:18:29.649,1,,-05:00:00,-05:00:00,2025-05-20 19:18:29.649,2025-05-20 19:18:29.649
76,Żurrieq,135,MT,Malta,68,local council,35.8216306,14.4810648,2025-05-20 19:18:29.649,1,2025-05-20 19:18:29.649,1,,-05:00:00,-05:00:00,2025-05-20 19:18:29.649,2025-05-20 19:18:29.649
5303,Ayre,136,IM,Man (Isle of),1,sheadings,54.3297577,-4.6025879,2025-05-20 19:18:29.649,1,2025-05-20 19:18:29.649,1,,-05:00:00,-05:00:00,2025-05-20 19:18:29.649,2025-05-20 19:18:29.649
5304,Garff,136,IM,Man (Isle of),2,sheadings,54.256872,-4.5547307,2025-05-20 19:18:29.649,1,2025-05-20 19:18:29.649,1,,-05:00:00,-05:00:00,2025-05-20 19:18:29.649,2025-05-20 19:18:29.649
5305,Glenfaba,136,IM,Man (Isle of),3,sheadings,54.1985534,-4.8131407,2025-05-20 19:18:29.649,1,2025-05-20 19:18:29.649,1,,-05:00:00,-05:00:00,2025-05-20 19:18:29.649,2025-05-20 19:18:29.649
5306,Michael,136,IM,Man (Isle of),4,sheadings,54.2742778,-4.6427325,2025-05-20 19:18:29.649,1,2025-05-20 19:18:29.649,1,,-05:00:00,-05:00:00,2025-05-20 19:18:29.649,2025-05-20 19:18:29.649
5307,Middle,136,IM,Man (Isle of),5,sheadings,54.1777052,-4.8106436,2025-05-20 19:18:29.649,1,2025-05-20 19:18:29.649,1,,-05:00:00,-05:00:00,2025-05-20 19:18:29.649,2025-05-20 19:18:29.649
5308,Rushen,136,IM,Man (Isle of),6,sheadings,54.0957406,-4.8283517,2025-05-20 19:18:29.649,1,2025-05-20 19:18:29.649,1,,-05:00:00,-05:00:00,2025-05-20 19:18:29.649,2025-05-20 19:18:29.649
2574,Ralik,137,MH,Marshall Islands,L,chain,8.136146,164.8867956,2025-05-20 19:18:29.649,1,2025-05-20 19:18:29.649,1,,-05:00:00,-05:00:00,2025-05-20 19:18:29.649,2025-05-20 19:18:29.649
2573,Ratak,137,MH,Marshall Islands,T,chain,10.2763276,170.5500937,2025-05-20 19:18:29.649,1,2025-05-20 19:18:29.649,1,,-05:00:00,-05:00:00,2025-05-20 19:18:29.649,2025-05-20 19:18:29.649
5398,Fort-de-France,138,MQ,Martinique,1,district,14.6434995,-61.1143189,2025-05-20 19:18:29.649,1,2025-05-20 19:18:29.649,1,,-05:00:00,-05:00:00,2025-05-20 19:18:29.649,2025-05-20 19:18:29.649
5399,La Trinité,138,MQ,Martinique,2,district,14.7551949,-61.2028197,2025-05-20 19:18:29.649,1,2025-05-20 19:18:29.649,1,,-05:00:00,-05:00:00,2025-05-20 19:18:29.649,2025-05-20 19:18:29.649
5400,Le Marin,138,MQ,Martinique,3,district,14.5220581,-61.1201197,2025-05-20 19:18:29.649,1,2025-05-20 19:18:29.649,1,,-05:00:00,-05:00:00,2025-05-20 19:18:29.649,2025-05-20 19:18:29.649
5401,Saint-Pierre,138,MQ,Martinique,4,district,14.745052,-61.2363184,2025-05-20 19:18:29.649,1,2025-05-20 19:18:29.649,1,,-05:00:00,-05:00:00,2025-05-20 19:18:29.649,2025-05-20 19:18:29.649
3344,Adrar,139,MR,Mauritania,7,region,19.8652176,-12.8054753,2025-05-20 19:18:29.649,1,2025-05-20 19:18:29.649,1,,-05:00:00,-05:00:00,2025-05-20 19:18:29.649,2025-05-20 19:18:29.649
3349,Assaba,139,MR,Mauritania,3,region,16.7759558,-11.5248055,2025-05-20 19:18:29.649,1,2025-05-20 19:18:29.649,1,,-05:00:00,-05:00:00,2025-05-20 19:18:29.649,2025-05-20 19:18:29.649
3339,Brakna,139,MR,Mauritania,5,region,17.2317561,-13.1740348,2025-05-20 19:18:29.649,1,2025-05-20 19:18:29.649,1,,-05:00:00,-05:00:00,2025-05-20 19:18:29.649,2025-05-20 19:18:29.649
3346,Dakhlet Nouadhibou,139,MR,Mauritania,8,region,20.5985588,-16.2522143,2025-05-20 19:18:29.649,1,2025-05-20 19:18:29.649,1,,-05:00:00,-05:00:00,2025-05-20 19:18:29.649,2025-05-20 19:18:29.649
3341,Gorgol,139,MR,Mauritania,4,region,15.9717357,-12.6216211,2025-05-20 19:18:29.649,1,2025-05-20 19:18:29.649,1,,-05:00:00,-05:00:00,2025-05-20 19:18:29.649,2025-05-20 19:18:29.649
3350,Guidimaka,139,MR,Mauritania,10,region,15.2557331,-12.2547919,2025-05-20 19:18:29.649,1,2025-05-20 19:18:29.649,1,,-05:00:00,-05:00:00,2025-05-20 19:18:29.649,2025-05-20 19:18:29.649
3338,Hodh Ech Chargui,139,MR,Mauritania,1,region,18.6737026,-7.092877,2025-05-20 19:18:29.649,1,2025-05-20 19:18:29.649,1,,-05:00:00,-05:00:00,2025-05-20 19:18:29.649,2025-05-20 19:18:29.649
3351,Hodh El Gharbi,139,MR,Mauritania,2,region,16.6912149,-9.5450974,2025-05-20 19:18:29.649,1,2025-05-20 19:18:29.649,1,,-05:00:00,-05:00:00,2025-05-20 19:18:29.649,2025-05-20 19:18:29.649
3342,Inchiri,139,MR,Mauritania,12,region,20.0280561,-15.4068079,2025-05-20 19:18:29.649,1,2025-05-20 19:18:29.649,1,,-05:00:00,-05:00:00,2025-05-20 19:18:29.649,2025-05-20 19:18:29.649
3343,Nouakchott-Nord,139,MR,Mauritania,14,region,18.1130205,-15.8994956,2025-05-20 19:18:29.649,1,2025-05-20 19:18:29.649,1,,-05:00:00,-05:00:00,2025-05-20 19:18:29.649,2025-05-20 19:18:29.649
3352,Nouakchott-Ouest,139,MR,Mauritania,13,region,18.1511357,-15.993491,2025-05-20 19:18:29.649,1,2025-05-20 19:18:29.649,1,,-05:00:00,-05:00:00,2025-05-20 19:18:29.649,2025-05-20 19:18:29.649
3347,Nouakchott-Sud,139,MR,Mauritania,15,region,17.9709288,-15.9464874,2025-05-20 19:18:29.649,1,2025-05-20 19:18:29.649,1,,-05:00:00,-05:00:00,2025-05-20 19:18:29.649,2025-05-20 19:18:29.649
3345,Tagant,139,MR,Mauritania,9,region,18.5467527,-9.9018131,2025-05-20 19:18:29.649,1,2025-05-20 19:18:29.649,1,,-05:00:00,-05:00:00,2025-05-20 19:18:29.649,2025-05-20 19:18:29.649
3340,Tiris Zemmour,139,MR,Mauritania,11,region,24.5773764,-9.9018131,2025-05-20 19:18:29.649,1,2025-05-20 19:18:29.649,1,,-05:00:00,-05:00:00,2025-05-20 19:18:29.649,2025-05-20 19:18:29.649
3348,Trarza,139,MR,Mauritania,6,region,17.8664964,-14.6587821,2025-05-20 19:18:29.649,1,2025-05-20 19:18:29.649,1,,-05:00:00,-05:00:00,2025-05-20 19:18:29.649,2025-05-20 19:18:29.649
3248,Agalega Islands,140,MU,Mauritius,AG,dependency,-10.4,56.6166667,2025-05-20 19:18:29.649,1,2025-05-20 19:18:29.649,1,,-05:00:00,-05:00:00,2025-05-20 19:18:29.649,2025-05-20 19:18:29.649
3259,Black River,140,MU,Mauritius,BL,district,-20.3708492,57.3948649,2025-05-20 19:18:29.649,1,2025-05-20 19:18:29.649,1,,-05:00:00,-05:00:00,2025-05-20 19:18:29.649,2025-05-20 19:18:29.649
3254,Flacq,140,MU,Mauritius,FL,district,-20.2257836,57.7119274,2025-05-20 19:18:29.649,1,2025-05-20 19:18:29.649,1,,-05:00:00,-05:00:00,2025-05-20 19:18:29.649,2025-05-20 19:18:29.649
3264,Grand Port,140,MU,Mauritius,GP,district,-20.3851546,57.6665742,2025-05-20 19:18:29.649,1,2025-05-20 19:18:29.649,1,,-05:00:00,-05:00:00,2025-05-20 19:18:29.649,2025-05-20 19:18:29.649
3253,Moka,140,MU,Mauritius,MO,district,-20.2399782,57.575926,2025-05-20 19:18:29.649,1,2025-05-20 19:18:29.649,1,,-05:00:00,-05:00:00,2025-05-20 19:18:29.649,2025-05-20 19:18:29.649
3250,Pamplemousses,140,MU,Mauritius,PA,district,-20.1136008,57.575926,2025-05-20 19:18:29.649,1,2025-05-20 19:18:29.649,1,,-05:00:00,-05:00:00,2025-05-20 19:18:29.649,2025-05-20 19:18:29.649
3263,Plaines Wilhems,140,MU,Mauritius,PW,district,-20.3054872,57.4853561,2025-05-20 19:18:29.649,1,2025-05-20 19:18:29.649,1,,-05:00:00,-05:00:00,2025-05-20 19:18:29.649,2025-05-20 19:18:29.649
3260,Port Louis,140,MU,Mauritius,PL,district,-20.1608912,57.5012222,2025-05-20 19:18:29.649,1,2025-05-20 19:18:29.649,1,,-05:00:00,-05:00:00,2025-05-20 19:18:29.649,2025-05-20 19:18:29.649
3261,Rivière du Rempart,140,MU,Mauritius,RR,district,-20.0560983,57.6552389,2025-05-20 19:18:29.649,1,2025-05-20 19:18:29.649,1,,-05:00:00,-05:00:00,2025-05-20 19:18:29.649,2025-05-20 19:18:29.649
3249,Rodrigues Island,140,MU,Mauritius,RO,dependency,-19.7245385,63.4272185,2025-05-20 19:18:29.649,1,2025-05-20 19:18:29.649,1,,-05:00:00,-05:00:00,2025-05-20 19:18:29.649,2025-05-20 19:18:29.649
3251,Saint Brandon Islands,140,MU,Mauritius,CC,dependency,-16.583333,59.616667,2025-05-20 19:18:29.649,1,2025-05-20 19:18:29.649,1,,-05:00:00,-05:00:00,2025-05-20 19:18:29.649,2025-05-20 19:18:29.649
3257,Savanne,140,MU,Mauritius,SA,district,-20.473953,57.4853561,2025-05-20 19:18:29.649,1,2025-05-20 19:18:29.649,1,,-05:00:00,-05:00:00,2025-05-20 19:18:29.649,2025-05-20 19:18:29.649
5415,Acoua,141,YT,Mayotte,14,commune,-12.7249126,45.0265961,2025-05-20 19:18:29.649,1,2025-05-20 19:18:29.649,1,,-05:00:00,-05:00:00,2025-05-20 19:18:29.649,2025-05-20 19:18:29.649
5417,Bandraboua,141,YT,Mayotte,16,commune,-12.7175686,45.0825619,2025-05-20 19:18:29.649,1,2025-05-20 19:18:29.649,1,,-05:00:00,-05:00:00,2025-05-20 19:18:29.649,2025-05-20 19:18:29.649
5406,Bandrélé,141,YT,Mayotte,5,commune,-12.9338049,45.1463472,2025-05-20 19:18:29.649,1,2025-05-20 19:18:29.649,1,,-05:00:00,-05:00:00,2025-05-20 19:18:29.649,2025-05-20 19:18:29.649
5408,Boueni,141,YT,Mayotte,7,commune,-12.9303566,45.0574737,2025-05-20 19:18:29.649,1,2025-05-20 19:18:29.649,1,,-05:00:00,-05:00:00,2025-05-20 19:18:29.649,2025-05-20 19:18:29.649
5412,Chiconi,141,YT,Mayotte,11,commune,-12.8322032,45.1025122,2025-05-20 19:18:29.649,1,2025-05-20 19:18:29.649,1,,-05:00:00,-05:00:00,2025-05-20 19:18:29.649,2025-05-20 19:18:29.649
5409,Chirongui,141,YT,Mayotte,8,commune,-12.9175233,45.1019678,2025-05-20 19:18:29.649,1,2025-05-20 19:18:29.649,1,,-05:00:00,-05:00:00,2025-05-20 19:18:29.649,2025-05-20 19:18:29.649
5405,Dembeni,141,YT,Mayotte,4,commune,-12.8530029,45.1392512,2025-05-20 19:18:29.649,1,2025-05-20 19:18:29.649,1,,-05:00:00,-05:00:00,2025-05-20 19:18:29.649,2025-05-20 19:18:29.649
5402,Dzaoudzi,141,YT,Mayotte,1,commune,-12.7760651,45.2563246,2025-05-20 19:18:29.649,1,2025-05-20 19:18:29.649,1,,-05:00:00,-05:00:00,2025-05-20 19:18:29.649,2025-05-20 19:18:29.649
5407,Kani Keli,141,YT,Mayotte,6,commune,-12.974645,45.0795143,2025-05-20 19:18:29.649,1,2025-05-20 19:18:29.649,1,,-05:00:00,-05:00:00,2025-05-20 19:18:29.649,2025-05-20 19:18:29.649
5418,Koungou,141,YT,Mayotte,17,commune,-12.7416823,45.1499871,2025-05-20 19:18:29.649,1,2025-05-20 19:18:29.649,1,,-05:00:00,-05:00:00,2025-05-20 19:18:29.649,2025-05-20 19:18:29.649
5414,M'Tsangamouji,141,YT,Mayotte,13,commune,-12.7550088,45.0432792,2025-05-20 19:18:29.649,1,2025-05-20 19:18:29.649,1,,-05:00:00,-05:00:00,2025-05-20 19:18:29.649,2025-05-20 19:18:29.649
5404,Mamoudzou,141,YT,Mayotte,3,commune,-12.7875052,45.1552201,2025-05-20 19:18:29.649,1,2025-05-20 19:18:29.649,1,,-05:00:00,-05:00:00,2025-05-20 19:18:29.649,2025-05-20 19:18:29.649
5416,Mtsamboro,141,YT,Mayotte,15,commune,-12.676258,45.0215201,2025-05-20 19:18:29.649,1,2025-05-20 19:18:29.649,1,,-05:00:00,-05:00:00,2025-05-20 19:18:29.649,2025-05-20 19:18:29.649
5411,Ouangani,141,YT,Mayotte,10,commune,-12.8392508,45.0971617,2025-05-20 19:18:29.649,1,2025-05-20 19:18:29.649,1,,-05:00:00,-05:00:00,2025-05-20 19:18:29.649,2025-05-20 19:18:29.649
5403,Pamandzi,141,YT,Mayotte,2,commune,-12.8009693,45.2636132,2025-05-20 19:18:29.649,1,2025-05-20 19:18:29.649,1,,-05:00:00,-05:00:00,2025-05-20 19:18:29.649,2025-05-20 19:18:29.649
5410,Sada,141,YT,Mayotte,9,commune,-12.8642439,45.0722404,2025-05-20 19:18:29.649,1,2025-05-20 19:18:29.649,1,,-05:00:00,-05:00:00,2025-05-20 19:18:29.649,2025-05-20 19:18:29.649
5413,Tsingoni,141,YT,Mayotte,12,commune,-12.7823696,45.0922,2025-05-20 19:18:29.649,1,2025-05-20 19:18:29.649,1,,-05:00:00,-05:00:00,2025-05-20 19:18:29.649,2025-05-20 19:18:29.649
3456,Aguascalientes,142,MX,Mexico,AGU,state,21.8852562,-102.2915677,2025-05-20 19:18:29.649,1,2025-05-20 19:18:29.649,1,,-05:00:00,-05:00:00,2025-05-20 19:18:29.649,2025-05-20 19:18:29.649
3457,Baja California,142,MX,Mexico,BCN,state,30.8406338,-115.2837585,2025-05-20 19:18:29.649,1,2025-05-20 19:18:29.649,1,,-05:00:00,-05:00:00,2025-05-20 19:18:29.649,2025-05-20 19:18:29.649
3460,Baja California Sur,142,MX,Mexico,BCS,state,26.0444446,-111.6660725,2025-05-20 19:18:29.649,1,2025-05-20 19:18:29.649,1,,-05:00:00,-05:00:00,2025-05-20 19:18:29.649,2025-05-20 19:18:29.649
3475,Campeche,142,MX,Mexico,CAM,state,19.8301251,-90.5349087,2025-05-20 19:18:29.649,1,2025-05-20 19:18:29.649,1,,-05:00:00,-05:00:00,2025-05-20 19:18:29.649,2025-05-20 19:18:29.649
3451,Chiapas,142,MX,Mexico,CHP,state,16.7569318,-93.1292353,2025-05-20 19:18:29.649,1,2025-05-20 19:18:29.649,1,,-05:00:00,-05:00:00,2025-05-20 19:18:29.649,2025-05-20 19:18:29.649
3447,Chihuahua,142,MX,Mexico,CHH,state,28.6329957,-106.0691004,2025-05-20 19:18:29.649,1,2025-05-20 19:18:29.649,1,,-05:00:00,-05:00:00,2025-05-20 19:18:29.649,2025-05-20 19:18:29.649
3473,Ciudad de México,142,MX,Mexico,CMX,federal district,19.4326077,-99.133208,2025-05-20 19:18:29.649,1,2025-05-20 19:18:29.649,1,,-05:00:00,-05:00:00,2025-05-20 19:18:29.649,2025-05-20 19:18:29.649
3471,Coahuila de Zaragoza,142,MX,Mexico,COA,state,27.058676,-101.7068294,2025-05-20 19:18:29.649,1,2025-05-20 19:18:29.649,1,,-05:00:00,-05:00:00,2025-05-20 19:18:29.649,2025-05-20 19:18:29.649
3472,Colima,142,MX,Mexico,COL,state,19.2452342,-103.7240868,2025-05-20 19:18:29.649,1,2025-05-20 19:18:29.649,1,,-05:00:00,-05:00:00,2025-05-20 19:18:29.649,2025-05-20 19:18:29.649
3453,Durango,142,MX,Mexico,DUR,state,37.27528,-107.8800667,2025-05-20 19:18:29.649,1,2025-05-20 19:18:29.649,1,,-05:00:00,-05:00:00,2025-05-20 19:18:29.649,2025-05-20 19:18:29.649
3450,Estado de México,142,MX,Mexico,MEX,state,23.634501,-102.552784,2025-05-20 19:18:29.649,1,2025-05-20 19:18:29.649,1,,-05:00:00,-05:00:00,2025-05-20 19:18:29.649,2025-05-20 19:18:29.649
3469,Guanajuato,142,MX,Mexico,GUA,state,21.0190145,-101.2573586,2025-05-20 19:18:29.649,1,2025-05-20 19:18:29.649,1,,-05:00:00,-05:00:00,2025-05-20 19:18:29.649,2025-05-20 19:18:29.649
3459,Guerrero,142,MX,Mexico,GRO,state,17.4391926,-99.5450974,2025-05-20 19:18:29.649,1,2025-05-20 19:18:29.649,1,,-05:00:00,-05:00:00,2025-05-20 19:18:29.649,2025-05-20 19:18:29.649
3470,Hidalgo,142,MX,Mexico,HID,state,26.1003547,-98.2630684,2025-05-20 19:18:29.649,1,2025-05-20 19:18:29.649,1,,-05:00:00,-05:00:00,2025-05-20 19:18:29.649,2025-05-20 19:18:29.649
4857,Jalisco,142,MX,Mexico,JAL,state,20.6595382,-103.3494376,2025-05-20 19:18:29.649,1,2025-05-20 19:18:29.649,1,,-05:00:00,-05:00:00,2025-05-20 19:18:29.649,2025-05-20 19:18:29.649
3474,Michoacán de Ocampo,142,MX,Mexico,MIC,state,19.5665192,-101.7068294,2025-05-20 19:18:29.649,1,2025-05-20 19:18:29.649,1,,-05:00:00,-05:00:00,2025-05-20 19:18:29.649,2025-05-20 19:18:29.649
3465,Morelos,142,MX,Mexico,MOR,state,18.6813049,-99.1013498,2025-05-20 19:18:29.649,1,2025-05-20 19:18:29.649,1,,-05:00:00,-05:00:00,2025-05-20 19:18:29.649,2025-05-20 19:18:29.649
3477,Nayarit,142,MX,Mexico,NAY,state,21.7513844,-104.8454619,2025-05-20 19:18:29.649,1,2025-05-20 19:18:29.649,1,,-05:00:00,-05:00:00,2025-05-20 19:18:29.649,2025-05-20 19:18:29.649
3452,Nuevo León,142,MX,Mexico,NLE,state,25.592172,-99.9961947,2025-05-20 19:18:29.649,1,2025-05-20 19:18:29.649,1,,-05:00:00,-05:00:00,2025-05-20 19:18:29.649,2025-05-20 19:18:29.649
3448,Oaxaca,142,MX,Mexico,OAX,state,17.0731842,-96.7265889,2025-05-20 19:18:29.649,1,2025-05-20 19:18:29.649,1,,-05:00:00,-05:00:00,2025-05-20 19:18:29.649,2025-05-20 19:18:29.649
3476,Puebla,142,MX,Mexico,PUE,state,19.0414398,-98.2062727,2025-05-20 19:18:29.649,1,2025-05-20 19:18:29.649,1,,-05:00:00,-05:00:00,2025-05-20 19:18:29.649,2025-05-20 19:18:29.649
3455,Querétaro,142,MX,Mexico,QUE,state,20.5887932,-100.3898881,2025-05-20 19:18:29.649,1,2025-05-20 19:18:29.649,1,,-05:00:00,-05:00:00,2025-05-20 19:18:29.649,2025-05-20 19:18:29.649
3467,Quintana Roo,142,MX,Mexico,ROO,state,19.1817393,-88.4791376,2025-05-20 19:18:29.649,1,2025-05-20 19:18:29.649,1,,-05:00:00,-05:00:00,2025-05-20 19:18:29.649,2025-05-20 19:18:29.649
3461,San Luis Potosí,142,MX,Mexico,SLP,state,22.1564699,-100.9855409,2025-05-20 19:18:29.649,1,2025-05-20 19:18:29.649,1,,-05:00:00,-05:00:00,2025-05-20 19:18:29.649,2025-05-20 19:18:29.649
3449,Sinaloa,142,MX,Mexico,SIN,state,25.1721091,-107.4795173,2025-05-20 19:18:29.649,1,2025-05-20 19:18:29.649,1,,-05:00:00,-05:00:00,2025-05-20 19:18:29.649,2025-05-20 19:18:29.649
3468,Sonora,142,MX,Mexico,SON,state,37.9829496,-120.3821724,2025-05-20 19:18:29.649,1,2025-05-20 19:18:29.649,1,,-05:00:00,-05:00:00,2025-05-20 19:18:29.649,2025-05-20 19:18:29.649
3454,Tabasco,142,MX,Mexico,TAB,state,17.8409173,-92.6189273,2025-05-20 19:18:29.649,1,2025-05-20 19:18:29.649,1,,-05:00:00,-05:00:00,2025-05-20 19:18:29.649,2025-05-20 19:18:29.649
3463,Tamaulipas,142,MX,Mexico,TAM,state,24.26694,-98.8362755,2025-05-20 19:18:29.649,1,2025-05-20 19:18:29.649,1,,-05:00:00,-05:00:00,2025-05-20 19:18:29.649,2025-05-20 19:18:29.649
3458,Tlaxcala,142,MX,Mexico,TLA,state,19.318154,-98.2374954,2025-05-20 19:18:29.649,1,2025-05-20 19:18:29.649,1,,-05:00:00,-05:00:00,2025-05-20 19:18:29.649,2025-05-20 19:18:29.649
3464,Veracruz de Ignacio de la Llave,142,MX,Mexico,VER,state,19.173773,-96.1342241,2025-05-20 19:18:29.649,1,2025-05-20 19:18:29.649,1,,-05:00:00,-05:00:00,2025-05-20 19:18:29.649,2025-05-20 19:18:29.649
3466,Yucatán,142,MX,Mexico,YUC,state,20.7098786,-89.0943377,2025-05-20 19:18:29.649,1,2025-05-20 19:18:29.649,1,,-05:00:00,-05:00:00,2025-05-20 19:18:29.649,2025-05-20 19:18:29.649
3462,Zacatecas,142,MX,Mexico,ZAC,state,22.7708555,-102.5832426,2025-05-20 19:18:29.649,1,2025-05-20 19:18:29.649,1,,-05:00:00,-05:00:00,2025-05-20 19:18:29.649,2025-05-20 19:18:29.649
2580,Chuuk,143,FM,Micronesia,TRK,state,7.1386759,151.5593065,2025-05-20 19:18:29.649,1,2025-05-20 19:18:29.649,1,,-05:00:00,-05:00:00,2025-05-20 19:18:29.649,2025-05-20 19:18:29.649
2583,Kosrae,143,FM,Micronesia,KSA,state,5.3095618,162.9814877,2025-05-20 19:18:29.649,1,2025-05-20 19:18:29.649,1,,-05:00:00,-05:00:00,2025-05-20 19:18:29.649,2025-05-20 19:18:29.649
2581,Pohnpei,143,FM,Micronesia,PNI,state,6.8541254,158.2623822,2025-05-20 19:18:29.649,1,2025-05-20 19:18:29.649,1,,-05:00:00,-05:00:00,2025-05-20 19:18:29.649,2025-05-20 19:18:29.649
2582,Yap,143,FM,Micronesia,YAP,state,8.671649,142.8439335,2025-05-20 19:18:29.649,1,2025-05-20 19:18:29.649,1,,-05:00:00,-05:00:00,2025-05-20 19:18:29.649,2025-05-20 19:18:29.649
4368,Anenii Noi,144,MD,Moldova,AN,district,46.8795663,29.2312175,2025-05-20 19:18:29.649,1,2025-05-20 19:18:29.649,1,,-05:00:00,-05:00:00,2025-05-20 19:18:29.649,2025-05-20 19:18:29.649
4393,Bălți,144,MD,Moldova,BA,city,47.7539947,27.9184148,2025-05-20 19:18:29.649,1,2025-05-20 19:18:29.649,1,,-05:00:00,-05:00:00,2025-05-20 19:18:29.649,2025-05-20 19:18:29.649
4379,Basarabeasca,144,MD,Moldova,BS,district,46.423706,28.8935492,2025-05-20 19:18:29.649,1,2025-05-20 19:18:29.649,1,,-05:00:00,-05:00:00,2025-05-20 19:18:29.649,2025-05-20 19:18:29.649
4362,Bender,144,MD,Moldova,BD,city,46.8227551,29.4620101,2025-05-20 19:18:29.649,1,2025-05-20 19:18:29.649,1,,-05:00:00,-05:00:00,2025-05-20 19:18:29.649,2025-05-20 19:18:29.649
4375,Briceni,144,MD,Moldova,BR,district,48.3632022,27.0750398,2025-05-20 19:18:29.649,1,2025-05-20 19:18:29.649,1,,-05:00:00,-05:00:00,2025-05-20 19:18:29.649,2025-05-20 19:18:29.649
4391,Cahul,144,MD,Moldova,CA,district,45.8939404,28.1890275,2025-05-20 19:18:29.649,1,2025-05-20 19:18:29.649,1,,-05:00:00,-05:00:00,2025-05-20 19:18:29.649,2025-05-20 19:18:29.649
4366,Călărași,144,MD,Moldova,CL,district,47.286946,28.274531,2025-05-20 19:18:29.649,1,2025-05-20 19:18:29.649,1,,-05:00:00,-05:00:00,2025-05-20 19:18:29.649,2025-05-20 19:18:29.649
4380,Cantemir,144,MD,Moldova,CT,district,46.2771742,28.2009653,2025-05-20 19:18:29.649,1,2025-05-20 19:18:29.649,1,,-05:00:00,-05:00:00,2025-05-20 19:18:29.649,2025-05-20 19:18:29.649
4365,Căușeni,144,MD,Moldova,CS,district,46.6554715,29.4091222,2025-05-20 19:18:29.649,1,2025-05-20 19:18:29.649,1,,-05:00:00,-05:00:00,2025-05-20 19:18:29.649,2025-05-20 19:18:29.649
4373,Chișinău,144,MD,Moldova,CU,city,47.0104529,28.8638102,2025-05-20 19:18:29.649,1,2025-05-20 19:18:29.649,1,,-05:00:00,-05:00:00,2025-05-20 19:18:29.649,2025-05-20 19:18:29.649
4360,Cimișlia,144,MD,Moldova,CM,district,46.5250851,28.7721835,2025-05-20 19:18:29.649,1,2025-05-20 19:18:29.649,1,,-05:00:00,-05:00:00,2025-05-20 19:18:29.649,2025-05-20 19:18:29.649
4390,Criuleni,144,MD,Moldova,CR,district,47.2136114,29.1557519,2025-05-20 19:18:29.649,1,2025-05-20 19:18:29.649,1,,-05:00:00,-05:00:00,2025-05-20 19:18:29.649,2025-05-20 19:18:29.649
4384,Dondușeni,144,MD,Moldova,DO,district,48.2338305,27.5998087,2025-05-20 19:18:29.649,1,2025-05-20 19:18:29.649,1,,-05:00:00,-05:00:00,2025-05-20 19:18:29.649,2025-05-20 19:18:29.649
4392,Drochia,144,MD,Moldova,DR,district,48.0797788,27.8604114,2025-05-20 19:18:29.649,1,2025-05-20 19:18:29.649,1,,-05:00:00,-05:00:00,2025-05-20 19:18:29.649,2025-05-20 19:18:29.649
4383,Dubăsari,144,MD,Moldova,DU,district,47.2643942,29.1550348,2025-05-20 19:18:29.649,1,2025-05-20 19:18:29.649,1,,-05:00:00,-05:00:00,2025-05-20 19:18:29.649,2025-05-20 19:18:29.649
4387,Edineț,144,MD,Moldova,ED,district,48.1678991,27.2936143,2025-05-20 19:18:29.649,1,2025-05-20 19:18:29.649,1,,-05:00:00,-05:00:00,2025-05-20 19:18:29.649,2025-05-20 19:18:29.649
4381,Fălești,144,MD,Moldova,FA,district,47.5647725,27.7265593,2025-05-20 19:18:29.649,1,2025-05-20 19:18:29.649,1,,-05:00:00,-05:00:00,2025-05-20 19:18:29.649,2025-05-20 19:18:29.649
4370,Florești,144,MD,Moldova,FL,district,47.8667849,28.3391864,2025-05-20 19:18:29.649,1,2025-05-20 19:18:29.649,1,,-05:00:00,-05:00:00,2025-05-20 19:18:29.649,2025-05-20 19:18:29.649
4385,Gagauzia,144,MD,Moldova,GA,autonomous territorial unit,46.0979435,28.6384645,2025-05-20 19:18:29.649,1,2025-05-20 19:18:29.649,1,,-05:00:00,-05:00:00,2025-05-20 19:18:29.649,2025-05-20 19:18:29.649
4367,Glodeni,144,MD,Moldova,GL,district,47.7790156,27.516801,2025-05-20 19:18:29.649,1,2025-05-20 19:18:29.649,1,,-05:00:00,-05:00:00,2025-05-20 19:18:29.649,2025-05-20 19:18:29.649
4382,Hîncești,144,MD,Moldova,HI,district,46.8281147,28.5850889,2025-05-20 19:18:29.649,1,2025-05-20 19:18:29.649,1,,-05:00:00,-05:00:00,2025-05-20 19:18:29.649,2025-05-20 19:18:29.649
4369,Ialoveni,144,MD,Moldova,IA,district,46.863086,28.8234218,2025-05-20 19:18:29.649,1,2025-05-20 19:18:29.649,1,,-05:00:00,-05:00:00,2025-05-20 19:18:29.649,2025-05-20 19:18:29.649
4363,Nisporeni,144,MD,Moldova,NI,district,47.0751349,28.1768155,2025-05-20 19:18:29.649,1,2025-05-20 19:18:29.649,1,,-05:00:00,-05:00:00,2025-05-20 19:18:29.649,2025-05-20 19:18:29.649
4389,Ocnița,144,MD,Moldova,OC,district,48.4110435,27.4768092,2025-05-20 19:18:29.649,1,2025-05-20 19:18:29.649,1,,-05:00:00,-05:00:00,2025-05-20 19:18:29.649,2025-05-20 19:18:29.649
4361,Orhei,144,MD,Moldova,OR,district,47.38604,28.8303082,2025-05-20 19:18:29.649,1,2025-05-20 19:18:29.649,1,,-05:00:00,-05:00:00,2025-05-20 19:18:29.649,2025-05-20 19:18:29.649
4394,Rezina,144,MD,Moldova,RE,district,47.7180447,28.8871024,2025-05-20 19:18:29.649,1,2025-05-20 19:18:29.649,1,,-05:00:00,-05:00:00,2025-05-20 19:18:29.649,2025-05-20 19:18:29.649
4376,Rîșcani,144,MD,Moldova,RI,district,47.9070153,27.5374996,2025-05-20 19:18:29.649,1,2025-05-20 19:18:29.649,1,,-05:00:00,-05:00:00,2025-05-20 19:18:29.649,2025-05-20 19:18:29.649
4364,Sîngerei,144,MD,Moldova,SI,district,47.6389134,28.1371816,2025-05-20 19:18:29.649,1,2025-05-20 19:18:29.649,1,,-05:00:00,-05:00:00,2025-05-20 19:18:29.649,2025-05-20 19:18:29.649
4388,Șoldănești,144,MD,Moldova,SD,district,47.8147389,28.7889586,2025-05-20 19:18:29.649,1,2025-05-20 19:18:29.649,1,,-05:00:00,-05:00:00,2025-05-20 19:18:29.649,2025-05-20 19:18:29.649
4374,Soroca,144,MD,Moldova,SO,district,48.1549743,28.2870783,2025-05-20 19:18:29.649,1,2025-05-20 19:18:29.649,1,,-05:00:00,-05:00:00,2025-05-20 19:18:29.649,2025-05-20 19:18:29.649
4378,Ștefan Vodă,144,MD,Moldova,SV,district,46.5540488,29.702242,2025-05-20 19:18:29.649,1,2025-05-20 19:18:29.649,1,,-05:00:00,-05:00:00,2025-05-20 19:18:29.649,2025-05-20 19:18:29.649
4377,Strășeni,144,MD,Moldova,ST,district,47.1450267,28.6136736,2025-05-20 19:18:29.649,1,2025-05-20 19:18:29.649,1,,-05:00:00,-05:00:00,2025-05-20 19:18:29.649,2025-05-20 19:18:29.649
4372,Taraclia,144,MD,Moldova,TA,district,45.898651,28.6671644,2025-05-20 19:18:29.649,1,2025-05-20 19:18:29.649,1,,-05:00:00,-05:00:00,2025-05-20 19:18:29.649,2025-05-20 19:18:29.649
4371,Telenești,144,MD,Moldova,TE,district,47.4983962,28.3676019,2025-05-20 19:18:29.649,1,2025-05-20 19:18:29.649,1,,-05:00:00,-05:00:00,2025-05-20 19:18:29.649,2025-05-20 19:18:29.649
4395,Transnistria,144,MD,Moldova,SN,territorial unit,47.2152972,29.4638054,2025-05-20 19:18:29.649,1,2025-05-20 19:18:29.649,1,,-05:00:00,-05:00:00,2025-05-20 19:18:29.649,2025-05-20 19:18:29.649
4386,Ungheni,144,MD,Moldova,UN,district,47.2305767,27.7892661,2025-05-20 19:18:29.649,1,2025-05-20 19:18:29.649,1,,-05:00:00,-05:00:00,2025-05-20 19:18:29.649,2025-05-20 19:18:29.649
4917,La Colle,145,MC,Monaco,CL,quarter,43.7327465,7.4137276,2025-05-20 19:18:29.649,1,2025-05-20 19:18:29.649,1,,-05:00:00,-05:00:00,2025-05-20 19:18:29.649,2025-05-20 19:18:29.649
4918,La Condamine,145,MC,Monaco,CO,quarter,43.7350665,7.419906,2025-05-20 19:18:29.649,1,2025-05-20 19:18:29.649,1,,-05:00:00,-05:00:00,2025-05-20 19:18:29.649,2025-05-20 19:18:29.649
4919,Moneghetti,145,MC,Monaco,MG,quarter,43.7364927,7.4153383,2025-05-20 19:18:29.649,1,2025-05-20 19:18:29.649,1,,-05:00:00,-05:00:00,2025-05-20 19:18:29.649,2025-05-20 19:18:29.649
1973,Arkhangai,146,MN,Mongolia,73,province,47.8971101,100.7240165,2025-05-20 19:18:29.649,1,2025-05-20 19:18:29.649,1,,-05:00:00,-05:00:00,2025-05-20 19:18:29.649,2025-05-20 19:18:29.649
1969,Bayan-Ölgii,146,MN,Mongolia,71,province,48.3983254,89.6625915,2025-05-20 19:18:29.649,1,2025-05-20 19:18:29.649,1,,-05:00:00,-05:00:00,2025-05-20 19:18:29.649,2025-05-20 19:18:29.649
1976,Bayankhongor,146,MN,Mongolia,69,province,45.1526707,100.1073667,2025-05-20 19:18:29.649,1,2025-05-20 19:18:29.649,1,,-05:00:00,-05:00:00,2025-05-20 19:18:29.649,2025-05-20 19:18:29.649
1961,Bulgan,146,MN,Mongolia,67,province,48.9690913,102.8831723,2025-05-20 19:18:29.649,1,2025-05-20 19:18:29.649,1,,-05:00:00,-05:00:00,2025-05-20 19:18:29.649,2025-05-20 19:18:29.649
1962,Darkhan-Uul,146,MN,Mongolia,37,province,49.4648434,105.9745919,2025-05-20 19:18:29.649,1,2025-05-20 19:18:29.649,1,,-05:00:00,-05:00:00,2025-05-20 19:18:29.649,2025-05-20 19:18:29.649
1963,Dornod,146,MN,Mongolia,61,province,47.4658154,115.392712,2025-05-20 19:18:29.649,1,2025-05-20 19:18:29.649,1,,-05:00:00,-05:00:00,2025-05-20 19:18:29.649,2025-05-20 19:18:29.649
1981,Dornogovi,146,MN,Mongolia,63,province,43.9653889,109.1773459,2025-05-20 19:18:29.649,1,2025-05-20 19:18:29.649,1,,-05:00:00,-05:00:00,2025-05-20 19:18:29.649,2025-05-20 19:18:29.649
1970,Dundgovi,146,MN,Mongolia,59,province,45.5822786,106.7644209,2025-05-20 19:18:29.649,1,2025-05-20 19:18:29.649,1,,-05:00:00,-05:00:00,2025-05-20 19:18:29.649,2025-05-20 19:18:29.649
1972,Govi-Altai,146,MN,Mongolia,65,province,45.4511227,95.8505766,2025-05-20 19:18:29.649,1,2025-05-20 19:18:29.649,1,,-05:00:00,-05:00:00,2025-05-20 19:18:29.649,2025-05-20 19:18:29.649
1978,Govisümber,146,MN,Mongolia,64,province,46.4762754,108.5570627,2025-05-20 19:18:29.649,1,2025-05-20 19:18:29.649,1,,-05:00:00,-05:00:00,2025-05-20 19:18:29.649,2025-05-20 19:18:29.649
1974,Khentii,146,MN,Mongolia,39,province,47.6081209,109.9372856,2025-05-20 19:18:29.649,1,2025-05-20 19:18:29.649,1,,-05:00:00,-05:00:00,2025-05-20 19:18:29.649,2025-05-20 19:18:29.649
1964,Khovd,146,MN,Mongolia,43,province,47.1129654,92.3110752,2025-05-20 19:18:29.649,1,2025-05-20 19:18:29.649,1,,-05:00:00,-05:00:00,2025-05-20 19:18:29.649,2025-05-20 19:18:29.649
1975,Khövsgöl,146,MN,Mongolia,41,province,50.2204484,100.3213768,2025-05-20 19:18:29.649,1,2025-05-20 19:18:29.649,1,,-05:00:00,-05:00:00,2025-05-20 19:18:29.649,2025-05-20 19:18:29.649
1967,Ömnögovi,146,MN,Mongolia,53,province,43.500024,104.2861116,2025-05-20 19:18:29.649,1,2025-05-20 19:18:29.649,1,,-05:00:00,-05:00:00,2025-05-20 19:18:29.649,2025-05-20 19:18:29.649
1966,Orkhon,146,MN,Mongolia,35,province,49.004705,104.3016527,2025-05-20 19:18:29.649,1,2025-05-20 19:18:29.649,1,,-05:00:00,-05:00:00,2025-05-20 19:18:29.649,2025-05-20 19:18:29.649
1965,Övörkhangai,146,MN,Mongolia,55,province,45.7624392,103.0917032,2025-05-20 19:18:29.649,1,2025-05-20 19:18:29.649,1,,-05:00:00,-05:00:00,2025-05-20 19:18:29.649,2025-05-20 19:18:29.649
1980,Selenge,146,MN,Mongolia,49,province,50.0059273,106.4434108,2025-05-20 19:18:29.649,1,2025-05-20 19:18:29.649,1,,-05:00:00,-05:00:00,2025-05-20 19:18:29.649,2025-05-20 19:18:29.649
1977,Sükhbaatar,146,MN,Mongolia,51,province,46.5653163,113.5380836,2025-05-20 19:18:29.649,1,2025-05-20 19:18:29.649,1,,-05:00:00,-05:00:00,2025-05-20 19:18:29.649,2025-05-20 19:18:29.649
1968,Töv,146,MN,Mongolia,47,province,47.2124056,106.41541,2025-05-20 19:18:29.649,1,2025-05-20 19:18:29.649,1,,-05:00:00,-05:00:00,2025-05-20 19:18:29.649,2025-05-20 19:18:29.649
5453,Ulaanbaatar,146,MN,Mongolia,1,capital city,47.8915317,106.7367222,2025-05-20 19:18:29.649,1,2025-05-20 19:18:29.649,1,,-05:00:00,-05:00:00,2025-05-20 19:18:29.649,2025-05-20 19:18:29.649
1971,Uvs,146,MN,Mongolia,46,province,49.6449707,93.2736576,2025-05-20 19:18:29.649,1,2025-05-20 19:18:29.649,1,,-05:00:00,-05:00:00,2025-05-20 19:18:29.649,2025-05-20 19:18:29.649
1979,Zavkhan,146,MN,Mongolia,57,province,48.2388147,96.0703019,2025-05-20 19:18:29.649,1,2025-05-20 19:18:29.649,1,,-05:00:00,-05:00:00,2025-05-20 19:18:29.649,2025-05-20 19:18:29.649
23,Andrijevica,147,ME,Montenegro,1,municipality,42.7362477,19.7859556,2025-05-20 19:18:29.649,1,2025-05-20 19:18:29.649,1,,-05:00:00,-05:00:00,2025-05-20 19:18:29.649,2025-05-20 19:18:29.649
13,Bar,147,ME,Montenegro,2,municipality,42.1278119,19.140438,2025-05-20 19:18:29.649,1,2025-05-20 19:18:29.649,1,,-05:00:00,-05:00:00,2025-05-20 19:18:29.649,2025-05-20 19:18:29.649
21,Berane,147,ME,Montenegro,3,municipality,42.8257289,19.9020509,2025-05-20 19:18:29.649,1,2025-05-20 19:18:29.649,1,,-05:00:00,-05:00:00,2025-05-20 19:18:29.649,2025-05-20 19:18:29.649
25,Bijelo Polje,147,ME,Montenegro,4,municipality,43.0846526,19.7115472,2025-05-20 19:18:29.649,1,2025-05-20 19:18:29.649,1,,-05:00:00,-05:00:00,2025-05-20 19:18:29.649,2025-05-20 19:18:29.649
30,Budva,147,ME,Montenegro,5,municipality,42.314072,18.8313832,2025-05-20 19:18:29.649,1,2025-05-20 19:18:29.649,1,,-05:00:00,-05:00:00,2025-05-20 19:18:29.649,2025-05-20 19:18:29.649
14,Danilovgrad,147,ME,Montenegro,7,municipality,42.58357,19.140438,2025-05-20 19:18:29.649,1,2025-05-20 19:18:29.649,1,,-05:00:00,-05:00:00,2025-05-20 19:18:29.649,2025-05-20 19:18:29.649
24,Gusinje,147,ME,Montenegro,22,municipality,42.5563455,19.8306051,2025-05-20 19:18:29.649,1,2025-05-20 19:18:29.649,1,,-05:00:00,-05:00:00,2025-05-20 19:18:29.649,2025-05-20 19:18:29.649
31,Kolašin,147,ME,Montenegro,9,municipality,42.7601916,19.4259114,2025-05-20 19:18:29.649,1,2025-05-20 19:18:29.649,1,,-05:00:00,-05:00:00,2025-05-20 19:18:29.649,2025-05-20 19:18:29.649
26,Kotor,147,ME,Montenegro,10,municipality,42.5740261,18.6413145,2025-05-20 19:18:29.649,1,2025-05-20 19:18:29.649,1,,-05:00:00,-05:00:00,2025-05-20 19:18:29.649,2025-05-20 19:18:29.649
22,Mojkovac,147,ME,Montenegro,11,municipality,42.9688018,19.5211063,2025-05-20 19:18:29.649,1,2025-05-20 19:18:29.649,1,,-05:00:00,-05:00:00,2025-05-20 19:18:29.649,2025-05-20 19:18:29.649
17,Nikšić,147,ME,Montenegro,12,municipality,42.7997184,18.7600963,2025-05-20 19:18:29.649,1,2025-05-20 19:18:29.649,1,,-05:00:00,-05:00:00,2025-05-20 19:18:29.649,2025-05-20 19:18:29.649
28,Old Royal Capital Cetinje,147,ME,Montenegro,6,municipality,42.3930959,18.9115964,2025-05-20 19:18:29.649,1,2025-05-20 19:18:29.649,1,,-05:00:00,-05:00:00,2025-05-20 19:18:29.649,2025-05-20 19:18:29.649
12,Petnjica,147,ME,Montenegro,23,municipality,42.935348,20.0211449,2025-05-20 19:18:29.649,1,2025-05-20 19:18:29.649,1,,-05:00:00,-05:00:00,2025-05-20 19:18:29.649,2025-05-20 19:18:29.649
19,Plav,147,ME,Montenegro,13,municipality,42.6001337,19.9407541,2025-05-20 19:18:29.649,1,2025-05-20 19:18:29.649,1,,-05:00:00,-05:00:00,2025-05-20 19:18:29.649,2025-05-20 19:18:29.649
20,Pljevlja,147,ME,Montenegro,14,municipality,43.2723383,19.2831531,2025-05-20 19:18:29.649,1,2025-05-20 19:18:29.649,1,,-05:00:00,-05:00:00,2025-05-20 19:18:29.649,2025-05-20 19:18:29.649
16,Plužine,147,ME,Montenegro,15,municipality,43.1593384,18.8551484,2025-05-20 19:18:29.649,1,2025-05-20 19:18:29.649,1,,-05:00:00,-05:00:00,2025-05-20 19:18:29.649,2025-05-20 19:18:29.649
27,Podgorica,147,ME,Montenegro,16,municipality,42.3693834,19.2831531,2025-05-20 19:18:29.649,1,2025-05-20 19:18:29.649,1,,-05:00:00,-05:00:00,2025-05-20 19:18:29.649,2025-05-20 19:18:29.649
15,Rožaje,147,ME,Montenegro,17,municipality,42.8408389,20.1670628,2025-05-20 19:18:29.649,1,2025-05-20 19:18:29.649,1,,-05:00:00,-05:00:00,2025-05-20 19:18:29.649,2025-05-20 19:18:29.649
18,Šavnik,147,ME,Montenegro,18,municipality,42.9603756,19.140438,2025-05-20 19:18:29.649,1,2025-05-20 19:18:29.649,1,,-05:00:00,-05:00:00,2025-05-20 19:18:29.649,2025-05-20 19:18:29.649
29,Tivat,147,ME,Montenegro,19,municipality,42.42348,18.7185184,2025-05-20 19:18:29.649,1,2025-05-20 19:18:29.649,1,,-05:00:00,-05:00:00,2025-05-20 19:18:29.649,2025-05-20 19:18:29.649
33,Ulcinj,147,ME,Montenegro,20,municipality,41.9652795,19.3069432,2025-05-20 19:18:29.649,1,2025-05-20 19:18:29.649,1,,-05:00:00,-05:00:00,2025-05-20 19:18:29.649,2025-05-20 19:18:29.649
32,Žabljak,147,ME,Montenegro,21,municipality,43.1555152,19.1226018,2025-05-20 19:18:29.649,1,2025-05-20 19:18:29.649,1,,-05:00:00,-05:00:00,2025-05-20 19:18:29.649,2025-05-20 19:18:29.649
5421,Saint Anthony,148,MS,Montserrat,3,parish,16.70893,-62.2340497,2025-05-20 19:18:29.649,1,2025-05-20 19:18:29.649,1,,-05:00:00,-05:00:00,2025-05-20 19:18:29.649,2025-05-20 19:18:29.649
5420,Saint Georges,148,MS,Montserrat,2,parish,16.7484755,-62.1907472,2025-05-20 19:18:29.649,1,2025-05-20 19:18:29.649,1,,-05:00:00,-05:00:00,2025-05-20 19:18:29.649,2025-05-20 19:18:29.649
5419,Saint Peter,148,MS,Montserrat,1,parish,16.7768658,-62.2443402,2025-05-20 19:18:29.649,1,2025-05-20 19:18:29.649,1,,-05:00:00,-05:00:00,2025-05-20 19:18:29.649,2025-05-20 19:18:29.649
4928,Agadir-Ida-Ou-Tanane,149,MA,Morocco,AGD,prefecture,30.6462091,-9.8339061,2025-05-20 19:18:29.649,1,2025-05-20 19:18:29.649,1,,-05:00:00,-05:00:00,2025-05-20 19:18:29.649,2025-05-20 19:18:29.649
3320,Al Haouz,149,MA,Morocco,HAO,province,31.2956729,-7.87216,2025-05-20 19:18:29.649,1,2025-05-20 19:18:29.649,1,,-05:00:00,-05:00:00,2025-05-20 19:18:29.649,2025-05-20 19:18:29.649
3267,Al Hoceïma,149,MA,Morocco,HOC,province,35.2445589,-3.9317468,2025-05-20 19:18:29.649,1,2025-05-20 19:18:29.649,1,,-05:00:00,-05:00:00,2025-05-20 19:18:29.649,2025-05-20 19:18:29.649
3266,Aousserd (EH),149,MA,Morocco,AOU,province,22.5521538,-14.3297353,2025-05-20 19:18:29.649,1,2025-05-20 19:18:29.649,1,,-05:00:00,-05:00:00,2025-05-20 19:18:29.649,2025-05-20 19:18:29.649
3297,Assa-Zag (EH-partial),149,MA,Morocco,ASZ,province,28.1402395,-9.7232673,2025-05-20 19:18:29.649,1,2025-05-20 19:18:29.649,1,,-05:00:00,-05:00:00,2025-05-20 19:18:29.649,2025-05-20 19:18:29.649
3321,Azilal,149,MA,Morocco,AZI,province,32.004262,-6.5783387,2025-05-20 19:18:29.649,1,2025-05-20 19:18:29.649,1,,-05:00:00,-05:00:00,2025-05-20 19:18:29.649,2025-05-20 19:18:29.649
3272,Béni Mellal,149,MA,Morocco,BEM,province,32.342443,-6.375799,2025-05-20 19:18:29.649,1,2025-05-20 19:18:29.649,1,,-05:00:00,-05:00:00,2025-05-20 19:18:29.649,2025-05-20 19:18:29.649
3278,Béni Mellal-Khénifra,149,MA,Morocco,5,region,32.5719184,-6.0679194,2025-05-20 19:18:29.649,1,2025-05-20 19:18:29.649,1,,-05:00:00,-05:00:00,2025-05-20 19:18:29.649,2025-05-20 19:18:29.649
3304,Benslimane,149,MA,Morocco,BES,province,33.6189698,-7.1305536,2025-05-20 19:18:29.649,1,2025-05-20 19:18:29.649,1,,-05:00:00,-05:00:00,2025-05-20 19:18:29.649,2025-05-20 19:18:29.649
3285,Berkane,149,MA,Morocco,BER,province,34.8840876,-2.341887,2025-05-20 19:18:29.649,1,2025-05-20 19:18:29.649,1,,-05:00:00,-05:00:00,2025-05-20 19:18:29.649,2025-05-20 19:18:29.649
4929,Berrechid,149,MA,Morocco,BRR,province,33.2602523,-7.5984837,2025-05-20 19:18:29.649,1,2025-05-20 19:18:29.649,1,,-05:00:00,-05:00:00,2025-05-20 19:18:29.649,2025-05-20 19:18:29.649
3275,Boujdour (EH),149,MA,Morocco,BOD,province,26.1252493,-14.4847347,2025-05-20 19:18:29.649,1,2025-05-20 19:18:29.649,1,,-05:00:00,-05:00:00,2025-05-20 19:18:29.649,2025-05-20 19:18:29.649
3270,Boulemane,149,MA,Morocco,BOM,province,33.3625159,-4.7303397,2025-05-20 19:18:29.649,1,2025-05-20 19:18:29.649,1,,-05:00:00,-05:00:00,2025-05-20 19:18:29.649,2025-05-20 19:18:29.649
4930,Casablanca,149,MA,Morocco,CAS,prefecture,33.5722678,-7.6570326,2025-05-20 19:18:29.649,1,2025-05-20 19:18:29.649,1,,-05:00:00,-05:00:00,2025-05-20 19:18:29.649,2025-05-20 19:18:29.649
3303,Casablanca-Settat,149,MA,Morocco,6,region,33.2160872,-7.4381355,2025-05-20 19:18:29.649,1,2025-05-20 19:18:29.649,1,,-05:00:00,-05:00:00,2025-05-20 19:18:29.649,2025-05-20 19:18:29.649
3310,Chefchaouen,149,MA,Morocco,CHE,province,35.018172,-5.1432068,2025-05-20 19:18:29.649,1,2025-05-20 19:18:29.649,1,,-05:00:00,-05:00:00,2025-05-20 19:18:29.649,2025-05-20 19:18:29.649
3274,Chichaoua,149,MA,Morocco,CHI,province,31.5383581,-8.7646388,2025-05-20 19:18:29.649,1,2025-05-20 19:18:29.649,1,,-05:00:00,-05:00:00,2025-05-20 19:18:29.649,2025-05-20 19:18:29.649
3302,Chtouka-Ait Baha,149,MA,Morocco,CHT,province,30.1072422,-9.2785583,2025-05-20 19:18:29.649,1,2025-05-20 19:18:29.649,1,,-05:00:00,-05:00:00,2025-05-20 19:18:29.649,2025-05-20 19:18:29.649
3306,Dakhla-Oued Ed-Dahab (EH),149,MA,Morocco,12,region,22.6043973,-19.8348241,2025-05-20 19:18:29.649,1,2025-05-20 19:18:29.649,1,,-05:00:00,-05:00:00,2025-05-20 19:18:29.649,2025-05-20 19:18:29.649
3290,Drâa-Tafilalet,149,MA,Morocco,8,region,31.1499538,-5.3939551,2025-05-20 19:18:29.649,1,2025-05-20 19:18:29.649,1,,-05:00:00,-05:00:00,2025-05-20 19:18:29.649,2025-05-20 19:18:29.649
4931,Driouch,149,MA,Morocco,DRI,province,34.976032,-3.3964493,2025-05-20 19:18:29.649,1,2025-05-20 19:18:29.649,1,,-05:00:00,-05:00:00,2025-05-20 19:18:29.649,2025-05-20 19:18:29.649
3291,El Hajeb,149,MA,Morocco,HAJ,province,33.685735,-5.3677844,2025-05-20 19:18:29.649,1,2025-05-20 19:18:29.649,1,,-05:00:00,-05:00:00,2025-05-20 19:18:29.649,2025-05-20 19:18:29.649
3280,El Jadida,149,MA,Morocco,JDI,province,33.2316326,-8.5007116,2025-05-20 19:18:29.649,1,2025-05-20 19:18:29.649,1,,-05:00:00,-05:00:00,2025-05-20 19:18:29.649,2025-05-20 19:18:29.649
3309,El Kelâa des Sraghna,149,MA,Morocco,KES,province,32.0522767,-7.3516558,2025-05-20 19:18:29.649,1,2025-05-20 19:18:29.649,1,,-05:00:00,-05:00:00,2025-05-20 19:18:29.649,2025-05-20 19:18:29.649
3299,Errachidia,149,MA,Morocco,ERR,province,31.9051275,-4.7277528,2025-05-20 19:18:29.649,1,2025-05-20 19:18:29.649,1,,-05:00:00,-05:00:00,2025-05-20 19:18:29.649,2025-05-20 19:18:29.649
3292,Es-Semara (EH-partial),149,MA,Morocco,ESM,province,26.741856,-11.6783671,2025-05-20 19:18:29.649,1,2025-05-20 19:18:29.649,1,,-05:00:00,-05:00:00,2025-05-20 19:18:29.649,2025-05-20 19:18:29.649
3316,Essaouira,149,MA,Morocco,ESI,province,31.5084926,-9.7595041,2025-05-20 19:18:29.649,1,2025-05-20 19:18:29.649,1,,-05:00:00,-05:00:00,2025-05-20 19:18:29.649,2025-05-20 19:18:29.649
3300,Fahs-Anjra,149,MA,Morocco,FAH,province,35.7601992,-5.6668306,2025-05-20 19:18:29.649,1,2025-05-20 19:18:29.649,1,,-05:00:00,-05:00:00,2025-05-20 19:18:29.649,2025-05-20 19:18:29.649
4932,Fès,149,MA,Morocco,FES,prefecture,34.0239579,-5.0367599,2025-05-20 19:18:29.649,1,2025-05-20 19:18:29.649,1,,-05:00:00,-05:00:00,2025-05-20 19:18:29.649,2025-05-20 19:18:29.649
3313,Fès-Meknès,149,MA,Morocco,3,region,34.062529,-4.7277528,2025-05-20 19:18:29.649,1,2025-05-20 19:18:29.649,1,,-05:00:00,-05:00:00,2025-05-20 19:18:29.649,2025-05-20 19:18:29.649
3301,Figuig,149,MA,Morocco,FIG,province,32.1092613,-1.229806,2025-05-20 19:18:29.649,1,2025-05-20 19:18:29.649,1,,-05:00:00,-05:00:00,2025-05-20 19:18:29.649,2025-05-20 19:18:29.649
4933,Fquih Ben Salah,149,MA,Morocco,FQH,province,32.500168,-6.7100717,2025-05-20 19:18:29.649,1,2025-05-20 19:18:29.649,1,,-05:00:00,-05:00:00,2025-05-20 19:18:29.649,2025-05-20 19:18:29.649
3265,Guelmim,149,MA,Morocco,GUE,province,28.9883659,-10.0527498,2025-05-20 19:18:29.649,1,2025-05-20 19:18:29.649,1,,-05:00:00,-05:00:00,2025-05-20 19:18:29.649,2025-05-20 19:18:29.649
3305,Guelmim-Oued Noun (EH-partial),149,MA,Morocco,10,region,28.4844281,-10.0807298,2025-05-20 19:18:29.649,1,2025-05-20 19:18:29.649,1,,-05:00:00,-05:00:00,2025-05-20 19:18:29.649,2025-05-20 19:18:29.649
4934,Guercif,149,MA,Morocco,GUF,province,34.2345036,-3.3813005,2025-05-20 19:18:29.649,1,2025-05-20 19:18:29.649,1,,-05:00:00,-05:00:00,2025-05-20 19:18:29.649,2025-05-20 19:18:29.649
3325,Ifrane,149,MA,Morocco,IFR,province,33.5228062,-5.1109552,2025-05-20 19:18:29.649,1,2025-05-20 19:18:29.649,1,,-05:00:00,-05:00:00,2025-05-20 19:18:29.649,2025-05-20 19:18:29.649
3294,Inezgane-Ait Melloul,149,MA,Morocco,INE,prefecture,30.3509098,-9.389511,2025-05-20 19:18:29.649,1,2025-05-20 19:18:29.649,1,,-05:00:00,-05:00:00,2025-05-20 19:18:29.649,2025-05-20 19:18:29.649
3307,Jerada,149,MA,Morocco,JRA,province,34.3061791,-2.1794136,2025-05-20 19:18:29.649,1,2025-05-20 19:18:29.649,1,,-05:00:00,-05:00:00,2025-05-20 19:18:29.649,2025-05-20 19:18:29.649
3308,Kénitra,149,MA,Morocco,KEN,province,34.2540503,-6.5890166,2025-05-20 19:18:29.649,1,2025-05-20 19:18:29.649,1,,-05:00:00,-05:00:00,2025-05-20 19:18:29.649,2025-05-20 19:18:29.649
3276,Khémisset,149,MA,Morocco,KHE,province,33.8153704,-6.0573302,2025-05-20 19:18:29.649,1,2025-05-20 19:18:29.649,1,,-05:00:00,-05:00:00,2025-05-20 19:18:29.649,2025-05-20 19:18:29.649
3317,Khénifra,149,MA,Morocco,KHN,province,32.9340471,-5.661571,2025-05-20 19:18:29.649,1,2025-05-20 19:18:29.649,1,,-05:00:00,-05:00:00,2025-05-20 19:18:29.649,2025-05-20 19:18:29.649
3326,Khouribga,149,MA,Morocco,KHO,province,32.886023,-6.9208655,2025-05-20 19:18:29.649,1,2025-05-20 19:18:29.649,1,,-05:00:00,-05:00:00,2025-05-20 19:18:29.649,2025-05-20 19:18:29.649
3271,L'Oriental,149,MA,Morocco,2,region,37.069683,-94.512277,2025-05-20 19:18:29.649,1,2025-05-20 19:18:29.649,1,,-05:00:00,-05:00:00,2025-05-20 19:18:29.649,2025-05-20 19:18:29.649
3293,Laâyoune (EH),149,MA,Morocco,LAA,province,27.1500384,-13.1990758,2025-05-20 19:18:29.649,1,2025-05-20 19:18:29.649,1,,-05:00:00,-05:00:00,2025-05-20 19:18:29.649,2025-05-20 19:18:29.649
3298,Laâyoune-Sakia El Hamra (EH-partial),149,MA,Morocco,11,region,27.8683194,-11.9804613,2025-05-20 19:18:29.649,1,2025-05-20 19:18:29.649,1,,-05:00:00,-05:00:00,2025-05-20 19:18:29.649,2025-05-20 19:18:29.649
3268,Larache,149,MA,Morocco,LAR,province,35.1744271,-6.1473964,2025-05-20 19:18:29.649,1,2025-05-20 19:18:29.649,1,,-05:00:00,-05:00:00,2025-05-20 19:18:29.649,2025-05-20 19:18:29.649
4936,M’diq-Fnideq,149,MA,Morocco,MDF,prefecture,35.7733019,-5.51433,2025-05-20 19:18:29.649,1,2025-05-20 19:18:29.649,1,,-05:00:00,-05:00:00,2025-05-20 19:18:29.649,2025-05-20 19:18:29.649
4935,Marrakech,149,MA,Morocco,MAR,prefecture,31.6346023,-8.0778932,2025-05-20 19:18:29.649,1,2025-05-20 19:18:29.649,1,,-05:00:00,-05:00:00,2025-05-20 19:18:29.649,2025-05-20 19:18:29.649
3288,Marrakesh-Safi,149,MA,Morocco,7,region,31.7330833,-8.1338558,2025-05-20 19:18:29.649,1,2025-05-20 19:18:29.649,1,,-05:00:00,-05:00:00,2025-05-20 19:18:29.649,2025-05-20 19:18:29.649
3284,Médiouna,149,MA,Morocco,MED,province,33.4540939,-7.516602,2025-05-20 19:18:29.649,1,2025-05-20 19:18:29.649,1,,-05:00:00,-05:00:00,2025-05-20 19:18:29.649,2025-05-20 19:18:29.649
4937,Meknès,149,MA,Morocco,MEK,prefecture,33.881,-5.5730397,2025-05-20 19:18:29.649,1,2025-05-20 19:18:29.649,1,,-05:00:00,-05:00:00,2025-05-20 19:18:29.649,2025-05-20 19:18:29.649
4938,Midelt,149,MA,Morocco,MID,province,32.6855079,-4.7501709,2025-05-20 19:18:29.649,1,2025-05-20 19:18:29.649,1,,-05:00:00,-05:00:00,2025-05-20 19:18:29.649,2025-05-20 19:18:29.649
4939,Mohammadia,149,MA,Morocco,MOH,prefecture,33.6873749,-7.4239142,2025-05-20 19:18:29.649,1,2025-05-20 19:18:29.649,1,,-05:00:00,-05:00:00,2025-05-20 19:18:29.649,2025-05-20 19:18:29.649
3315,Moulay Yacoub,149,MA,Morocco,MOU,province,34.0874479,-5.1784019,2025-05-20 19:18:29.649,1,2025-05-20 19:18:29.649,1,,-05:00:00,-05:00:00,2025-05-20 19:18:29.649,2025-05-20 19:18:29.649
3281,Nador,149,MA,Morocco,NAD,province,34.9171926,-2.8577105,2025-05-20 19:18:29.649,1,2025-05-20 19:18:29.649,1,,-05:00:00,-05:00:00,2025-05-20 19:18:29.649,2025-05-20 19:18:29.649
3287,Nouaceur,149,MA,Morocco,NOU,province,33.3670393,-7.5732537,2025-05-20 19:18:29.649,1,2025-05-20 19:18:29.649,1,,-05:00:00,-05:00:00,2025-05-20 19:18:29.649,2025-05-20 19:18:29.649
3269,Ouarzazate,149,MA,Morocco,OUA,province,30.9335436,-6.937016,2025-05-20 19:18:29.649,1,2025-05-20 19:18:29.649,1,,-05:00:00,-05:00:00,2025-05-20 19:18:29.649,2025-05-20 19:18:29.649
3319,Oued Ed-Dahab (EH),149,MA,Morocco,OUD,province,22.7337892,-14.2861116,2025-05-20 19:18:29.649,1,2025-05-20 19:18:29.649,1,,-05:00:00,-05:00:00,2025-05-20 19:18:29.649,2025-05-20 19:18:29.649
4941,Ouezzane,149,MA,Morocco,OUZ,province,34.806345,-5.5914505,2025-05-20 19:18:29.649,1,2025-05-20 19:18:29.649,1,,-05:00:00,-05:00:00,2025-05-20 19:18:29.649,2025-05-20 19:18:29.649
4940,Oujda-Angad,149,MA,Morocco,OUJ,prefecture,34.6837504,-2.2993239,2025-05-20 19:18:29.649,1,2025-05-20 19:18:29.649,1,,-05:00:00,-05:00:00,2025-05-20 19:18:29.649,2025-05-20 19:18:29.649
4942,Rabat,149,MA,Morocco,RAB,prefecture,33.969199,-6.9273029,2025-05-20 19:18:29.649,1,2025-05-20 19:18:29.649,1,,-05:00:00,-05:00:00,2025-05-20 19:18:29.649,2025-05-20 19:18:29.649
4927,Rabat-Salé-Kénitra,149,MA,Morocco,4,region,34.076864,-7.3454476,2025-05-20 19:18:29.649,1,2025-05-20 19:18:29.649,1,,-05:00:00,-05:00:00,2025-05-20 19:18:29.649,2025-05-20 19:18:29.649
4943,Rehamna,149,MA,Morocco,REH,province,32.2032905,-8.5689671,2025-05-20 19:18:29.649,1,2025-05-20 19:18:29.649,1,,-05:00:00,-05:00:00,2025-05-20 19:18:29.649,2025-05-20 19:18:29.649
3311,Safi,149,MA,Morocco,SAF,province,32.2989872,-9.1013498,2025-05-20 19:18:29.649,1,2025-05-20 19:18:29.649,1,,-05:00:00,-05:00:00,2025-05-20 19:18:29.649,2025-05-20 19:18:29.649
4944,Salé,149,MA,Morocco,SAL,prefecture,34.037757,-6.8427073,2025-05-20 19:18:29.649,1,2025-05-20 19:18:29.649,1,,-05:00:00,-05:00:00,2025-05-20 19:18:29.649,2025-05-20 19:18:29.649
3289,Sefrou,149,MA,Morocco,SEF,province,33.8305244,-4.8353154,2025-05-20 19:18:29.649,1,2025-05-20 19:18:29.649,1,,-05:00:00,-05:00:00,2025-05-20 19:18:29.649,2025-05-20 19:18:29.649
3282,Settat,149,MA,Morocco,SET,province,32.9924242,-7.6222665,2025-05-20 19:18:29.649,1,2025-05-20 19:18:29.649,1,,-05:00:00,-05:00:00,2025-05-20 19:18:29.649,2025-05-20 19:18:29.649
4945,Sidi Bennour,149,MA,Morocco,SIB,province,32.6492602,-8.4471453,2025-05-20 19:18:29.649,1,2025-05-20 19:18:29.649,1,,-05:00:00,-05:00:00,2025-05-20 19:18:29.649,2025-05-20 19:18:29.649
4946,Sidi Ifni,149,MA,Morocco,SIF,province,29.3665797,-10.2108485,2025-05-20 19:18:29.649,1,2025-05-20 19:18:29.649,1,,-05:00:00,-05:00:00,2025-05-20 19:18:29.649,2025-05-20 19:18:29.649
3279,Sidi Kacem,149,MA,Morocco,SIK,province,34.2260172,-5.7129164,2025-05-20 19:18:29.649,1,2025-05-20 19:18:29.649,1,,-05:00:00,-05:00:00,2025-05-20 19:18:29.649,2025-05-20 19:18:29.649
4952,Sidi Slimane,149,MA,Morocco,SIL,province,34.2737828,-5.9805972,2025-05-20 19:18:29.649,1,2025-05-20 19:18:29.649,1,,-05:00:00,-05:00:00,2025-05-20 19:18:29.649,2025-05-20 19:18:29.649
4947,Skhirate-Témara,149,MA,Morocco,SKH,prefecture,33.7622425,-7.0419052,2025-05-20 19:18:29.649,1,2025-05-20 19:18:29.649,1,,-05:00:00,-05:00:00,2025-05-20 19:18:29.649,2025-05-20 19:18:29.649
3295,Souss-Massa,149,MA,Morocco,9,region,30.2750611,-8.1338558,2025-05-20 19:18:29.649,1,2025-05-20 19:18:29.649,1,,-05:00:00,-05:00:00,2025-05-20 19:18:29.649,2025-05-20 19:18:29.649
3286,Tan-Tan (EH-partial),149,MA,Morocco,TNT,province,28.03012,-11.1617356,2025-05-20 19:18:29.649,1,2025-05-20 19:18:29.649,1,,-05:00:00,-05:00:00,2025-05-20 19:18:29.649,2025-05-20 19:18:29.649
4950,Tanger-Assilah,149,MA,Morocco,TNG,prefecture,35.7632539,-5.9045098,2025-05-20 19:18:29.649,1,2025-05-20 19:18:29.649,1,,-05:00:00,-05:00:00,2025-05-20 19:18:29.649,2025-05-20 19:18:29.649
3324,Tanger-Tétouan-Al Hoceïma,149,MA,Morocco,1,region,35.2629558,-5.5617279,2025-05-20 19:18:29.649,1,2025-05-20 19:18:29.649,1,,-05:00:00,-05:00:00,2025-05-20 19:18:29.649,2025-05-20 19:18:29.649
3323,Taounate,149,MA,Morocco,TAO,province,34.536917,-4.6398693,2025-05-20 19:18:29.649,1,2025-05-20 19:18:29.649,1,,-05:00:00,-05:00:00,2025-05-20 19:18:29.649,2025-05-20 19:18:29.649
3322,Taourirt,149,MA,Morocco,TAI,province,34.212598,-2.6983868,2025-05-20 19:18:29.649,1,2025-05-20 19:18:29.649,1,,-05:00:00,-05:00:00,2025-05-20 19:18:29.649,2025-05-20 19:18:29.649
4948,Tarfaya (EH-partial),149,MA,Morocco,TAF,province,27.9377701,-12.9294063,2025-05-20 19:18:29.649,1,2025-05-20 19:18:29.649,1,,-05:00:00,-05:00:00,2025-05-20 19:18:29.649,2025-05-20 19:18:29.649
3314,Taroudannt,149,MA,Morocco,TAR,province,30.4727126,-8.8748765,2025-05-20 19:18:29.649,1,2025-05-20 19:18:29.649,1,,-05:00:00,-05:00:00,2025-05-20 19:18:29.649,2025-05-20 19:18:29.649
3312,Tata,149,MA,Morocco,TAT,province,29.750877,-7.9756343,2025-05-20 19:18:29.649,1,2025-05-20 19:18:29.649,1,,-05:00:00,-05:00:00,2025-05-20 19:18:29.649,2025-05-20 19:18:29.649
3296,Taza,149,MA,Morocco,TAZ,province,34.2788953,-3.5812692,2025-05-20 19:18:29.649,1,2025-05-20 19:18:29.649,1,,-05:00:00,-05:00:00,2025-05-20 19:18:29.649,2025-05-20 19:18:29.649
3318,Tétouan,149,MA,Morocco,TET,province,35.5888995,-5.3625516,2025-05-20 19:18:29.649,1,2025-05-20 19:18:29.649,1,,-05:00:00,-05:00:00,2025-05-20 19:18:29.649,2025-05-20 19:18:29.649
4949,Tinghir,149,MA,Morocco,TIN,province,31.4850794,-6.2019298,2025-05-20 19:18:29.649,1,2025-05-20 19:18:29.649,1,,-05:00:00,-05:00:00,2025-05-20 19:18:29.649,2025-05-20 19:18:29.649
3277,Tiznit,149,MA,Morocco,TIZ,province,29.693392,-9.732157,2025-05-20 19:18:29.649,1,2025-05-20 19:18:29.649,1,,-05:00:00,-05:00:00,2025-05-20 19:18:29.649,2025-05-20 19:18:29.649
4951,Youssoufia,149,MA,Morocco,YUS,province,32.0200679,-8.8692648,2025-05-20 19:18:29.649,1,2025-05-20 19:18:29.649,1,,-05:00:00,-05:00:00,2025-05-20 19:18:29.649,2025-05-20 19:18:29.649
3283,Zagora,149,MA,Morocco,ZAG,province,30.5786093,-5.8987139,2025-05-20 19:18:29.649,1,2025-05-20 19:18:29.649,1,,-05:00:00,-05:00:00,2025-05-20 19:18:29.649,2025-05-20 19:18:29.649
3327,Cabo Delgado,150,MZ,Mozambique,P,province,-12.3335474,39.3206241,2025-05-20 19:18:29.649,1,2025-05-20 19:18:29.649,1,,-05:00:00,-05:00:00,2025-05-20 19:18:29.649,2025-05-20 19:18:29.649
3329,Gaza,150,MZ,Mozambique,G,province,-23.0221928,32.7181375,2025-05-20 19:18:29.649,1,2025-05-20 19:18:29.649,1,,-05:00:00,-05:00:00,2025-05-20 19:18:29.649,2025-05-20 19:18:29.649
3330,Inhambane,150,MZ,Mozambique,I,province,-22.8527997,34.5508758,2025-05-20 19:18:29.649,1,2025-05-20 19:18:29.649,1,,-05:00:00,-05:00:00,2025-05-20 19:18:29.649,2025-05-20 19:18:29.649
3337,Manica,150,MZ,Mozambique,B,province,-19.5059787,33.438353,2025-05-20 19:18:29.649,1,2025-05-20 19:18:29.649,1,,-05:00:00,-05:00:00,2025-05-20 19:18:29.649,2025-05-20 19:18:29.649
3332,Maputo,150,MZ,Mozambique,L,province,-25.2569876,32.5372741,2025-05-20 19:18:29.649,1,2025-05-20 19:18:29.649,1,,-05:00:00,-05:00:00,2025-05-20 19:18:29.649,2025-05-20 19:18:29.649
3335,Maputo,150,MZ,Mozambique,MPM,city,-25.969248,32.5731746,2025-05-20 19:18:29.649,1,2025-05-20 19:18:29.649,1,,-05:00:00,-05:00:00,2025-05-20 19:18:29.649,2025-05-20 19:18:29.649
3336,Nampula,150,MZ,Mozambique,N,province,-14.7604931,39.3206241,2025-05-20 19:18:29.649,1,2025-05-20 19:18:29.649,1,,-05:00:00,-05:00:00,2025-05-20 19:18:29.649,2025-05-20 19:18:29.649
3333,Niassa,150,MZ,Mozambique,A,province,-12.7826202,36.6093926,2025-05-20 19:18:29.649,1,2025-05-20 19:18:29.649,1,,-05:00:00,-05:00:00,2025-05-20 19:18:29.649,2025-05-20 19:18:29.649
3331,Sofala,150,MZ,Mozambique,S,province,-19.2039073,34.8624166,2025-05-20 19:18:29.649,1,2025-05-20 19:18:29.649,1,,-05:00:00,-05:00:00,2025-05-20 19:18:29.649,2025-05-20 19:18:29.649
3334,Tete,150,MZ,Mozambique,T,province,-15.6596056,32.7181375,2025-05-20 19:18:29.649,1,2025-05-20 19:18:29.649,1,,-05:00:00,-05:00:00,2025-05-20 19:18:29.649,2025-05-20 19:18:29.649
3328,Zambezia,150,MZ,Mozambique,Q,province,-16.5638987,36.6093926,2025-05-20 19:18:29.649,1,2025-05-20 19:18:29.649,1,,-05:00:00,-05:00:00,2025-05-20 19:18:29.649,2025-05-20 19:18:29.649
2142,Ayeyarwady,151,MM,Myanmar,7,region,17.0342125,95.2266675,2025-05-20 19:18:29.649,1,2025-05-20 19:18:29.649,1,,-05:00:00,-05:00:00,2025-05-20 19:18:29.649,2025-05-20 19:18:29.649
2141,Bago,151,MM,Myanmar,2,region,17.3220711,96.4663286,2025-05-20 19:18:29.649,1,2025-05-20 19:18:29.649,1,,-05:00:00,-05:00:00,2025-05-20 19:18:29.649,2025-05-20 19:18:29.649
2137,Chin,151,MM,Myanmar,14,state,22.0086978,93.5812692,2025-05-20 19:18:29.649,1,2025-05-20 19:18:29.649,1,,-05:00:00,-05:00:00,2025-05-20 19:18:29.649,2025-05-20 19:18:29.649
2143,Kachin,151,MM,Myanmar,11,state,25.850904,97.4381355,2025-05-20 19:18:29.649,1,2025-05-20 19:18:29.649,1,,-05:00:00,-05:00:00,2025-05-20 19:18:29.649,2025-05-20 19:18:29.649
2144,Kayah,151,MM,Myanmar,12,state,19.2342061,97.2652858,2025-05-20 19:18:29.649,1,2025-05-20 19:18:29.649,1,,-05:00:00,-05:00:00,2025-05-20 19:18:29.649,2025-05-20 19:18:29.649
2133,Kayin,151,MM,Myanmar,13,state,16.9459346,97.9592863,2025-05-20 19:18:29.649,1,2025-05-20 19:18:29.649,1,,-05:00:00,-05:00:00,2025-05-20 19:18:29.649,2025-05-20 19:18:29.649
2136,Magway,151,MM,Myanmar,3,region,19.8871386,94.7277528,2025-05-20 19:18:29.649,1,2025-05-20 19:18:29.649,1,,-05:00:00,-05:00:00,2025-05-20 19:18:29.649,2025-05-20 19:18:29.649
2134,Mandalay,151,MM,Myanmar,4,region,21.5619058,95.8987139,2025-05-20 19:18:29.649,1,2025-05-20 19:18:29.649,1,,-05:00:00,-05:00:00,2025-05-20 19:18:29.649,2025-05-20 19:18:29.649
2147,Mon State,151,MM,Myanmar,15,state,16.3003133,97.6982272,2025-05-20 19:18:29.649,1,2025-05-20 19:18:29.649,1,,-05:00:00,-05:00:00,2025-05-20 19:18:29.649,2025-05-20 19:18:29.649
2146,Naypyidaw,151,MM,Myanmar,18,union territory,19.9386245,96.1526985,2025-05-20 19:18:29.649,1,2025-05-20 19:18:29.649,1,,-05:00:00,-05:00:00,2025-05-20 19:18:29.649,2025-05-20 19:18:29.649
2138,Rakhine,151,MM,Myanmar,16,state,20.1040818,93.5812692,2025-05-20 19:18:29.649,1,2025-05-20 19:18:29.649,1,,-05:00:00,-05:00:00,2025-05-20 19:18:29.649,2025-05-20 19:18:29.649
2145,Sagaing,151,MM,Myanmar,1,region,24.428381,95.3939551,2025-05-20 19:18:29.649,1,2025-05-20 19:18:29.649,1,,-05:00:00,-05:00:00,2025-05-20 19:18:29.649,2025-05-20 19:18:29.649
2139,Shan,151,MM,Myanmar,17,state,22.0361985,98.1338558,2025-05-20 19:18:29.649,1,2025-05-20 19:18:29.649,1,,-05:00:00,-05:00:00,2025-05-20 19:18:29.649,2025-05-20 19:18:29.649
2140,Tanintharyi,151,MM,Myanmar,5,region,12.4706876,99.0128926,2025-05-20 19:18:29.649,1,2025-05-20 19:18:29.649,1,,-05:00:00,-05:00:00,2025-05-20 19:18:29.649,2025-05-20 19:18:29.649
2135,Yangon,151,MM,Myanmar,6,region,16.9143488,96.1526985,2025-05-20 19:18:29.649,1,2025-05-20 19:18:29.649,1,,-05:00:00,-05:00:00,2025-05-20 19:18:29.649,2025-05-20 19:18:29.649
43,Erongo,152,NA,Namibia,ER,region,-22.2565682,15.4068079,2025-05-20 19:18:29.649,1,2025-05-20 19:18:29.649,1,,-05:00:00,-05:00:00,2025-05-20 19:18:29.649,2025-05-20 19:18:29.649
38,Hardap,152,NA,Namibia,HA,region,-24.2310134,17.668887,2025-05-20 19:18:29.649,1,2025-05-20 19:18:29.649,1,,-05:00:00,-05:00:00,2025-05-20 19:18:29.649,2025-05-20 19:18:29.649
45,Karas,152,NA,Namibia,KA,region,-26.8429645,17.2902839,2025-05-20 19:18:29.649,1,2025-05-20 19:18:29.649,1,,-05:00:00,-05:00:00,2025-05-20 19:18:29.649,2025-05-20 19:18:29.649
36,Kavango East,152,NA,Namibia,KE,region,-18.4901105,19.6811685,2025-05-20 19:18:29.649,1,2025-05-20 19:18:29.649,1,,-05:00:00,-05:00:00,2025-05-20 19:18:29.649,2025-05-20 19:18:29.649
35,Kavango West,152,NA,Namibia,KW,region,-18.2762452,18.2096107,2025-05-20 19:18:29.649,1,2025-05-20 19:18:29.649,1,,-05:00:00,-05:00:00,2025-05-20 19:18:29.649,2025-05-20 19:18:29.649
44,Khomas,152,NA,Namibia,KH,region,-22.6377854,17.1011931,2025-05-20 19:18:29.649,1,2025-05-20 19:18:29.649,1,,-05:00:00,-05:00:00,2025-05-20 19:18:29.649,2025-05-20 19:18:29.649
34,Kunene,152,NA,Namibia,KU,region,-19.4086317,13.914399,2025-05-20 19:18:29.649,1,2025-05-20 19:18:29.649,1,,-05:00:00,-05:00:00,2025-05-20 19:18:29.649,2025-05-20 19:18:29.649
40,Ohangwena,152,NA,Namibia,OW,region,-17.5979291,16.8178377,2025-05-20 19:18:29.649,1,2025-05-20 19:18:29.649,1,,-05:00:00,-05:00:00,2025-05-20 19:18:29.649,2025-05-20 19:18:29.649
41,Omaheke,152,NA,Namibia,OH,region,-21.8466651,19.1880047,2025-05-20 19:18:29.649,1,2025-05-20 19:18:29.649,1,,-05:00:00,-05:00:00,2025-05-20 19:18:29.649,2025-05-20 19:18:29.649
39,Omusati,152,NA,Namibia,OS,region,-18.4070294,14.8454619,2025-05-20 19:18:29.649,1,2025-05-20 19:18:29.649,1,,-05:00:00,-05:00:00,2025-05-20 19:18:29.649,2025-05-20 19:18:29.649
37,Oshana,152,NA,Namibia,ON,region,-18.4305064,15.6881788,2025-05-20 19:18:29.649,1,2025-05-20 19:18:29.649,1,,-05:00:00,-05:00:00,2025-05-20 19:18:29.649,2025-05-20 19:18:29.649
42,Oshikoto,152,NA,Namibia,OT,region,-18.4152575,16.912251,2025-05-20 19:18:29.649,1,2025-05-20 19:18:29.649,1,,-05:00:00,-05:00:00,2025-05-20 19:18:29.649,2025-05-20 19:18:29.649
46,Otjozondjupa,152,NA,Namibia,OD,region,-20.5486916,17.668887,2025-05-20 19:18:29.649,1,2025-05-20 19:18:29.649,1,,-05:00:00,-05:00:00,2025-05-20 19:18:29.649,2025-05-20 19:18:29.649
47,Zambezi,152,NA,Namibia,CA,region,-17.8193419,23.9536466,2025-05-20 19:18:29.649,1,2025-05-20 19:18:29.649,1,,-05:00:00,-05:00:00,2025-05-20 19:18:29.649,2025-05-20 19:18:29.649
4656,Aiwo,153,NR,Nauru,1,district,-0.5340012,166.9138873,2025-05-20 19:18:29.649,1,2025-05-20 19:18:29.649,1,,-05:00:00,-05:00:00,2025-05-20 19:18:29.649,2025-05-20 19:18:29.649
4658,Anabar,153,NR,Nauru,2,district,-0.5133517,166.9484624,2025-05-20 19:18:29.649,1,2025-05-20 19:18:29.649,1,,-05:00:00,-05:00:00,2025-05-20 19:18:29.649,2025-05-20 19:18:29.649
4667,Anetan,153,NR,Nauru,3,district,-0.5064343,166.9427006,2025-05-20 19:18:29.649,1,2025-05-20 19:18:29.649,1,,-05:00:00,-05:00:00,2025-05-20 19:18:29.649,2025-05-20 19:18:29.649
4663,Anibare,153,NR,Nauru,4,district,-0.5294758,166.9513432,2025-05-20 19:18:29.649,1,2025-05-20 19:18:29.649,1,,-05:00:00,-05:00:00,2025-05-20 19:18:29.649,2025-05-20 19:18:29.649
4660,Baiti,153,NR,Nauru,5,district,-0.510431,166.9275744,2025-05-20 19:18:29.649,1,2025-05-20 19:18:29.649,1,,-05:00:00,-05:00:00,2025-05-20 19:18:29.649,2025-05-20 19:18:29.649
4665,Boe,153,NR,Nauru,6,district,39.0732776,-94.5710498,2025-05-20 19:18:29.649,1,2025-05-20 19:18:29.649,1,,-05:00:00,-05:00:00,2025-05-20 19:18:29.649,2025-05-20 19:18:29.649
4662,Buada,153,NR,Nauru,7,district,-0.5328777,166.9268541,2025-05-20 19:18:29.649,1,2025-05-20 19:18:29.649,1,,-05:00:00,-05:00:00,2025-05-20 19:18:29.649,2025-05-20 19:18:29.649
4666,Denigomodu,153,NR,Nauru,8,district,-0.5247964,166.9167689,2025-05-20 19:18:29.649,1,2025-05-20 19:18:29.649,1,,-05:00:00,-05:00:00,2025-05-20 19:18:29.649,2025-05-20 19:18:29.649
4654,Ewa,153,NR,Nauru,9,district,-0.5087241,166.9369384,2025-05-20 19:18:29.649,1,2025-05-20 19:18:29.649,1,,-05:00:00,-05:00:00,2025-05-20 19:18:29.649,2025-05-20 19:18:29.649
4661,Ijuw,153,NR,Nauru,10,district,-0.5202767,166.9571046,2025-05-20 19:18:29.649,1,2025-05-20 19:18:29.649,1,,-05:00:00,-05:00:00,2025-05-20 19:18:29.649,2025-05-20 19:18:29.649
4657,Meneng,153,NR,Nauru,11,district,-0.546724,166.938379,2025-05-20 19:18:29.649,1,2025-05-20 19:18:29.649,1,,-05:00:00,-05:00:00,2025-05-20 19:18:29.649,2025-05-20 19:18:29.649
4659,Nibok,153,NR,Nauru,12,district,-0.5196208,166.9189301,2025-05-20 19:18:29.649,1,2025-05-20 19:18:29.649,1,,-05:00:00,-05:00:00,2025-05-20 19:18:29.649,2025-05-20 19:18:29.649
4655,Uaboe,153,NR,Nauru,13,district,-0.5202222,166.9311761,2025-05-20 19:18:29.649,1,2025-05-20 19:18:29.649,1,,-05:00:00,-05:00:00,2025-05-20 19:18:29.649,2025-05-20 19:18:29.649
4664,Yaren,153,NR,Nauru,14,district,-0.5466857,166.9210913,2025-05-20 19:18:29.649,1,2025-05-20 19:18:29.649,1,,-05:00:00,-05:00:00,2025-05-20 19:18:29.649,2025-05-20 19:18:29.649
2073,Bagmati,154,NP,Nepal,P3,province,27.6489253,83.9258834,2025-05-20 19:18:29.649,1,2025-05-20 19:18:29.649,1,,-05:00:00,-05:00:00,2025-05-20 19:18:29.649,2025-05-20 19:18:29.649
2069,Gandaki,154,NP,Nepal,P4,province,28.3797812,82.7177922,2025-05-20 19:18:29.649,1,2025-05-20 19:18:29.649,1,,-05:00:00,-05:00:00,2025-05-20 19:18:29.649,2025-05-20 19:18:29.649
2068,Karnali,154,NP,Nepal,P6,province,29.3039343,81.010886,2025-05-20 19:18:29.649,1,2025-05-20 19:18:29.649,1,,-05:00:00,-05:00:00,2025-05-20 19:18:29.649,2025-05-20 19:18:29.649
2066,Koshi,154,NP,Nepal,P1,province,27.1547935,82.4210749,2025-05-20 19:18:29.649,1,2025-05-20 19:18:29.649,1,,-05:00:00,-05:00:00,2025-05-20 19:18:29.649,2025-05-20 19:18:29.649
2067,Lumbini,154,NP,Nepal,P5,province,28.022406,77.7864628,2025-05-20 19:18:29.649,1,2025-05-20 19:18:29.649,1,,-05:00:00,-05:00:00,2025-05-20 19:18:29.649,2025-05-20 19:18:29.649
5240,Madhesh,154,NP,Nepal,P2,province,26.9391873,84.4293467,2025-05-20 19:18:29.649,1,2025-05-20 19:18:29.649,1,,-05:00:00,-05:00:00,2025-05-20 19:18:29.649,2025-05-20 19:18:29.649
5241,Sudurpashchim,154,NP,Nepal,P7,province,29.3062371,79.6135451,2025-05-20 19:18:29.649,1,2025-05-20 19:18:29.649,1,,-05:00:00,-05:00:00,2025-05-20 19:18:29.649,2025-05-20 19:18:29.649
2613,Drenthe,156,NL,Netherlands,DR,province,52.9476012,6.6230586,2025-05-20 19:18:29.649,1,2025-05-20 19:18:29.649,1,,-05:00:00,-05:00:00,2025-05-20 19:18:29.649,2025-05-20 19:18:29.649
2619,Flevoland,156,NL,Netherlands,FL,province,52.5279781,5.5953508,2025-05-20 19:18:29.649,1,2025-05-20 19:18:29.649,1,,-05:00:00,-05:00:00,2025-05-20 19:18:29.649,2025-05-20 19:18:29.649
2622,Friesland,156,NL,Netherlands,FR,province,53.1641642,5.7817542,2025-05-20 19:18:29.649,1,2025-05-20 19:18:29.649,1,,-05:00:00,-05:00:00,2025-05-20 19:18:29.649,2025-05-20 19:18:29.649
2611,Gelderland,156,NL,Netherlands,GE,province,52.045155,5.8718235,2025-05-20 19:18:29.649,1,2025-05-20 19:18:29.649,1,,-05:00:00,-05:00:00,2025-05-20 19:18:29.649,2025-05-20 19:18:29.649
2617,Groningen,156,NL,Netherlands,GR,province,53.2193835,6.5665017,2025-05-20 19:18:29.649,1,2025-05-20 19:18:29.649,1,,-05:00:00,-05:00:00,2025-05-20 19:18:29.649,2025-05-20 19:18:29.649
2615,Limburg,156,NL,Netherlands,LI,province,51.4427238,6.0608726,2025-05-20 19:18:29.649,1,2025-05-20 19:18:29.649,1,,-05:00:00,-05:00:00,2025-05-20 19:18:29.649,2025-05-20 19:18:29.649
2623,North Brabant,156,NL,Netherlands,NB,province,51.4826537,5.2321687,2025-05-20 19:18:29.649,1,2025-05-20 19:18:29.649,1,,-05:00:00,-05:00:00,2025-05-20 19:18:29.649,2025-05-20 19:18:29.649
2612,North Holland,156,NL,Netherlands,NH,province,52.5205869,4.788474,2025-05-20 19:18:29.649,1,2025-05-20 19:18:29.649,1,,-05:00:00,-05:00:00,2025-05-20 19:18:29.649,2025-05-20 19:18:29.649
2618,Overijssel,156,NL,Netherlands,OV,province,52.4387814,6.5016411,2025-05-20 19:18:29.649,1,2025-05-20 19:18:29.649,1,,-05:00:00,-05:00:00,2025-05-20 19:18:29.649,2025-05-20 19:18:29.649
2614,South Holland,156,NL,Netherlands,ZH,province,51.9966792,4.5597397,2025-05-20 19:18:29.649,1,2025-05-20 19:18:29.649,1,,-05:00:00,-05:00:00,2025-05-20 19:18:29.649,2025-05-20 19:18:29.649
2610,Utrecht,156,NL,Netherlands,UT,province,52.0907374,5.1214201,2025-05-20 19:18:29.649,1,2025-05-20 19:18:29.649,1,,-05:00:00,-05:00:00,2025-05-20 19:18:29.649,2025-05-20 19:18:29.649
2620,Zeeland,156,NL,Netherlands,ZE,province,51.4940309,3.8496815,2025-05-20 19:18:29.649,1,2025-05-20 19:18:29.649,1,,-05:00:00,-05:00:00,2025-05-20 19:18:29.649,2025-05-20 19:18:29.649
5227,Loyalty Islands Province,157,NC,New Caledonia,3,province,-20.9667,167.2333,2025-05-20 19:18:29.649,1,2025-05-20 19:18:29.649,1,,-05:00:00,-05:00:00,2025-05-20 19:18:29.649,2025-05-20 19:18:29.649
5226,North Province,157,NC,New Caledonia,2,province,-20.5806015,164.193081,2025-05-20 19:18:29.649,1,2025-05-20 19:18:29.649,1,,-05:00:00,-05:00:00,2025-05-20 19:18:29.649,2025-05-20 19:18:29.649
5225,South Province,157,NC,New Caledonia,1,province,-22.0140861,165.0183561,2025-05-20 19:18:29.649,1,2025-05-20 19:18:29.649,1,,-05:00:00,-05:00:00,2025-05-20 19:18:29.649,2025-05-20 19:18:29.649
4072,Auckland,158,NZ,New Zealand,AUK,region,-36.6675328,174.7733325,2025-05-20 19:18:29.649,1,2025-05-20 19:18:29.649,1,,-05:00:00,-05:00:00,2025-05-20 19:18:29.649,2025-05-20 19:18:29.649
4074,Bay of Plenty,158,NZ,New Zealand,BOP,region,-37.4233917,176.7416374,2025-05-20 19:18:29.649,1,2025-05-20 19:18:29.649,1,,-05:00:00,-05:00:00,2025-05-20 19:18:29.649,2025-05-20 19:18:29.649
4066,Canterbury,158,NZ,New Zealand,CAN,region,-43.7542275,171.1637245,2025-05-20 19:18:29.649,1,2025-05-20 19:18:29.649,1,,-05:00:00,-05:00:00,2025-05-20 19:18:29.649,2025-05-20 19:18:29.649
4067,Chatham Islands,158,NZ,New Zealand,CIT,special island authority,-44.0057523,-176.5400674,2025-05-20 19:18:29.649,1,2025-05-20 19:18:29.649,1,,-05:00:00,-05:00:00,2025-05-20 19:18:29.649,2025-05-20 19:18:29.649
4068,Gisborne,158,NZ,New Zealand,GIS,region,-38.1358174,178.3239309,2025-05-20 19:18:29.649,1,2025-05-20 19:18:29.649,1,,-05:00:00,-05:00:00,2025-05-20 19:18:29.649,2025-05-20 19:18:29.649
4075,Hawke's Bay,158,NZ,New Zealand,HKB,region,-39.6016597,176.5804473,2025-05-20 19:18:29.649,1,2025-05-20 19:18:29.649,1,,-05:00:00,-05:00:00,2025-05-20 19:18:29.649,2025-05-20 19:18:29.649
4060,Manawatu-Wanganui,158,NZ,New Zealand,MWT,region,-39.7273356,175.4375574,2025-05-20 19:18:29.649,1,2025-05-20 19:18:29.649,1,,-05:00:00,-05:00:00,2025-05-20 19:18:29.649,2025-05-20 19:18:29.649
4063,Marlborough,158,NZ,New Zealand,MBH,region,-41.5916883,173.7624053,2025-05-20 19:18:29.649,1,2025-05-20 19:18:29.649,1,,-05:00:00,-05:00:00,2025-05-20 19:18:29.649,2025-05-20 19:18:29.649
4070,Nelson,158,NZ,New Zealand,NSN,region,-41.2985397,173.2441491,2025-05-20 19:18:29.649,1,2025-05-20 19:18:29.649,1,,-05:00:00,-05:00:00,2025-05-20 19:18:29.649,2025-05-20 19:18:29.649
4059,Northland,158,NZ,New Zealand,NTL,region,-35.4136172,173.9320806,2025-05-20 19:18:29.649,1,2025-05-20 19:18:29.649,1,,-05:00:00,-05:00:00,2025-05-20 19:18:29.649,2025-05-20 19:18:29.649
4062,Otago,158,NZ,New Zealand,OTA,region,-45.4790671,170.1547567,2025-05-20 19:18:29.649,1,2025-05-20 19:18:29.649,1,,-05:00:00,-05:00:00,2025-05-20 19:18:29.649,2025-05-20 19:18:29.649
4071,Southland,158,NZ,New Zealand,STL,region,-45.8489159,167.6755387,2025-05-20 19:18:29.649,1,2025-05-20 19:18:29.649,1,,-05:00:00,-05:00:00,2025-05-20 19:18:29.649,2025-05-20 19:18:29.649
4069,Taranaki,158,NZ,New Zealand,TKI,region,-39.3538149,174.4382721,2025-05-20 19:18:29.649,1,2025-05-20 19:18:29.649,1,,-05:00:00,-05:00:00,2025-05-20 19:18:29.649,2025-05-20 19:18:29.649
4073,Tasman,158,NZ,New Zealand,TAS,region,-41.4571184,172.820974,2025-05-20 19:18:29.649,1,2025-05-20 19:18:29.649,1,,-05:00:00,-05:00:00,2025-05-20 19:18:29.649,2025-05-20 19:18:29.649
4061,Waikato,158,NZ,New Zealand,WKO,region,-37.6190862,175.023346,2025-05-20 19:18:29.649,1,2025-05-20 19:18:29.649,1,,-05:00:00,-05:00:00,2025-05-20 19:18:29.649,2025-05-20 19:18:29.649
4065,Wellington,158,NZ,New Zealand,WGN,region,-41.0299323,175.4375574,2025-05-20 19:18:29.649,1,2025-05-20 19:18:29.649,1,,-05:00:00,-05:00:00,2025-05-20 19:18:29.649,2025-05-20 19:18:29.649
4064,West Coast,158,NZ,New Zealand,WTC,region,62.4113634,-149.0729714,2025-05-20 19:18:29.649,1,2025-05-20 19:18:29.649,1,,-05:00:00,-05:00:00,2025-05-20 19:18:29.649,2025-05-20 19:18:29.649
946,Boaco,159,NI,Nicaragua,BO,department,12.469284,-85.6614682,2025-05-20 19:18:29.649,1,2025-05-20 19:18:29.649,1,,-05:00:00,-05:00:00,2025-05-20 19:18:29.649,2025-05-20 19:18:29.649
950,Carazo,159,NI,Nicaragua,CA,department,11.7274729,-86.2158497,2025-05-20 19:18:29.649,1,2025-05-20 19:18:29.649,1,,-05:00:00,-05:00:00,2025-05-20 19:18:29.649,2025-05-20 19:18:29.649
954,Chinandega,159,NI,Nicaragua,CI,department,12.8820062,-87.1422895,2025-05-20 19:18:29.649,1,2025-05-20 19:18:29.649,1,,-05:00:00,-05:00:00,2025-05-20 19:18:29.649,2025-05-20 19:18:29.649
940,Chontales,159,NI,Nicaragua,CO,department,11.9394717,-85.1894045,2025-05-20 19:18:29.649,1,2025-05-20 19:18:29.649,1,,-05:00:00,-05:00:00,2025-05-20 19:18:29.649,2025-05-20 19:18:29.649
945,Estelí,159,NI,Nicaragua,ES,department,13.0851139,-86.3630197,2025-05-20 19:18:29.649,1,2025-05-20 19:18:29.649,1,,-05:00:00,-05:00:00,2025-05-20 19:18:29.649,2025-05-20 19:18:29.649
943,Granada,159,NI,Nicaragua,GR,department,11.9344073,-85.9560005,2025-05-20 19:18:29.649,1,2025-05-20 19:18:29.649,1,,-05:00:00,-05:00:00,2025-05-20 19:18:29.649,2025-05-20 19:18:29.649
955,Jinotega,159,NI,Nicaragua,JI,department,13.0883907,-85.9993997,2025-05-20 19:18:29.649,1,2025-05-20 19:18:29.649,1,,-05:00:00,-05:00:00,2025-05-20 19:18:29.649,2025-05-20 19:18:29.649
944,León,159,NI,Nicaragua,LE,department,12.5092037,-86.6611083,2025-05-20 19:18:29.649,1,2025-05-20 19:18:29.649,1,,-05:00:00,-05:00:00,2025-05-20 19:18:29.649,2025-05-20 19:18:29.649
948,Madriz,159,NI,Nicaragua,MD,department,13.4726005,-86.4592091,2025-05-20 19:18:29.649,1,2025-05-20 19:18:29.649,1,,-05:00:00,-05:00:00,2025-05-20 19:18:29.649,2025-05-20 19:18:29.649
941,Managua,159,NI,Nicaragua,MN,department,12.1391699,-86.3376761,2025-05-20 19:18:29.649,1,2025-05-20 19:18:29.649,1,,-05:00:00,-05:00:00,2025-05-20 19:18:29.649,2025-05-20 19:18:29.649
953,Masaya,159,NI,Nicaragua,MS,department,11.9759328,-86.0733498,2025-05-20 19:18:29.649,1,2025-05-20 19:18:29.649,1,,-05:00:00,-05:00:00,2025-05-20 19:18:29.649,2025-05-20 19:18:29.649
947,Matagalpa,159,NI,Nicaragua,MT,department,12.9498436,-85.4375574,2025-05-20 19:18:29.649,1,2025-05-20 19:18:29.649,1,,-05:00:00,-05:00:00,2025-05-20 19:18:29.649,2025-05-20 19:18:29.649
951,North Caribbean Coast,159,NI,Nicaragua,AN,autonomous region,13.8394456,-83.9320806,2025-05-20 19:18:29.649,1,2025-05-20 19:18:29.649,1,,-05:00:00,-05:00:00,2025-05-20 19:18:29.649,2025-05-20 19:18:29.649
4964,Nueva Segovia,159,NI,Nicaragua,NS,department,13.7657061,-86.5370039,2025-05-20 19:18:29.649,1,2025-05-20 19:18:29.649,1,,-05:00:00,-05:00:00,2025-05-20 19:18:29.649,2025-05-20 19:18:29.649
949,Río San Juan,159,NI,Nicaragua,SJ,department,11.478161,-84.7733325,2025-05-20 19:18:29.649,1,2025-05-20 19:18:29.649,1,,-05:00:00,-05:00:00,2025-05-20 19:18:29.649,2025-05-20 19:18:29.649
942,Rivas,159,NI,Nicaragua,RI,department,11.402349,-85.684578,2025-05-20 19:18:29.649,1,2025-05-20 19:18:29.649,1,,-05:00:00,-05:00:00,2025-05-20 19:18:29.649,2025-05-20 19:18:29.649
952,South Caribbean Coast,159,NI,Nicaragua,AS,autonomous region,12.1918502,-84.1012861,2025-05-20 19:18:29.649,1,2025-05-20 19:18:29.649,1,,-05:00:00,-05:00:00,2025-05-20 19:18:29.649,2025-05-20 19:18:29.649
71,Agadez,160,NE,Niger,1,region,20.6670752,12.0718281,2025-05-20 19:18:29.649,1,2025-05-20 19:18:29.649,1,,-05:00:00,-05:00:00,2025-05-20 19:18:29.649,2025-05-20 19:18:29.649
72,Diffa,160,NE,Niger,2,region,13.6768647,12.7135121,2025-05-20 19:18:29.649,1,2025-05-20 19:18:29.649,1,,-05:00:00,-05:00:00,2025-05-20 19:18:29.649,2025-05-20 19:18:29.649
68,Dosso,160,NE,Niger,3,region,13.1513947,3.4195527,2025-05-20 19:18:29.649,1,2025-05-20 19:18:29.649,1,,-05:00:00,-05:00:00,2025-05-20 19:18:29.649,2025-05-20 19:18:29.649
70,Maradi,160,NE,Niger,4,region,13.8018074,7.4381355,2025-05-20 19:18:29.649,1,2025-05-20 19:18:29.649,1,,-05:00:00,-05:00:00,2025-05-20 19:18:29.649,2025-05-20 19:18:29.649
73,Tahoua,160,NE,Niger,5,region,16.0902543,5.3939551,2025-05-20 19:18:29.649,1,2025-05-20 19:18:29.649,1,,-05:00:00,-05:00:00,2025-05-20 19:18:29.649,2025-05-20 19:18:29.649
67,Tillabéri,160,NE,Niger,6,region,14.6489525,2.1450245,2025-05-20 19:18:29.649,1,2025-05-20 19:18:29.649,1,,-05:00:00,-05:00:00,2025-05-20 19:18:29.649,2025-05-20 19:18:29.649
69,Zinder,160,NE,Niger,7,region,15.1718881,10.2600125,2025-05-20 19:18:29.649,1,2025-05-20 19:18:29.649,1,,-05:00:00,-05:00:00,2025-05-20 19:18:29.649,2025-05-20 19:18:29.649
303,Abia,161,NG,Nigeria,AB,state,5.4527354,7.5248414,2025-05-20 19:18:29.649,1,2025-05-20 19:18:29.649,1,,-05:00:00,-05:00:00,2025-05-20 19:18:29.649,2025-05-20 19:18:29.649
293,Abuja Federal Capital Territory,161,NG,Nigeria,FC,capital territory,8.8940691,7.1860402,2025-05-20 19:18:29.649,1,2025-05-20 19:18:29.649,1,,-05:00:00,-05:00:00,2025-05-20 19:18:29.649,2025-05-20 19:18:29.649
320,Adamawa,161,NG,Nigeria,AD,state,9.1485566,11.2161934,2025-05-20 19:18:29.649,1,2025-05-20 19:18:29.649,1,,-05:00:00,-05:00:00,2025-05-20 19:18:29.649,2025-05-20 19:18:29.649
304,Akwa Ibom,161,NG,Nigeria,AK,state,4.9057371,7.8536675,2025-05-20 19:18:29.649,1,2025-05-20 19:18:29.649,1,,-05:00:00,-05:00:00,2025-05-20 19:18:29.649,2025-05-20 19:18:29.649
315,Anambra,161,NG,Nigeria,AN,state,6.2208997,6.9369559,2025-05-20 19:18:29.649,1,2025-05-20 19:18:29.649,1,,-05:00:00,-05:00:00,2025-05-20 19:18:29.649,2025-05-20 19:18:29.649
312,Bauchi,161,NG,Nigeria,BA,state,10.7760624,9.9991943,2025-05-20 19:18:29.649,1,2025-05-20 19:18:29.649,1,,-05:00:00,-05:00:00,2025-05-20 19:18:29.649,2025-05-20 19:18:29.649
305,Bayelsa,161,NG,Nigeria,BY,state,4.7719071,6.0698526,2025-05-20 19:18:29.649,1,2025-05-20 19:18:29.649,1,,-05:00:00,-05:00:00,2025-05-20 19:18:29.649,2025-05-20 19:18:29.649
291,Benue,161,NG,Nigeria,BE,state,7.3369024,8.7403687,2025-05-20 19:18:29.649,1,2025-05-20 19:18:29.649,1,,-05:00:00,-05:00:00,2025-05-20 19:18:29.649,2025-05-20 19:18:29.649
307,Borno,161,NG,Nigeria,BO,state,11.8846356,13.1519665,2025-05-20 19:18:29.649,1,2025-05-20 19:18:29.649,1,,-05:00:00,-05:00:00,2025-05-20 19:18:29.649,2025-05-20 19:18:29.649
314,Cross River,161,NG,Nigeria,CR,state,5.8701724,8.5988014,2025-05-20 19:18:29.649,1,2025-05-20 19:18:29.649,1,,-05:00:00,-05:00:00,2025-05-20 19:18:29.649,2025-05-20 19:18:29.649
316,Delta,161,NG,Nigeria,DE,state,33.7453784,-90.7354508,2025-05-20 19:18:29.649,1,2025-05-20 19:18:29.649,1,,-05:00:00,-05:00:00,2025-05-20 19:18:29.649,2025-05-20 19:18:29.649
311,Ebonyi,161,NG,Nigeria,EB,state,6.2649232,8.0137302,2025-05-20 19:18:29.649,1,2025-05-20 19:18:29.649,1,,-05:00:00,-05:00:00,2025-05-20 19:18:29.649,2025-05-20 19:18:29.649
318,Edo,161,NG,Nigeria,ED,state,6.6341831,5.9304056,2025-05-20 19:18:29.649,1,2025-05-20 19:18:29.649,1,,-05:00:00,-05:00:00,2025-05-20 19:18:29.649,2025-05-20 19:18:29.649
309,Ekiti,161,NG,Nigeria,EK,state,7.7189862,5.3109505,2025-05-20 19:18:29.649,1,2025-05-20 19:18:29.649,1,,-05:00:00,-05:00:00,2025-05-20 19:18:29.649,2025-05-20 19:18:29.649
289,Enugu,161,NG,Nigeria,EN,state,6.536353,7.4356194,2025-05-20 19:18:29.649,1,2025-05-20 19:18:29.649,1,,-05:00:00,-05:00:00,2025-05-20 19:18:29.649,2025-05-20 19:18:29.649
310,Gombe,161,NG,Nigeria,GO,state,10.3637795,11.1927587,2025-05-20 19:18:29.649,1,2025-05-20 19:18:29.649,1,,-05:00:00,-05:00:00,2025-05-20 19:18:29.649,2025-05-20 19:18:29.649
308,Imo,161,NG,Nigeria,IM,state,5.5720122,7.0588219,2025-05-20 19:18:29.649,1,2025-05-20 19:18:29.649,1,,-05:00:00,-05:00:00,2025-05-20 19:18:29.649,2025-05-20 19:18:29.649
288,Jigawa,161,NG,Nigeria,JI,state,12.228012,9.5615867,2025-05-20 19:18:29.649,1,2025-05-20 19:18:29.649,1,,-05:00:00,-05:00:00,2025-05-20 19:18:29.649,2025-05-20 19:18:29.649
294,Kaduna,161,NG,Nigeria,KD,state,10.3764006,7.7094537,2025-05-20 19:18:29.649,1,2025-05-20 19:18:29.649,1,,-05:00:00,-05:00:00,2025-05-20 19:18:29.649,2025-05-20 19:18:29.649
300,Kano,161,NG,Nigeria,KN,state,11.7470698,8.5247107,2025-05-20 19:18:29.649,1,2025-05-20 19:18:29.649,1,,-05:00:00,-05:00:00,2025-05-20 19:18:29.649,2025-05-20 19:18:29.649
313,Katsina,161,NG,Nigeria,KT,state,12.3796707,7.6305748,2025-05-20 19:18:29.649,1,2025-05-20 19:18:29.649,1,,-05:00:00,-05:00:00,2025-05-20 19:18:29.649,2025-05-20 19:18:29.649
290,Kebbi,161,NG,Nigeria,KE,state,11.4942003,4.2333355,2025-05-20 19:18:29.649,1,2025-05-20 19:18:29.649,1,,-05:00:00,-05:00:00,2025-05-20 19:18:29.649,2025-05-20 19:18:29.649
298,Kogi,161,NG,Nigeria,KO,state,7.7337325,6.6905836,2025-05-20 19:18:29.649,1,2025-05-20 19:18:29.649,1,,-05:00:00,-05:00:00,2025-05-20 19:18:29.649,2025-05-20 19:18:29.649
295,Kwara,161,NG,Nigeria,KW,state,8.9668961,4.3874051,2025-05-20 19:18:29.649,1,2025-05-20 19:18:29.649,1,,-05:00:00,-05:00:00,2025-05-20 19:18:29.649,2025-05-20 19:18:29.649
306,Lagos,161,NG,Nigeria,LA,state,6.5243793,3.3792057,2025-05-20 19:18:29.649,1,2025-05-20 19:18:29.649,1,,-05:00:00,-05:00:00,2025-05-20 19:18:29.649,2025-05-20 19:18:29.649
301,Nasarawa,161,NG,Nigeria,NA,state,8.4997908,8.1996937,2025-05-20 19:18:29.649,1,2025-05-20 19:18:29.649,1,,-05:00:00,-05:00:00,2025-05-20 19:18:29.649,2025-05-20 19:18:29.649
317,Niger,161,NG,Nigeria,NI,state,9.9309224,5.598321,2025-05-20 19:18:29.649,1,2025-05-20 19:18:29.649,1,,-05:00:00,-05:00:00,2025-05-20 19:18:29.649,2025-05-20 19:18:29.649
323,Ogun,161,NG,Nigeria,OG,state,6.9979747,3.4737378,2025-05-20 19:18:29.649,1,2025-05-20 19:18:29.649,1,,-05:00:00,-05:00:00,2025-05-20 19:18:29.649,2025-05-20 19:18:29.649
321,Ondo,161,NG,Nigeria,ON,state,6.9148682,5.1478144,2025-05-20 19:18:29.649,1,2025-05-20 19:18:29.649,1,,-05:00:00,-05:00:00,2025-05-20 19:18:29.649,2025-05-20 19:18:29.649
322,Osun,161,NG,Nigeria,OS,state,7.5628964,4.5199593,2025-05-20 19:18:29.649,1,2025-05-20 19:18:29.649,1,,-05:00:00,-05:00:00,2025-05-20 19:18:29.649,2025-05-20 19:18:29.649
296,Oyo,161,NG,Nigeria,OY,state,8.1573809,3.6146534,2025-05-20 19:18:29.649,1,2025-05-20 19:18:29.649,1,,-05:00:00,-05:00:00,2025-05-20 19:18:29.649,2025-05-20 19:18:29.649
302,Plateau,161,NG,Nigeria,PL,state,9.2182093,9.5179488,2025-05-20 19:18:29.649,1,2025-05-20 19:18:29.649,1,,-05:00:00,-05:00:00,2025-05-20 19:18:29.649,2025-05-20 19:18:29.649
4926,Rivers,161,NG,Nigeria,RI,state,5.021342,6.4376022,2025-05-20 19:18:29.649,1,2025-05-20 19:18:29.649,1,,-05:00:00,-05:00:00,2025-05-20 19:18:29.649,2025-05-20 19:18:29.649
292,Sokoto,161,NG,Nigeria,SO,state,13.0533143,5.3222722,2025-05-20 19:18:29.649,1,2025-05-20 19:18:29.649,1,,-05:00:00,-05:00:00,2025-05-20 19:18:29.649,2025-05-20 19:18:29.649
319,Taraba,161,NG,Nigeria,TA,state,7.9993616,10.7739863,2025-05-20 19:18:29.649,1,2025-05-20 19:18:29.649,1,,-05:00:00,-05:00:00,2025-05-20 19:18:29.649,2025-05-20 19:18:29.649
297,Yobe,161,NG,Nigeria,YO,state,12.293876,11.4390411,2025-05-20 19:18:29.649,1,2025-05-20 19:18:29.649,1,,-05:00:00,-05:00:00,2025-05-20 19:18:29.649,2025-05-20 19:18:29.649
299,Zamfara,161,NG,Nigeria,ZA,state,12.1221805,6.2235819,2025-05-20 19:18:29.649,1,2025-05-20 19:18:29.649,1,,-05:00:00,-05:00:00,2025-05-20 19:18:29.649,2025-05-20 19:18:29.649
5435,Alofi North,162,NU,Niue,14,village,-19.0488977,-169.9190905,2025-05-20 19:18:29.649,1,2025-05-20 19:18:29.649,1,,-05:00:00,-05:00:00,2025-05-20 19:18:29.649,2025-05-20 19:18:29.649
5434,Alofi South,162,NU,Niue,13,village,-19.0735968,-169.9480408,2025-05-20 19:18:29.649,1,2025-05-20 19:18:29.649,1,,-05:00:00,-05:00:00,2025-05-20 19:18:29.649,2025-05-20 19:18:29.649
5432,Avatele,162,NU,Niue,11,village,-19.1237302,-169.9165678,2025-05-20 19:18:29.649,1,2025-05-20 19:18:29.649,1,,-05:00:00,-05:00:00,2025-05-20 19:18:29.649,2025-05-20 19:18:29.649
5430,Hakupu,162,NU,Niue,9,village,-19.1287275,-169.8492123,2025-05-20 19:18:29.649,1,2025-05-20 19:18:29.649,1,,-05:00:00,-05:00:00,2025-05-20 19:18:29.649,2025-05-20 19:18:29.649
5425,Hikutavake,162,NU,Niue,4,village,-18.9775511,-169.8944536,2025-05-20 19:18:29.649,1,2025-05-20 19:18:29.649,1,,-05:00:00,-05:00:00,2025-05-20 19:18:29.649,2025-05-20 19:18:29.649
5428,Lakepa,162,NU,Niue,7,village,-19.0096425,-169.8120046,2025-05-20 19:18:29.649,1,2025-05-20 19:18:29.649,1,,-05:00:00,-05:00:00,2025-05-20 19:18:29.649,2025-05-20 19:18:29.649
5429,Liku,162,NU,Niue,8,village,-19.0536907,-169.7942591,2025-05-20 19:18:29.649,1,2025-05-20 19:18:29.649,1,,-05:00:00,-05:00:00,2025-05-20 19:18:29.649,2025-05-20 19:18:29.649
5422,Makefu,162,NU,Niue,1,village,-19.0032618,-169.9204732,2025-05-20 19:18:29.649,1,2025-05-20 19:18:29.649,1,,-05:00:00,-05:00:00,2025-05-20 19:18:29.649,2025-05-20 19:18:29.649
5427,Mutalau,162,NU,Niue,6,village,-18.9639385,-169.8327863,2025-05-20 19:18:29.649,1,2025-05-20 19:18:29.649,1,,-05:00:00,-05:00:00,2025-05-20 19:18:29.649,2025-05-20 19:18:29.649
5424,Namukulu,162,NU,Niue,3,village,-18.9812275,-169.9029422,2025-05-20 19:18:29.649,1,2025-05-20 19:18:29.649,1,,-05:00:00,-05:00:00,2025-05-20 19:18:29.649,2025-05-20 19:18:29.649
5433,Tamakautoga,162,NU,Niue,12,village,-19.1019851,-169.9301721,2025-05-20 19:18:29.649,1,2025-05-20 19:18:29.649,1,,-05:00:00,-05:00:00,2025-05-20 19:18:29.649,2025-05-20 19:18:29.649
5426,Toi,162,NU,Niue,5,village,-18.97376,-169.8629774,2025-05-20 19:18:29.649,1,2025-05-20 19:18:29.649,1,,-05:00:00,-05:00:00,2025-05-20 19:18:29.649,2025-05-20 19:18:29.649
5423,Tuapa,162,NU,Niue,2,village,-18.9912507,-169.9092078,2025-05-20 19:18:29.649,1,2025-05-20 19:18:29.649,1,,-05:00:00,-05:00:00,2025-05-20 19:18:29.649,2025-05-20 19:18:29.649
5431,Vaiea,162,NU,Niue,10,village,-19.1308358,-169.8938012,2025-05-20 19:18:29.649,1,2025-05-20 19:18:29.649,1,,-05:00:00,-05:00:00,2025-05-20 19:18:29.649,2025-05-20 19:18:29.649
3998,Chagang,115,KP,North Korea,4,province,40.7202809,126.5621137,2025-05-20 19:18:29.649,1,2025-05-20 19:18:29.649,1,,-05:00:00,-05:00:00,2025-05-20 19:18:29.649,2025-05-20 19:18:29.649
3999,Kangwon,115,KP,North Korea,7,province,38.8432393,127.5597067,2025-05-20 19:18:29.649,1,2025-05-20 19:18:29.649,1,,-05:00:00,-05:00:00,2025-05-20 19:18:29.649,2025-05-20 19:18:29.649
3995,North Hamgyong,115,KP,North Korea,9,province,41.8148758,129.4581955,2025-05-20 19:18:29.649,1,2025-05-20 19:18:29.649,1,,-05:00:00,-05:00:00,2025-05-20 19:18:29.649,2025-05-20 19:18:29.649
4004,North Hwanghae,115,KP,North Korea,6,province,38.3786085,126.4364363,2025-05-20 19:18:29.649,1,2025-05-20 19:18:29.649,1,,-05:00:00,-05:00:00,2025-05-20 19:18:29.649,2025-05-20 19:18:29.649
4002,North Pyongan,115,KP,North Korea,3,province,39.9255618,125.3928025,2025-05-20 19:18:29.649,1,2025-05-20 19:18:29.649,1,,-05:00:00,-05:00:00,2025-05-20 19:18:29.649,2025-05-20 19:18:29.649
4005,Pyongyang,115,KP,North Korea,1,capital city,39.0392193,125.7625241,2025-05-20 19:18:29.649,1,2025-05-20 19:18:29.649,1,,-05:00:00,-05:00:00,2025-05-20 19:18:29.649,2025-05-20 19:18:29.649
4001,Rason,115,KP,North Korea,13,special city,42.2569063,130.2977186,2025-05-20 19:18:29.649,1,2025-05-20 19:18:29.649,1,,-05:00:00,-05:00:00,2025-05-20 19:18:29.649,2025-05-20 19:18:29.649
3996,Ryanggang,115,KP,North Korea,10,province,41.2318921,128.5076359,2025-05-20 19:18:29.649,1,2025-05-20 19:18:29.649,1,,-05:00:00,-05:00:00,2025-05-20 19:18:29.649,2025-05-20 19:18:29.649
4000,South Hamgyong,115,KP,North Korea,8,province,40.3725339,128.298884,2025-05-20 19:18:29.649,1,2025-05-20 19:18:29.649,1,,-05:00:00,-05:00:00,2025-05-20 19:18:29.649,2025-05-20 19:18:29.649
4003,South Hwanghae,115,KP,North Korea,5,province,38.2007215,125.4781926,2025-05-20 19:18:29.649,1,2025-05-20 19:18:29.649,1,,-05:00:00,-05:00:00,2025-05-20 19:18:29.649,2025-05-20 19:18:29.649
3997,South Pyongan,115,KP,North Korea,2,province,39.3539178,126.168271,2025-05-20 19:18:29.649,1,2025-05-20 19:18:29.649,1,,-05:00:00,-05:00:00,2025-05-20 19:18:29.649,2025-05-20 19:18:29.649
703,Aerodrom,129,MK,North Macedonia,1,municipality,41.9464363,21.4931713,2025-05-20 19:18:29.649,1,2025-05-20 19:18:29.649,1,,-05:00:00,-05:00:00,2025-05-20 19:18:29.649,2025-05-20 19:18:29.649
656,Aračinovo,129,MK,North Macedonia,2,municipality,42.0247381,21.5766407,2025-05-20 19:18:29.649,1,2025-05-20 19:18:29.649,1,,-05:00:00,-05:00:00,2025-05-20 19:18:29.649,2025-05-20 19:18:29.649
716,Berovo,129,MK,North Macedonia,3,municipality,41.6661929,22.762883,2025-05-20 19:18:29.649,1,2025-05-20 19:18:29.649,1,,-05:00:00,-05:00:00,2025-05-20 19:18:29.649,2025-05-20 19:18:29.649
679,Bitola,129,MK,North Macedonia,4,municipality,41.0363302,21.3321974,2025-05-20 19:18:29.649,1,2025-05-20 19:18:29.649,1,,-05:00:00,-05:00:00,2025-05-20 19:18:29.649,2025-05-20 19:18:29.649
649,Bogdanci,129,MK,North Macedonia,5,municipality,41.1869616,22.5960268,2025-05-20 19:18:29.649,1,2025-05-20 19:18:29.649,1,,-05:00:00,-05:00:00,2025-05-20 19:18:29.649,2025-05-20 19:18:29.649
721,Bogovinje,129,MK,North Macedonia,6,municipality,41.9236371,20.9163887,2025-05-20 19:18:29.649,1,2025-05-20 19:18:29.649,1,,-05:00:00,-05:00:00,2025-05-20 19:18:29.649,2025-05-20 19:18:29.649
652,Bosilovo,129,MK,North Macedonia,7,municipality,41.4904864,22.7867174,2025-05-20 19:18:29.649,1,2025-05-20 19:18:29.649,1,,-05:00:00,-05:00:00,2025-05-20 19:18:29.649,2025-05-20 19:18:29.649
660,Brvenica,129,MK,North Macedonia,8,municipality,41.9681482,20.9819586,2025-05-20 19:18:29.649,1,2025-05-20 19:18:29.649,1,,-05:00:00,-05:00:00,2025-05-20 19:18:29.649,2025-05-20 19:18:29.649
694,Butel,129,MK,North Macedonia,9,municipality,42.0895068,21.463361,2025-05-20 19:18:29.649,1,2025-05-20 19:18:29.649,1,,-05:00:00,-05:00:00,2025-05-20 19:18:29.649,2025-05-20 19:18:29.649
704,Čair,129,MK,North Macedonia,79,municipality,41.9930355,21.4365318,2025-05-20 19:18:29.649,1,2025-05-20 19:18:29.649,1,,-05:00:00,-05:00:00,2025-05-20 19:18:29.649,2025-05-20 19:18:29.649
676,Čaška,129,MK,North Macedonia,80,municipality,41.647438,21.6914115,2025-05-20 19:18:29.649,1,2025-05-20 19:18:29.649,1,,-05:00:00,-05:00:00,2025-05-20 19:18:29.649,2025-05-20 19:18:29.649
702,Centar,129,MK,North Macedonia,77,municipality,41.9698934,21.4216267,2025-05-20 19:18:29.649,1,2025-05-20 19:18:29.649,1,,-05:00:00,-05:00:00,2025-05-20 19:18:29.649,2025-05-20 19:18:29.649
720,Centar Župa,129,MK,North Macedonia,78,municipality,41.4652259,20.5930548,2025-05-20 19:18:29.649,1,2025-05-20 19:18:29.649,1,,-05:00:00,-05:00:00,2025-05-20 19:18:29.649,2025-05-20 19:18:29.649
644,Češinovo-Obleševo,129,MK,North Macedonia,81,municipality,41.8639316,22.262246,2025-05-20 19:18:29.649,1,2025-05-20 19:18:29.649,1,,-05:00:00,-05:00:00,2025-05-20 19:18:29.649,2025-05-20 19:18:29.649
715,Čučer-Sandevo,129,MK,North Macedonia,82,municipality,42.1483946,21.4037407,2025-05-20 19:18:29.649,1,2025-05-20 19:18:29.649,1,,-05:00:00,-05:00:00,2025-05-20 19:18:29.649,2025-05-20 19:18:29.649
645,Debarca,129,MK,North Macedonia,22,municipality,41.3584077,20.8552919,2025-05-20 19:18:29.649,1,2025-05-20 19:18:29.649,1,,-05:00:00,-05:00:00,2025-05-20 19:18:29.649,2025-05-20 19:18:29.649
695,Delčevo,129,MK,North Macedonia,23,municipality,41.9684387,22.762883,2025-05-20 19:18:29.649,1,2025-05-20 19:18:29.649,1,,-05:00:00,-05:00:00,2025-05-20 19:18:29.649,2025-05-20 19:18:29.649
687,Demir Hisar,129,MK,North Macedonia,25,municipality,41.227083,21.1414226,2025-05-20 19:18:29.649,1,2025-05-20 19:18:29.649,1,,-05:00:00,-05:00:00,2025-05-20 19:18:29.649,2025-05-20 19:18:29.649
655,Demir Kapija,129,MK,North Macedonia,24,municipality,41.3795538,22.2145571,2025-05-20 19:18:29.649,1,2025-05-20 19:18:29.649,1,,-05:00:00,-05:00:00,2025-05-20 19:18:29.649,2025-05-20 19:18:29.649
697,Dojran,129,MK,North Macedonia,26,municipality,41.2436672,22.6913764,2025-05-20 19:18:29.649,1,2025-05-20 19:18:29.649,1,,-05:00:00,-05:00:00,2025-05-20 19:18:29.649,2025-05-20 19:18:29.649
675,Dolneni,129,MK,North Macedonia,27,municipality,41.4640935,21.4037407,2025-05-20 19:18:29.649,1,2025-05-20 19:18:29.649,1,,-05:00:00,-05:00:00,2025-05-20 19:18:29.649,2025-05-20 19:18:29.649
657,Drugovo,129,MK,North Macedonia,28,municipality,41.4408153,20.9268201,2025-05-20 19:18:29.649,1,2025-05-20 19:18:29.649,1,,-05:00:00,-05:00:00,2025-05-20 19:18:29.649,2025-05-20 19:18:29.649
707,Gazi Baba,129,MK,North Macedonia,17,municipality,42.0162961,21.4991334,2025-05-20 19:18:29.649,1,2025-05-20 19:18:29.649,1,,-05:00:00,-05:00:00,2025-05-20 19:18:29.649,2025-05-20 19:18:29.649
648,Gevgelija,129,MK,North Macedonia,18,municipality,41.2118606,22.3814624,2025-05-20 19:18:29.649,1,2025-05-20 19:18:29.649,1,,-05:00:00,-05:00:00,2025-05-20 19:18:29.649,2025-05-20 19:18:29.649
722,Gjorče Petrov,129,MK,North Macedonia,29,municipality,42.0606374,21.3202736,2025-05-20 19:18:29.649,1,2025-05-20 19:18:29.649,1,,-05:00:00,-05:00:00,2025-05-20 19:18:29.649,2025-05-20 19:18:29.649
693,Gostivar,129,MK,North Macedonia,19,municipality,41.8025541,20.9089378,2025-05-20 19:18:29.649,1,2025-05-20 19:18:29.649,1,,-05:00:00,-05:00:00,2025-05-20 19:18:29.649,2025-05-20 19:18:29.649
708,Gradsko,129,MK,North Macedonia,20,municipality,41.5991608,21.8807064,2025-05-20 19:18:29.649,1,2025-05-20 19:18:29.649,1,,-05:00:00,-05:00:00,2025-05-20 19:18:29.649,2025-05-20 19:18:29.649
684,Greater Skopje,129,MK,North Macedonia,85,capital city,41.9981294,21.4254355,2025-05-20 19:18:29.649,1,2025-05-20 19:18:29.649,1,,-05:00:00,-05:00:00,2025-05-20 19:18:29.649,2025-05-20 19:18:29.649
690,Ilinden,129,MK,North Macedonia,34,municipality,41.9957443,21.5676975,2025-05-20 19:18:29.649,1,2025-05-20 19:18:29.649,1,,-05:00:00,-05:00:00,2025-05-20 19:18:29.649,2025-05-20 19:18:29.649
678,Jegunovce,129,MK,North Macedonia,35,municipality,42.074072,21.1220478,2025-05-20 19:18:29.649,1,2025-05-20 19:18:29.649,1,,-05:00:00,-05:00:00,2025-05-20 19:18:29.649,2025-05-20 19:18:29.649
674,Karbinci,129,MK,North Macedonia,37,municipality,41.8180159,22.2324758,2025-05-20 19:18:29.649,1,2025-05-20 19:18:29.649,1,,-05:00:00,-05:00:00,2025-05-20 19:18:29.649,2025-05-20 19:18:29.649
681,Karpoš,129,MK,North Macedonia,38,municipality,41.9709661,21.3918168,2025-05-20 19:18:29.649,1,2025-05-20 19:18:29.649,1,,-05:00:00,-05:00:00,2025-05-20 19:18:29.649,2025-05-20 19:18:29.649
713,Kavadarci,129,MK,North Macedonia,36,municipality,41.2890068,21.9999435,2025-05-20 19:18:29.649,1,2025-05-20 19:18:29.649,1,,-05:00:00,-05:00:00,2025-05-20 19:18:29.649,2025-05-20 19:18:29.649
688,Kičevo,129,MK,North Macedonia,40,municipality,41.5129112,20.9525065,2025-05-20 19:18:29.649,1,2025-05-20 19:18:29.649,1,,-05:00:00,-05:00:00,2025-05-20 19:18:29.649,2025-05-20 19:18:29.649
686,Kisela Voda,129,MK,North Macedonia,39,municipality,41.92748,21.4931713,2025-05-20 19:18:29.649,1,2025-05-20 19:18:29.649,1,,-05:00:00,-05:00:00,2025-05-20 19:18:29.649,2025-05-20 19:18:29.649
723,Kočani,129,MK,North Macedonia,42,municipality,41.9858374,22.4053046,2025-05-20 19:18:29.649,1,2025-05-20 19:18:29.649,1,,-05:00:00,-05:00:00,2025-05-20 19:18:29.649,2025-05-20 19:18:29.649
665,Konče,129,MK,North Macedonia,41,municipality,41.5171011,22.3814624,2025-05-20 19:18:29.649,1,2025-05-20 19:18:29.649,1,,-05:00:00,-05:00:00,2025-05-20 19:18:29.649,2025-05-20 19:18:29.649
641,Kratovo,129,MK,North Macedonia,43,municipality,42.0537141,22.0714835,2025-05-20 19:18:29.649,1,2025-05-20 19:18:29.649,1,,-05:00:00,-05:00:00,2025-05-20 19:18:29.649,2025-05-20 19:18:29.649
677,Kriva Palanka,129,MK,North Macedonia,44,municipality,42.2058454,22.3307965,2025-05-20 19:18:29.649,1,2025-05-20 19:18:29.649,1,,-05:00:00,-05:00:00,2025-05-20 19:18:29.649,2025-05-20 19:18:29.649
647,Krivogaštani,129,MK,North Macedonia,45,municipality,41.3082306,21.3679689,2025-05-20 19:18:29.649,1,2025-05-20 19:18:29.649,1,,-05:00:00,-05:00:00,2025-05-20 19:18:29.649,2025-05-20 19:18:29.649
714,Kruševo,129,MK,North Macedonia,46,municipality,41.3769331,21.2606554,2025-05-20 19:18:29.649,1,2025-05-20 19:18:29.649,1,,-05:00:00,-05:00:00,2025-05-20 19:18:29.649,2025-05-20 19:18:29.649
683,Kumanovo,129,MK,North Macedonia,47,municipality,42.0732613,21.7853143,2025-05-20 19:18:29.649,1,2025-05-20 19:18:29.649,1,,-05:00:00,-05:00:00,2025-05-20 19:18:29.649,2025-05-20 19:18:29.649
659,Lipkovo,129,MK,North Macedonia,48,municipality,42.2006626,21.6183755,2025-05-20 19:18:29.649,1,2025-05-20 19:18:29.649,1,,-05:00:00,-05:00:00,2025-05-20 19:18:29.649,2025-05-20 19:18:29.649
705,Lozovo,129,MK,North Macedonia,49,municipality,41.7818139,21.9000827,2025-05-20 19:18:29.649,1,2025-05-20 19:18:29.649,1,,-05:00:00,-05:00:00,2025-05-20 19:18:29.649,2025-05-20 19:18:29.649
701,Makedonska Kamenica,129,MK,North Macedonia,51,municipality,42.0694604,22.548349,2025-05-20 19:18:29.649,1,2025-05-20 19:18:29.649,1,,-05:00:00,-05:00:00,2025-05-20 19:18:29.649,2025-05-20 19:18:29.649
692,Makedonski Brod,129,MK,North Macedonia,52,municipality,41.5133088,21.2174329,2025-05-20 19:18:29.649,1,2025-05-20 19:18:29.649,1,,-05:00:00,-05:00:00,2025-05-20 19:18:29.649,2025-05-20 19:18:29.649
669,Mavrovo and Rostuša,129,MK,North Macedonia,50,municipality,41.6092427,20.6012488,2025-05-20 19:18:29.649,1,2025-05-20 19:18:29.649,1,,-05:00:00,-05:00:00,2025-05-20 19:18:29.649,2025-05-20 19:18:29.649
653,Mogila,129,MK,North Macedonia,53,municipality,41.1479645,21.4514369,2025-05-20 19:18:29.649,1,2025-05-20 19:18:29.649,1,,-05:00:00,-05:00:00,2025-05-20 19:18:29.649,2025-05-20 19:18:29.649
664,Negotino,129,MK,North Macedonia,54,municipality,41.4989985,22.0953297,2025-05-20 19:18:29.649,1,2025-05-20 19:18:29.649,1,,-05:00:00,-05:00:00,2025-05-20 19:18:29.649,2025-05-20 19:18:29.649
696,Novaci,129,MK,North Macedonia,55,municipality,41.0442661,21.4588894,2025-05-20 19:18:29.649,1,2025-05-20 19:18:29.649,1,,-05:00:00,-05:00:00,2025-05-20 19:18:29.649,2025-05-20 19:18:29.649
718,Novo Selo,129,MK,North Macedonia,56,municipality,41.432558,22.8820489,2025-05-20 19:18:29.649,1,2025-05-20 19:18:29.649,1,,-05:00:00,-05:00:00,2025-05-20 19:18:29.649,2025-05-20 19:18:29.649
699,Ohrid,129,MK,North Macedonia,58,municipality,41.0682088,20.7599266,2025-05-20 19:18:29.649,1,2025-05-20 19:18:29.649,1,,-05:00:00,-05:00:00,2025-05-20 19:18:29.649,2025-05-20 19:18:29.649
682,Oslomej ,129,MK,North Macedonia,57,municipality,41.5758391,21.022196,2025-05-20 19:18:29.649,1,2025-05-20 19:18:29.649,1,,-05:00:00,-05:00:00,2025-05-20 19:18:29.649,2025-05-20 19:18:29.649
685,Pehčevo,129,MK,North Macedonia,60,municipality,41.7737132,22.8820489,2025-05-20 19:18:29.649,1,2025-05-20 19:18:29.649,1,,-05:00:00,-05:00:00,2025-05-20 19:18:29.649,2025-05-20 19:18:29.649
698,Petrovec,129,MK,North Macedonia,59,municipality,41.9029897,21.689921,2025-05-20 19:18:29.649,1,2025-05-20 19:18:29.649,1,,-05:00:00,-05:00:00,2025-05-20 19:18:29.649,2025-05-20 19:18:29.649
670,Plasnica,129,MK,North Macedonia,61,municipality,41.4546349,21.1056539,2025-05-20 19:18:29.649,1,2025-05-20 19:18:29.649,1,,-05:00:00,-05:00:00,2025-05-20 19:18:29.649,2025-05-20 19:18:29.649
666,Prilep,129,MK,North Macedonia,62,municipality,41.2693142,21.7137694,2025-05-20 19:18:29.649,1,2025-05-20 19:18:29.649,1,,-05:00:00,-05:00:00,2025-05-20 19:18:29.649,2025-05-20 19:18:29.649
646,Probištip,129,MK,North Macedonia,63,municipality,41.9589146,22.166867,2025-05-20 19:18:29.649,1,2025-05-20 19:18:29.649,1,,-05:00:00,-05:00:00,2025-05-20 19:18:29.649,2025-05-20 19:18:29.649
709,Radoviš,129,MK,North Macedonia,64,municipality,41.6495531,22.4768287,2025-05-20 19:18:29.649,1,2025-05-20 19:18:29.649,1,,-05:00:00,-05:00:00,2025-05-20 19:18:29.649,2025-05-20 19:18:29.649
717,Rankovce,129,MK,North Macedonia,65,municipality,42.1808141,22.0953297,2025-05-20 19:18:29.649,1,2025-05-20 19:18:29.649,1,,-05:00:00,-05:00:00,2025-05-20 19:18:29.649,2025-05-20 19:18:29.649
712,Resen,129,MK,North Macedonia,66,municipality,40.9368093,21.0460407,2025-05-20 19:18:29.649,1,2025-05-20 19:18:29.649,1,,-05:00:00,-05:00:00,2025-05-20 19:18:29.649,2025-05-20 19:18:29.649
691,Rosoman,129,MK,North Macedonia,67,municipality,41.4848006,21.8807064,2025-05-20 19:18:29.649,1,2025-05-20 19:18:29.649,1,,-05:00:00,-05:00:00,2025-05-20 19:18:29.649,2025-05-20 19:18:29.649
667,Saraj,129,MK,North Macedonia,68,municipality,41.9869496,21.2606554,2025-05-20 19:18:29.649,1,2025-05-20 19:18:29.649,1,,-05:00:00,-05:00:00,2025-05-20 19:18:29.649,2025-05-20 19:18:29.649
719,Sopište,129,MK,North Macedonia,70,municipality,41.8638492,21.3083499,2025-05-20 19:18:29.649,1,2025-05-20 19:18:29.649,1,,-05:00:00,-05:00:00,2025-05-20 19:18:29.649,2025-05-20 19:18:29.649
643,Staro Nagoričane,129,MK,North Macedonia,71,municipality,42.2191692,21.9045541,2025-05-20 19:18:29.649,1,2025-05-20 19:18:29.649,1,,-05:00:00,-05:00:00,2025-05-20 19:18:29.649,2025-05-20 19:18:29.649
661,Štip,129,MK,North Macedonia,83,municipality,41.7079297,22.1907122,2025-05-20 19:18:29.649,1,2025-05-20 19:18:29.649,1,,-05:00:00,-05:00:00,2025-05-20 19:18:29.649,2025-05-20 19:18:29.649
700,Struga,129,MK,North Macedonia,72,municipality,41.3173744,20.6645683,2025-05-20 19:18:29.649,1,2025-05-20 19:18:29.649,1,,-05:00:00,-05:00:00,2025-05-20 19:18:29.649,2025-05-20 19:18:29.649
710,Strumica,129,MK,North Macedonia,73,municipality,41.4378004,22.6427428,2025-05-20 19:18:29.649,1,2025-05-20 19:18:29.649,1,,-05:00:00,-05:00:00,2025-05-20 19:18:29.649,2025-05-20 19:18:29.649
711,Studeničani,129,MK,North Macedonia,74,municipality,41.9225639,21.5363965,2025-05-20 19:18:29.649,1,2025-05-20 19:18:29.649,1,,-05:00:00,-05:00:00,2025-05-20 19:18:29.649,2025-05-20 19:18:29.649
680,Šuto Orizari,129,MK,North Macedonia,84,municipality,42.0290416,21.4097027,2025-05-20 19:18:29.649,1,2025-05-20 19:18:29.649,1,,-05:00:00,-05:00:00,2025-05-20 19:18:29.649,2025-05-20 19:18:29.649
640,Sveti Nikole,129,MK,North Macedonia,69,municipality,41.8980312,21.9999435,2025-05-20 19:18:29.649,1,2025-05-20 19:18:29.649,1,,-05:00:00,-05:00:00,2025-05-20 19:18:29.649,2025-05-20 19:18:29.649
654,Tearce,129,MK,North Macedonia,75,municipality,42.0777511,21.0534923,2025-05-20 19:18:29.649,1,2025-05-20 19:18:29.649,1,,-05:00:00,-05:00:00,2025-05-20 19:18:29.649,2025-05-20 19:18:29.649
663,Tetovo,129,MK,North Macedonia,76,municipality,42.027486,20.9506636,2025-05-20 19:18:29.649,1,2025-05-20 19:18:29.649,1,,-05:00:00,-05:00:00,2025-05-20 19:18:29.649,2025-05-20 19:18:29.649
671,Valandovo,129,MK,North Macedonia,10,municipality,41.3211909,22.5006693,2025-05-20 19:18:29.649,1,2025-05-20 19:18:29.649,1,,-05:00:00,-05:00:00,2025-05-20 19:18:29.649,2025-05-20 19:18:29.649
658,Vasilevo,129,MK,North Macedonia,11,municipality,41.4741699,22.6422128,2025-05-20 19:18:29.649,1,2025-05-20 19:18:29.649,1,,-05:00:00,-05:00:00,2025-05-20 19:18:29.649,2025-05-20 19:18:29.649
651,Veles,129,MK,North Macedonia,13,municipality,41.7274426,21.7137694,2025-05-20 19:18:29.649,1,2025-05-20 19:18:29.649,1,,-05:00:00,-05:00:00,2025-05-20 19:18:29.649,2025-05-20 19:18:29.649
662,Vevčani,129,MK,North Macedonia,12,municipality,41.2407543,20.5915649,2025-05-20 19:18:29.649,1,2025-05-20 19:18:29.649,1,,-05:00:00,-05:00:00,2025-05-20 19:18:29.649,2025-05-20 19:18:29.649
672,Vinica,129,MK,North Macedonia,14,municipality,41.857102,22.5721881,2025-05-20 19:18:29.649,1,2025-05-20 19:18:29.649,1,,-05:00:00,-05:00:00,2025-05-20 19:18:29.649,2025-05-20 19:18:29.649
650,Vraneštica,129,MK,North Macedonia,15,municipality,41.4829087,21.0579632,2025-05-20 19:18:29.649,1,2025-05-20 19:18:29.649,1,,-05:00:00,-05:00:00,2025-05-20 19:18:29.649,2025-05-20 19:18:29.649
689,Vrapčište,129,MK,North Macedonia,16,municipality,41.879116,20.83145,2025-05-20 19:18:29.649,1,2025-05-20 19:18:29.649,1,,-05:00:00,-05:00:00,2025-05-20 19:18:29.649,2025-05-20 19:18:29.649
642,Zajas,129,MK,North Macedonia,31,municipality,41.6030328,20.8791343,2025-05-20 19:18:29.649,1,2025-05-20 19:18:29.649,1,,-05:00:00,-05:00:00,2025-05-20 19:18:29.649,2025-05-20 19:18:29.649
706,Zelenikovo,129,MK,North Macedonia,32,municipality,41.8733812,21.602725,2025-05-20 19:18:29.649,1,2025-05-20 19:18:29.649,1,,-05:00:00,-05:00:00,2025-05-20 19:18:29.649,2025-05-20 19:18:29.649
668,Želino,129,MK,North Macedonia,30,municipality,41.9006531,21.1175767,2025-05-20 19:18:29.649,1,2025-05-20 19:18:29.649,1,,-05:00:00,-05:00:00,2025-05-20 19:18:29.649,2025-05-20 19:18:29.649
673,Zrnovci,129,MK,North Macedonia,33,municipality,41.8228221,22.4172256,2025-05-20 19:18:29.649,1,2025-05-20 19:18:29.649,1,,-05:00:00,-05:00:00,2025-05-20 19:18:29.649,2025-05-20 19:18:29.649
1014,Agder,165,NO,Norway,42,county,58.7406934,6.7531521,2025-05-20 19:18:29.649,1,2025-05-20 19:18:29.649,1,,-05:00:00,-05:00:00,2025-05-20 19:18:29.649,2025-05-20 19:18:29.649
5448,Akershus,165,NO,Norway,32,county,60.0246419,9.7486752,2025-05-20 19:18:29.649,1,2025-05-20 19:18:29.649,1,,-05:00:00,-05:00:00,2025-05-20 19:18:29.649,2025-05-20 19:18:29.649
5449,Buskerud,165,NO,Norway,33,county,60.2432292,7.6987309,2025-05-20 19:18:29.649,1,2025-05-20 19:18:29.649,1,,-05:00:00,-05:00:00,2025-05-20 19:18:29.649,2025-05-20 19:18:29.649
1015,Finnmark,165,NO,Norway,56,county,69.8526132,20.6646421,2025-05-20 19:18:29.649,1,2025-05-20 19:18:29.649,1,,-05:00:00,-05:00:00,2025-05-20 19:18:29.649,2025-05-20 19:18:29.649
1009,Innlandet,165,NO,Norway,34,county,61.1935787,5.5083266,2025-05-20 19:18:29.649,1,2025-05-20 19:18:29.649,1,,-05:00:00,-05:00:00,2025-05-20 19:18:29.649,2025-05-20 19:18:29.649
1026,Jan Mayen,165,NO,Norway,22,arctic region,71.031818,-8.2920346,2025-05-20 19:18:29.649,1,2025-05-20 19:18:29.649,1,,-05:00:00,-05:00:00,2025-05-20 19:18:29.649,2025-05-20 19:18:29.649
1020,Møre og Romsdal,165,NO,Norway,15,county,62.8406833,7.007143,2025-05-20 19:18:29.649,1,2025-05-20 19:18:29.649,1,,-05:00:00,-05:00:00,2025-05-20 19:18:29.649,2025-05-20 19:18:29.649
1025,Nordland,165,NO,Norway,18,county,67.693058,12.7073936,2025-05-20 19:18:29.649,1,2025-05-20 19:18:29.649,1,,-05:00:00,-05:00:00,2025-05-20 19:18:29.649,2025-05-20 19:18:29.649
1007,Oslo,165,NO,Norway,3,county,59.9138688,10.7522454,2025-05-20 19:18:29.649,1,2025-05-20 19:18:29.649,1,,-05:00:00,-05:00:00,2025-05-20 19:18:29.649,2025-05-20 19:18:29.649
5450,Østfold,165,NO,Norway,31,county,59.3219088,10.5225737,2025-05-20 19:18:29.649,1,2025-05-20 19:18:29.649,1,,-05:00:00,-05:00:00,2025-05-20 19:18:29.649,2025-05-20 19:18:29.649
1021,Rogaland,165,NO,Norway,11,county,59.1489544,6.0143432,2025-05-20 19:18:29.649,1,2025-05-20 19:18:29.649,1,,-05:00:00,-05:00:00,2025-05-20 19:18:29.649,2025-05-20 19:18:29.649
1013,Svalbard,165,NO,Norway,21,arctic region,77.8749725,20.9751821,2025-05-20 19:18:29.649,1,2025-05-20 19:18:29.649,1,,-05:00:00,-05:00:00,2025-05-20 19:18:29.649,2025-05-20 19:18:29.649
1024,Telemark,165,NO,Norway,40,county,59.4082067,7.1799574,2025-05-20 19:18:29.649,1,2025-05-20 19:18:29.649,1,,-05:00:00,-05:00:00,2025-05-20 19:18:29.649,2025-05-20 19:18:29.649
5451,Troms,165,NO,Norway,55,county,69.4282821,13.9656308,2025-05-20 19:18:29.649,1,2025-05-20 19:18:29.649,1,,-05:00:00,-05:00:00,2025-05-20 19:18:29.649,2025-05-20 19:18:29.649
1006,Trøndelag,165,NO,Norway,50,county,63.5420125,10.9369267,2025-05-20 19:18:29.649,1,2025-05-20 19:18:29.649,1,,-05:00:00,-05:00:00,2025-05-20 19:18:29.649,2025-05-20 19:18:29.649
5452,Vestfold,165,NO,Norway,39,county,59.227779,9.5545138,2025-05-20 19:18:29.649,1,2025-05-20 19:18:29.649,1,,-05:00:00,-05:00:00,2025-05-20 19:18:29.649,2025-05-20 19:18:29.649
1018,Vestland,165,NO,Norway,46,county,60.9069442,3.9627081,2025-05-20 19:18:29.649,1,2025-05-20 19:18:29.649,1,,-05:00:00,-05:00:00,2025-05-20 19:18:29.649,2025-05-20 19:18:29.649
3058,Ad Dakhiliyah,166,OM,Oman,DA,governorate,22.8588758,57.5394356,2025-05-20 19:18:29.649,1,2025-05-20 19:18:29.649,1,,-05:00:00,-05:00:00,2025-05-20 19:18:29.649,2025-05-20 19:18:29.649
3047,Ad Dhahirah,166,OM,Oman,ZA,governorate,23.2161674,56.4907444,2025-05-20 19:18:29.649,1,2025-05-20 19:18:29.649,1,,-05:00:00,-05:00:00,2025-05-20 19:18:29.649,2025-05-20 19:18:29.649
3048,Al Batinah North,166,OM,Oman,BS,governorate,24.1822775,56.1629713,2025-05-20 19:18:29.649,1,2025-05-20 19:18:29.649,1,,-05:00:00,-05:00:00,2025-05-20 19:18:29.649,2025-05-20 19:18:29.649
3050,Al Batinah Region,166,OM,Oman,BA,governorate,23.4953046,56.910815,2025-05-20 19:18:29.649,1,2025-05-20 19:18:29.649,1,,-05:00:00,-05:00:00,2025-05-20 19:18:29.649,2025-05-20 19:18:29.649
3049,Al Batinah South,166,OM,Oman,BJ,governorate,23.4314903,57.4239796,2025-05-20 19:18:29.649,1,2025-05-20 19:18:29.649,1,,-05:00:00,-05:00:00,2025-05-20 19:18:29.649,2025-05-20 19:18:29.649
3059,Al Buraimi,166,OM,Oman,BU,governorate,24.1671413,56.1142253,2025-05-20 19:18:29.649,1,2025-05-20 19:18:29.649,1,,-05:00:00,-05:00:00,2025-05-20 19:18:29.649,2025-05-20 19:18:29.649
3056,Al Wusta,166,OM,Oman,WU,governorate,19.9571078,56.2756846,2025-05-20 19:18:29.649,1,2025-05-20 19:18:29.649,1,,-05:00:00,-05:00:00,2025-05-20 19:18:29.649,2025-05-20 19:18:29.649
3053,Ash Sharqiyah North,166,OM,Oman,SS,governorate,22.0427249,57.3533415,2025-05-20 19:18:29.649,1,2025-05-20 19:18:29.649,1,,-05:00:00,-05:00:00,2025-05-20 19:18:29.649,2025-05-20 19:18:29.649
3051,Ash Sharqiyah Region,166,OM,Oman,SH,governorate,21.4008912,57.6984961,2025-05-20 19:18:29.649,1,2025-05-20 19:18:29.649,1,,-05:00:00,-05:00:00,2025-05-20 19:18:29.649,2025-05-20 19:18:29.649
3054,Ash Sharqiyah South,166,OM,Oman,SJ,governorate,22.0158249,59.3251922,2025-05-20 19:18:29.649,1,2025-05-20 19:18:29.649,1,,-05:00:00,-05:00:00,2025-05-20 19:18:29.649,2025-05-20 19:18:29.649
3057,Dhofar,166,OM,Oman,ZU,governorate,17.0322121,54.1425214,2025-05-20 19:18:29.649,1,2025-05-20 19:18:29.649,1,,-05:00:00,-05:00:00,2025-05-20 19:18:29.649,2025-05-20 19:18:29.649
3052,Musandam,166,OM,Oman,MU,governorate,26.1986144,56.2460949,2025-05-20 19:18:29.649,1,2025-05-20 19:18:29.649,1,,-05:00:00,-05:00:00,2025-05-20 19:18:29.649,2025-05-20 19:18:29.649
3055,Muscat,166,OM,Oman,MA,governorate,23.5880307,58.3828717,2025-05-20 19:18:29.649,1,2025-05-20 19:18:29.649,1,,-05:00:00,-05:00:00,2025-05-20 19:18:29.649,2025-05-20 19:18:29.649
3172,Azad Kashmir,167,PK,Pakistan,JK,administered area,33.9259055,73.7810334,2025-05-20 19:18:29.649,1,2025-05-20 19:18:29.649,1,,-05:00:00,-05:00:00,2025-05-20 19:18:29.649,2025-05-20 19:18:29.649
3174,Balochistan,167,PK,Pakistan,BA,province,28.4907332,65.0957792,2025-05-20 19:18:29.649,1,2025-05-20 19:18:29.649,1,,-05:00:00,-05:00:00,2025-05-20 19:18:29.649,2025-05-20 19:18:29.649
3173,Federally Administered Tribal Areas,167,PK,Pakistan,TA,administered area,32.667476,69.8597406,2025-05-20 19:18:29.649,1,2025-05-20 19:18:29.649,1,,-05:00:00,-05:00:00,2025-05-20 19:18:29.649,2025-05-20 19:18:29.649
3170,Gilgit-Baltistan,167,PK,Pakistan,GB,administered area,35.8025667,74.9831808,2025-05-20 19:18:29.649,1,2025-05-20 19:18:29.649,1,,-05:00:00,-05:00:00,2025-05-20 19:18:29.649,2025-05-20 19:18:29.649
3169,Islamabad,167,PK,Pakistan,IS,federal capital territory,33.7204997,73.0405277,2025-05-20 19:18:29.649,1,2025-05-20 19:18:29.649,1,,-05:00:00,-05:00:00,2025-05-20 19:18:29.649,2025-05-20 19:18:29.649
3171,Khyber Pakhtunkhwa,167,PK,Pakistan,KP,province,34.9526205,72.331113,2025-05-20 19:18:29.649,1,2025-05-20 19:18:29.649,1,,-05:00:00,-05:00:00,2025-05-20 19:18:29.649,2025-05-20 19:18:29.649
3176,Punjab,167,PK,Pakistan,PB,province,30.7768301,67.0765299,2025-05-20 19:18:29.649,1,2025-05-20 19:18:29.649,1,,-05:00:00,-05:00:00,2025-05-20 19:18:29.649,2025-05-20 19:18:29.649
3175,Sindh,167,PK,Pakistan,SD,province,25.8943018,68.5247149,2025-05-20 19:18:29.649,1,2025-05-20 19:18:29.649,1,,-05:00:00,-05:00:00,2025-05-20 19:18:29.649,2025-05-20 19:18:29.649
4540,Aimeliik,168,PW,Palau,2,state,7.4455859,134.5030878,2025-05-20 19:18:29.649,1,2025-05-20 19:18:29.649,1,,-05:00:00,-05:00:00,2025-05-20 19:18:29.649,2025-05-20 19:18:29.649
4528,Airai,168,PW,Palau,4,state,7.3966118,134.5690225,2025-05-20 19:18:29.649,1,2025-05-20 19:18:29.649,1,,-05:00:00,-05:00:00,2025-05-20 19:18:29.649,2025-05-20 19:18:29.649
4538,Angaur,168,PW,Palau,10,state,6.909223,134.1387934,2025-05-20 19:18:29.649,1,2025-05-20 19:18:29.649,1,,-05:00:00,-05:00:00,2025-05-20 19:18:29.649,2025-05-20 19:18:29.649
4529,Hatohobei,168,PW,Palau,50,state,3.0070658,131.1237781,2025-05-20 19:18:29.649,1,2025-05-20 19:18:29.649,1,,-05:00:00,-05:00:00,2025-05-20 19:18:29.649,2025-05-20 19:18:29.649
4539,Kayangel,168,PW,Palau,100,state,8.07,134.702778,2025-05-20 19:18:29.649,1,2025-05-20 19:18:29.649,1,,-05:00:00,-05:00:00,2025-05-20 19:18:29.649,2025-05-20 19:18:29.649
4532,Koror,168,PW,Palau,150,state,7.3375646,134.4889469,2025-05-20 19:18:29.649,1,2025-05-20 19:18:29.649,1,,-05:00:00,-05:00:00,2025-05-20 19:18:29.649,2025-05-20 19:18:29.649
4530,Melekeok,168,PW,Palau,212,state,7.5150286,134.5972518,2025-05-20 19:18:29.649,1,2025-05-20 19:18:29.649,1,,-05:00:00,-05:00:00,2025-05-20 19:18:29.649,2025-05-20 19:18:29.649
4537,Ngaraard,168,PW,Palau,214,state,7.60794,134.6348645,2025-05-20 19:18:29.649,1,2025-05-20 19:18:29.649,1,,-05:00:00,-05:00:00,2025-05-20 19:18:29.649,2025-05-20 19:18:29.649
4533,Ngarchelong,168,PW,Palau,218,state,7.7105469,134.6301646,2025-05-20 19:18:29.649,1,2025-05-20 19:18:29.649,1,,-05:00:00,-05:00:00,2025-05-20 19:18:29.649,2025-05-20 19:18:29.649
4527,Ngardmau,168,PW,Palau,222,state,7.5850486,134.5596089,2025-05-20 19:18:29.649,1,2025-05-20 19:18:29.649,1,,-05:00:00,-05:00:00,2025-05-20 19:18:29.649,2025-05-20 19:18:29.649
4531,Ngatpang,168,PW,Palau,224,state,7.4710994,134.5266466,2025-05-20 19:18:29.649,1,2025-05-20 19:18:29.649,1,,-05:00:00,-05:00:00,2025-05-20 19:18:29.649,2025-05-20 19:18:29.649
4536,Ngchesar,168,PW,Palau,226,state,7.452328,134.5784342,2025-05-20 19:18:29.649,1,2025-05-20 19:18:29.649,1,,-05:00:00,-05:00:00,2025-05-20 19:18:29.649,2025-05-20 19:18:29.649
4541,Ngeremlengui,168,PW,Palau,227,state,7.5198397,134.5596089,2025-05-20 19:18:29.649,1,2025-05-20 19:18:29.649,1,,-05:00:00,-05:00:00,2025-05-20 19:18:29.649,2025-05-20 19:18:29.649
4534,Ngiwal,168,PW,Palau,228,state,7.5614764,134.6160619,2025-05-20 19:18:29.649,1,2025-05-20 19:18:29.649,1,,-05:00:00,-05:00:00,2025-05-20 19:18:29.649,2025-05-20 19:18:29.649
4526,Peleliu,168,PW,Palau,350,state,7.0022906,134.2431628,2025-05-20 19:18:29.649,1,2025-05-20 19:18:29.649,1,,-05:00:00,-05:00:00,2025-05-20 19:18:29.649,2025-05-20 19:18:29.649
4535,Sonsorol,168,PW,Palau,370,state,5.3268119,132.2239117,2025-05-20 19:18:29.649,1,2025-05-20 19:18:29.649,1,,-05:00:00,-05:00:00,2025-05-20 19:18:29.649,2025-05-20 19:18:29.649
5118,Bethlehem,169,PS,Palestinian Territory Occupied,BTH,governorate,31.7053996,35.1936877,2025-05-20 19:18:29.649,1,2025-05-20 19:18:29.649,1,,-05:00:00,-05:00:00,2025-05-20 19:18:29.649,2025-05-20 19:18:29.649
5119,Deir El Balah,169,PS,Palestinian Territory Occupied,DEB,governorate,31.4202897,34.286164,2025-05-20 19:18:29.649,1,2025-05-20 19:18:29.649,1,,-05:00:00,-05:00:00,2025-05-20 19:18:29.649,2025-05-20 19:18:29.649
5120,Gaza,169,PS,Palestinian Territory Occupied,GZA,governorate,31.4872397,34.149989,2025-05-20 19:18:29.649,1,2025-05-20 19:18:29.649,1,,-05:00:00,-05:00:00,2025-05-20 19:18:29.649,2025-05-20 19:18:29.649
5121,Hebron,169,PS,Palestinian Territory Occupied,HBN,governorate,31.5326001,35.0639475,2025-05-20 19:18:29.649,1,2025-05-20 19:18:29.649,1,,-05:00:00,-05:00:00,2025-05-20 19:18:29.649,2025-05-20 19:18:29.649
5122,Jenin,169,PS,Palestinian Territory Occupied,JEN,governorate,32.4263761,35.0856887,2025-05-20 19:18:29.649,1,2025-05-20 19:18:29.649,1,,-05:00:00,-05:00:00,2025-05-20 19:18:29.649,2025-05-20 19:18:29.649
5123,Jericho ,169,PS,Palestinian Territory Occupied,JRH,governorate,31.9676425,35.1354279,2025-05-20 19:18:29.649,1,2025-05-20 19:18:29.649,1,,-05:00:00,-05:00:00,2025-05-20 19:18:29.649,2025-05-20 19:18:29.649
5124,Jerusalem (Quds),169,PS,Palestinian Territory Occupied,JEM,governorate,31.8020328,34.9599664,2025-05-20 19:18:29.649,1,2025-05-20 19:18:29.649,1,,-05:00:00,-05:00:00,2025-05-20 19:18:29.649,2025-05-20 19:18:29.649
5125,Khan Yunis,169,PS,Palestinian Territory Occupied,KYS,governorate,31.3298766,34.2254833,2025-05-20 19:18:29.649,1,2025-05-20 19:18:29.649,1,,-05:00:00,-05:00:00,2025-05-20 19:18:29.649,2025-05-20 19:18:29.649
5126,Nablus,169,PS,Palestinian Territory Occupied,NBS,governorate,32.2243755,35.2064793,2025-05-20 19:18:29.649,1,2025-05-20 19:18:29.649,1,,-05:00:00,-05:00:00,2025-05-20 19:18:29.649,2025-05-20 19:18:29.649
5127,North Gaza,169,PS,Palestinian Territory Occupied,NGZ,governorate,31.547506,34.4281409,2025-05-20 19:18:29.649,1,2025-05-20 19:18:29.649,1,,-05:00:00,-05:00:00,2025-05-20 19:18:29.649,2025-05-20 19:18:29.649
5128,Qalqilya,169,PS,Palestinian Territory Occupied,QQA,governorate,32.1810323,34.9936999,2025-05-20 19:18:29.649,1,2025-05-20 19:18:29.649,1,,-05:00:00,-05:00:00,2025-05-20 19:18:29.649,2025-05-20 19:18:29.649
5129,Rafah,169,PS,Palestinian Territory Occupied,RFH,governorate,31.2968899,34.1116685,2025-05-20 19:18:29.649,1,2025-05-20 19:18:29.649,1,,-05:00:00,-05:00:00,2025-05-20 19:18:29.649,2025-05-20 19:18:29.649
5130,Ramallah,169,PS,Palestinian Territory Occupied,RBH,governorate,31.9430145,34.8645651,2025-05-20 19:18:29.649,1,2025-05-20 19:18:29.649,1,,-05:00:00,-05:00:00,2025-05-20 19:18:29.649,2025-05-20 19:18:29.649
5131,Salfit,169,PS,Palestinian Territory Occupied,SLT,governorate,32.1112272,34.9578769,2025-05-20 19:18:29.649,1,2025-05-20 19:18:29.649,1,,-05:00:00,-05:00:00,2025-05-20 19:18:29.649,2025-05-20 19:18:29.649
5132,Tubas,169,PS,Palestinian Territory Occupied,TBS,governorate,32.2938043,34.851098,2025-05-20 19:18:29.649,1,2025-05-20 19:18:29.649,1,,-05:00:00,-05:00:00,2025-05-20 19:18:29.649,2025-05-20 19:18:29.649
5133,Tulkarm,169,PS,Palestinian Territory Occupied,TKM,governorate,32.3276672,34.9231108,2025-05-20 19:18:29.649,1,2025-05-20 19:18:29.649,1,,-05:00:00,-05:00:00,2025-05-20 19:18:29.649,2025-05-20 19:18:29.649
1393,Bocas del Toro,170,PA,Panama,1,province,9.4165521,-82.5207787,2025-05-20 19:18:29.649,1,2025-05-20 19:18:29.649,1,,-05:00:00,-05:00:00,2025-05-20 19:18:29.649,2025-05-20 19:18:29.649
1397,Chiriquí Province,170,PA,Panama,4,province,8.584898,-82.3885783,2025-05-20 19:18:29.649,1,2025-05-20 19:18:29.649,1,,-05:00:00,-05:00:00,2025-05-20 19:18:29.649,2025-05-20 19:18:29.649
1387,Coclé,170,PA,Panama,2,province,8.6266068,-80.365865,2025-05-20 19:18:29.649,1,2025-05-20 19:18:29.649,1,,-05:00:00,-05:00:00,2025-05-20 19:18:29.649,2025-05-20 19:18:29.649
1386,Colón,170,PA,Panama,3,province,9.1851989,-80.0534923,2025-05-20 19:18:29.649,1,2025-05-20 19:18:29.649,1,,-05:00:00,-05:00:00,2025-05-20 19:18:29.649,2025-05-20 19:18:29.649
1385,Darién,170,PA,Panama,5,province,7.8681713,-77.8367282,2025-05-20 19:18:29.649,1,2025-05-20 19:18:29.649,1,,-05:00:00,-05:00:00,2025-05-20 19:18:29.649,2025-05-20 19:18:29.649
1396,Emberá-Wounaan Comarca,170,PA,Panama,EM,indigenous region,8.3766983,-77.6536125,2025-05-20 19:18:29.649,1,2025-05-20 19:18:29.649,1,,-05:00:00,-05:00:00,2025-05-20 19:18:29.649,2025-05-20 19:18:29.649
1388,Guna,170,PA,Panama,KY,indigenous region,9.2344395,-78.192625,2025-05-20 19:18:29.649,1,2025-05-20 19:18:29.649,1,,-05:00:00,-05:00:00,2025-05-20 19:18:29.649,2025-05-20 19:18:29.649
1389,Herrera,170,PA,Panama,6,province,7.7704282,-80.7214417,2025-05-20 19:18:29.649,1,2025-05-20 19:18:29.649,1,,-05:00:00,-05:00:00,2025-05-20 19:18:29.649,2025-05-20 19:18:29.649
1390,Los Santos,170,PA,Panama,7,province,7.5909302,-80.365865,2025-05-20 19:18:29.649,1,2025-05-20 19:18:29.649,1,,-05:00:00,-05:00:00,2025-05-20 19:18:29.649,2025-05-20 19:18:29.649
1391,Ngöbe-Buglé Comarca,170,PA,Panama,NB,indigenous region,8.6595833,-81.7787021,2025-05-20 19:18:29.649,1,2025-05-20 19:18:29.649,1,,-05:00:00,-05:00:00,2025-05-20 19:18:29.649,2025-05-20 19:18:29.649
1395,Panamá,170,PA,Panama,8,province,8.8635198,-79.5314907,2025-05-20 19:18:29.649,1,2025-05-20 19:18:29.649,1,,-05:00:00,-05:00:00,2025-05-20 19:18:29.649,2025-05-20 19:18:29.649
1394,Panamá Oeste,170,PA,Panama,10,province,8.8019883,-80.195977,2025-05-20 19:18:29.649,1,2025-05-20 19:18:29.649,1,,-05:00:00,-05:00:00,2025-05-20 19:18:29.649,2025-05-20 19:18:29.649
1392,Veraguas,170,PA,Panama,9,province,8.1231033,-81.0754657,2025-05-20 19:18:29.649,1,2025-05-20 19:18:29.649,1,,-05:00:00,-05:00:00,2025-05-20 19:18:29.649,2025-05-20 19:18:29.649
4831,Bougainville,171,PG,Papua New Guinea,NSB,autonomous region,-6.3753919,155.3807101,2025-05-20 19:18:29.649,1,2025-05-20 19:18:29.649,1,,-05:00:00,-05:00:00,2025-05-20 19:18:29.649,2025-05-20 19:18:29.649
4847,Central,171,PG,Papua New Guinea,CPM,province,-9.0849686,146.7072733,2025-05-20 19:18:29.649,1,2025-05-20 19:18:29.649,1,,-05:00:00,-05:00:00,2025-05-20 19:18:29.649,2025-05-20 19:18:29.649
4846,Chimbu,171,PG,Papua New Guinea,CPK,province,-6.3087682,144.8731219,2025-05-20 19:18:29.649,1,2025-05-20 19:18:29.649,1,,-05:00:00,-05:00:00,2025-05-20 19:18:29.649,2025-05-20 19:18:29.649
4834,East New Britain,171,PG,Papua New Guinea,EBR,province,-4.6128943,151.8877321,2025-05-20 19:18:29.649,1,2025-05-20 19:18:29.649,1,,-05:00:00,-05:00:00,2025-05-20 19:18:29.649,2025-05-20 19:18:29.649
5228,East Sepik,171,PG,Papua New Guinea,ESW,province,-4,143.75,2025-05-20 19:18:29.649,1,2025-05-20 19:18:29.649,1,,-05:00:00,-05:00:00,2025-05-20 19:18:29.649,2025-05-20 19:18:29.649
4845,Eastern Highlands,171,PG,Papua New Guinea,EHG,province,-6.5861674,145.6689636,2025-05-20 19:18:29.649,1,2025-05-20 19:18:29.649,1,,-05:00:00,-05:00:00,2025-05-20 19:18:29.649,2025-05-20 19:18:29.649
4848,Enga,171,PG,Papua New Guinea,EPW,province,-5.3005849,143.5635637,2025-05-20 19:18:29.649,1,2025-05-20 19:18:29.649,1,,-05:00:00,-05:00:00,2025-05-20 19:18:29.649,2025-05-20 19:18:29.649
4839,Gulf,171,PG,Papua New Guinea,GPK,province,-7.6400329,142.1832677,2025-05-20 19:18:29.649,1,2025-05-20 19:18:29.649,1,,-05:00:00,-05:00:00,2025-05-20 19:18:29.649,2025-05-20 19:18:29.649
4833,Hela,171,PG,Papua New Guinea,HLA,province,-5.6613108,142.0899857,2025-05-20 19:18:29.649,1,2025-05-20 19:18:29.649,1,,-05:00:00,-05:00:00,2025-05-20 19:18:29.649,2025-05-20 19:18:29.649
4832,Jiwaka,171,PG,Papua New Guinea,JWK,province,-5.8691154,144.6972774,2025-05-20 19:18:29.649,1,2025-05-20 19:18:29.649,1,,-05:00:00,-05:00:00,2025-05-20 19:18:29.649,2025-05-20 19:18:29.649
4843,Madang,171,PG,Papua New Guinea,MPM,province,-4.9849733,145.1375834,2025-05-20 19:18:29.649,1,2025-05-20 19:18:29.649,1,,-05:00:00,-05:00:00,2025-05-20 19:18:29.649,2025-05-20 19:18:29.649
4842,Manus,171,PG,Papua New Guinea,MRL,province,-2.0941169,146.8760951,2025-05-20 19:18:29.649,1,2025-05-20 19:18:29.649,1,,-05:00:00,-05:00:00,2025-05-20 19:18:29.649,2025-05-20 19:18:29.649
4849,Milne Bay,171,PG,Papua New Guinea,MBA,province,-9.5221451,150.6749653,2025-05-20 19:18:29.649,1,2025-05-20 19:18:29.649,1,,-05:00:00,-05:00:00,2025-05-20 19:18:29.649,2025-05-20 19:18:29.649
4835,Morobe,171,PG,Papua New Guinea,MPL,province,-6.8013737,146.561647,2025-05-20 19:18:29.649,1,2025-05-20 19:18:29.649,1,,-05:00:00,-05:00:00,2025-05-20 19:18:29.649,2025-05-20 19:18:29.649
4841,New Ireland,171,PG,Papua New Guinea,NIK,province,-4.2853256,152.9205918,2025-05-20 19:18:29.649,1,2025-05-20 19:18:29.649,1,,-05:00:00,-05:00:00,2025-05-20 19:18:29.649,2025-05-20 19:18:29.649
4838,Oro,171,PG,Papua New Guinea,NPP,province,-8.8988063,148.1892921,2025-05-20 19:18:29.649,1,2025-05-20 19:18:29.649,1,,-05:00:00,-05:00:00,2025-05-20 19:18:29.649,2025-05-20 19:18:29.649
4837,Port Moresby,171,PG,Papua New Guinea,NCD,district,-9.4438004,147.1802671,2025-05-20 19:18:29.649,1,2025-05-20 19:18:29.649,1,,-05:00:00,-05:00:00,2025-05-20 19:18:29.649,2025-05-20 19:18:29.649
4836,Sandaun,171,PG,Papua New Guinea,SAN,province,-3.7126179,141.6834275,2025-05-20 19:18:29.649,1,2025-05-20 19:18:29.649,1,,-05:00:00,-05:00:00,2025-05-20 19:18:29.649,2025-05-20 19:18:29.649
4844,Southern Highlands,171,PG,Papua New Guinea,SHM,province,-6.4179083,143.5635637,2025-05-20 19:18:29.649,1,2025-05-20 19:18:29.649,1,,-05:00:00,-05:00:00,2025-05-20 19:18:29.649,2025-05-20 19:18:29.649
4830,West New Britain,171,PG,Papua New Guinea,WBK,province,-5.7047432,150.0259466,2025-05-20 19:18:29.649,1,2025-05-20 19:18:29.649,1,,-05:00:00,-05:00:00,2025-05-20 19:18:29.649,2025-05-20 19:18:29.649
4850,Western,171,PG,Papua New Guinea,WPD,province,-7.1637537,141.0635705,2025-05-20 19:18:29.649,1,2025-05-20 19:18:29.649,1,,-05:00:00,-05:00:00,2025-05-20 19:18:29.649,2025-05-20 19:18:29.649
4840,Western Highlands,171,PG,Papua New Guinea,WHM,province,-5.6268128,144.2593118,2025-05-20 19:18:29.649,1,2025-05-20 19:18:29.649,1,,-05:00:00,-05:00:00,2025-05-20 19:18:29.649,2025-05-20 19:18:29.649
2785,Alto Paraguay,172,PY,Paraguay,16,department,-20.0852508,-59.4720904,2025-05-20 19:18:29.649,1,2025-05-20 19:18:29.649,1,,-05:00:00,-05:00:00,2025-05-20 19:18:29.649,2025-05-20 19:18:29.649
2784,Alto Paraná,172,PY,Paraguay,10,department,-25.6075546,-54.9611836,2025-05-20 19:18:29.649,1,2025-05-20 19:18:29.649,1,,-05:00:00,-05:00:00,2025-05-20 19:18:29.649,2025-05-20 19:18:29.649
2782,Amambay,172,PY,Paraguay,13,department,-22.5590272,-56.0249982,2025-05-20 19:18:29.649,1,2025-05-20 19:18:29.649,1,,-05:00:00,-05:00:00,2025-05-20 19:18:29.649,2025-05-20 19:18:29.649
5221,Asuncion,172,PY,Paraguay,ASU,capital,-25.2968297,-57.6806623,2025-05-20 19:18:29.649,1,2025-05-20 19:18:29.649,1,,-05:00:00,-05:00:00,2025-05-20 19:18:29.649,2025-05-20 19:18:29.649
2780,Boquerón,172,PY,Paraguay,19,department,-21.7449254,-60.9540073,2025-05-20 19:18:29.649,1,2025-05-20 19:18:29.649,1,,-05:00:00,-05:00:00,2025-05-20 19:18:29.649,2025-05-20 19:18:29.649
2773,Caaguazú,172,PY,Paraguay,5,department,-25.4645818,-56.013851,2025-05-20 19:18:29.649,1,2025-05-20 19:18:29.649,1,,-05:00:00,-05:00:00,2025-05-20 19:18:29.649,2025-05-20 19:18:29.649
2775,Caazapá,172,PY,Paraguay,6,department,-26.1827713,-56.3712327,2025-05-20 19:18:29.649,1,2025-05-20 19:18:29.649,1,,-05:00:00,-05:00:00,2025-05-20 19:18:29.649,2025-05-20 19:18:29.649
2771,Canindeyú,172,PY,Paraguay,14,department,-24.1378735,-55.6689636,2025-05-20 19:18:29.649,1,2025-05-20 19:18:29.649,1,,-05:00:00,-05:00:00,2025-05-20 19:18:29.649,2025-05-20 19:18:29.649
2777,Central,172,PY,Paraguay,11,department,36.1559229,-95.9662075,2025-05-20 19:18:29.649,1,2025-05-20 19:18:29.649,1,,-05:00:00,-05:00:00,2025-05-20 19:18:29.649,2025-05-20 19:18:29.649
2779,Concepción,172,PY,Paraguay,1,department,-23.4214264,-57.4344451,2025-05-20 19:18:29.649,1,2025-05-20 19:18:29.649,1,,-05:00:00,-05:00:00,2025-05-20 19:18:29.649,2025-05-20 19:18:29.649
2783,Cordillera,172,PY,Paraguay,3,department,-25.2289491,-57.0111681,2025-05-20 19:18:29.649,1,2025-05-20 19:18:29.649,1,,-05:00:00,-05:00:00,2025-05-20 19:18:29.649,2025-05-20 19:18:29.649
2772,Guairá,172,PY,Paraguay,4,department,-25.8810932,-56.2929381,2025-05-20 19:18:29.649,1,2025-05-20 19:18:29.649,1,,-05:00:00,-05:00:00,2025-05-20 19:18:29.649,2025-05-20 19:18:29.649
2778,Itapúa,172,PY,Paraguay,7,department,-26.7923623,-55.6689636,2025-05-20 19:18:29.649,1,2025-05-20 19:18:29.649,1,,-05:00:00,-05:00:00,2025-05-20 19:18:29.649,2025-05-20 19:18:29.649
2786,Misiones,172,PY,Paraguay,8,department,-26.8433512,-57.1013188,2025-05-20 19:18:29.649,1,2025-05-20 19:18:29.649,1,,-05:00:00,-05:00:00,2025-05-20 19:18:29.649,2025-05-20 19:18:29.649
2781,Ñeembucú,172,PY,Paraguay,12,department,-27.0299114,-57.825395,2025-05-20 19:18:29.649,1,2025-05-20 19:18:29.649,1,,-05:00:00,-05:00:00,2025-05-20 19:18:29.649,2025-05-20 19:18:29.649
2774,Paraguarí,172,PY,Paraguay,9,department,-25.6262174,-57.1520642,2025-05-20 19:18:29.649,1,2025-05-20 19:18:29.649,1,,-05:00:00,-05:00:00,2025-05-20 19:18:29.649,2025-05-20 19:18:29.649
2770,Presidente Hayes,172,PY,Paraguay,15,department,-23.3512605,-58.7373634,2025-05-20 19:18:29.649,1,2025-05-20 19:18:29.649,1,,-05:00:00,-05:00:00,2025-05-20 19:18:29.649,2025-05-20 19:18:29.649
2776,San Pedro,172,PY,Paraguay,2,department,-24.1948668,-56.561647,2025-05-20 19:18:29.649,1,2025-05-20 19:18:29.649,1,,-05:00:00,-05:00:00,2025-05-20 19:18:29.649,2025-05-20 19:18:29.649
3685,Amazonas,173,PE,Peru,AMA,region,-4.9856327,-79.2417436,2025-05-20 19:18:29.649,1,2025-05-20 19:18:29.649,1,,-05:00:00,-05:00:00,2025-05-20 19:18:29.649,2025-05-20 19:18:29.649
3680,Áncash,173,PE,Peru,ANC,region,-9.3250497,-77.5619419,2025-05-20 19:18:29.649,1,2025-05-20 19:18:29.649,1,,-05:00:00,-05:00:00,2025-05-20 19:18:29.649,2025-05-20 19:18:29.649
3699,Apurímac,173,PE,Peru,APU,region,-14.0504533,-73.087749,2025-05-20 19:18:29.649,1,2025-05-20 19:18:29.649,1,,-05:00:00,-05:00:00,2025-05-20 19:18:29.649,2025-05-20 19:18:29.649
3681,Arequipa,173,PE,Peru,ARE,region,-16.4090474,-71.537451,2025-05-20 19:18:29.649,1,2025-05-20 19:18:29.649,1,,-05:00:00,-05:00:00,2025-05-20 19:18:29.649,2025-05-20 19:18:29.649
3692,Ayacucho,173,PE,Peru,AYA,region,-13.1638737,-74.2235641,2025-05-20 19:18:29.649,1,2025-05-20 19:18:29.649,1,,-05:00:00,-05:00:00,2025-05-20 19:18:29.649,2025-05-20 19:18:29.649
3688,Cajamarca,173,PE,Peru,CAJ,region,-7.1617465,-78.5127855,2025-05-20 19:18:29.649,1,2025-05-20 19:18:29.649,1,,-05:00:00,-05:00:00,2025-05-20 19:18:29.649,2025-05-20 19:18:29.649
3701,Callao,173,PE,Peru,CAL,region,-12.0508491,-77.1259843,2025-05-20 19:18:29.649,1,2025-05-20 19:18:29.649,1,,-05:00:00,-05:00:00,2025-05-20 19:18:29.649,2025-05-20 19:18:29.649
3691,Cusco,173,PE,Peru,CUS,region,-13.53195,-71.9674626,2025-05-20 19:18:29.649,1,2025-05-20 19:18:29.649,1,,-05:00:00,-05:00:00,2025-05-20 19:18:29.649,2025-05-20 19:18:29.649
3679,Huancavelica,173,PE,Peru,HUV,region,-12.7861978,-74.9764024,2025-05-20 19:18:29.649,1,2025-05-20 19:18:29.649,1,,-05:00:00,-05:00:00,2025-05-20 19:18:29.649,2025-05-20 19:18:29.649
3687,Huanuco,173,PE,Peru,HUC,region,-9.9207648,-76.2410843,2025-05-20 19:18:29.649,1,2025-05-20 19:18:29.649,1,,-05:00:00,-05:00:00,2025-05-20 19:18:29.649,2025-05-20 19:18:29.649
3700,Ica,173,PE,Peru,ICA,region,-14.2006239,-76.8415195,2025-05-20 19:18:29.649,1,2025-05-20 19:18:29.649,1,,-05:00:00,-05:00:00,2025-05-20 19:18:29.649,2025-05-20 19:18:29.649
3693,Junín,173,PE,Peru,JUN,region,-11.1581925,-75.9926306,2025-05-20 19:18:29.649,1,2025-05-20 19:18:29.649,1,,-05:00:00,-05:00:00,2025-05-20 19:18:29.649,2025-05-20 19:18:29.649
3683,La Libertad,173,PE,Peru,LAL,region,-7.9540887,-79.6153395,2025-05-20 19:18:29.649,1,2025-05-20 19:18:29.649,1,,-05:00:00,-05:00:00,2025-05-20 19:18:29.649,2025-05-20 19:18:29.649
3702,Lambayeque,173,PE,Peru,LAM,region,-6.7197666,-79.9080757,2025-05-20 19:18:29.649,1,2025-05-20 19:18:29.649,1,,-05:00:00,-05:00:00,2025-05-20 19:18:29.649,2025-05-20 19:18:29.649
3695,Lima,173,PE,Peru,LIM,region,-12.0463731,-77.042754,2025-05-20 19:18:29.649,1,2025-05-20 19:18:29.649,1,,-05:00:00,-05:00:00,2025-05-20 19:18:29.649,2025-05-20 19:18:29.649
4922,Loreto,173,PE,Peru,LOR,region,-4.3741643,-76.1304264,2025-05-20 19:18:29.649,1,2025-05-20 19:18:29.649,1,,-05:00:00,-05:00:00,2025-05-20 19:18:29.649,2025-05-20 19:18:29.649
3678,Madre de Dios,173,PE,Peru,MDD,region,-11.7668705,-70.8119953,2025-05-20 19:18:29.649,1,2025-05-20 19:18:29.649,1,,-05:00:00,-05:00:00,2025-05-20 19:18:29.649,2025-05-20 19:18:29.649
3698,Moquegua,173,PE,Peru,MOQ,region,-17.1927361,-70.9328138,2025-05-20 19:18:29.649,1,2025-05-20 19:18:29.649,1,,-05:00:00,-05:00:00,2025-05-20 19:18:29.649,2025-05-20 19:18:29.649
3686,Pasco,173,PE,Peru,PAS,region,-10.298064,-76.7506193,2025-05-20 19:18:29.649,1,2025-05-20 19:18:29.649,1,,-05:00:00,-05:00:00,2025-05-20 19:18:29.649,2025-05-20 19:18:29.649
3697,Piura,173,PE,Peru,PIU,region,-5.1782884,-80.6548882,2025-05-20 19:18:29.649,1,2025-05-20 19:18:29.649,1,,-05:00:00,-05:00:00,2025-05-20 19:18:29.649,2025-05-20 19:18:29.649
3682,Puno,173,PE,Peru,PUN,region,-15.8402218,-70.0218805,2025-05-20 19:18:29.649,1,2025-05-20 19:18:29.649,1,,-05:00:00,-05:00:00,2025-05-20 19:18:29.649,2025-05-20 19:18:29.649
3694,San Martín,173,PE,Peru,SAM,region,37.0849464,-121.6102216,2025-05-20 19:18:29.649,1,2025-05-20 19:18:29.649,1,,-05:00:00,-05:00:00,2025-05-20 19:18:29.649,2025-05-20 19:18:29.649
3696,Tacna,173,PE,Peru,TAC,region,-18.0065679,-70.2462741,2025-05-20 19:18:29.649,1,2025-05-20 19:18:29.649,1,,-05:00:00,-05:00:00,2025-05-20 19:18:29.649,2025-05-20 19:18:29.649
3689,Tumbes,173,PE,Peru,TUM,region,-3.5564921,-80.4270885,2025-05-20 19:18:29.649,1,2025-05-20 19:18:29.649,1,,-05:00:00,-05:00:00,2025-05-20 19:18:29.649,2025-05-20 19:18:29.649
3684,Ucayali,173,PE,Peru,UCA,region,-9.8251183,-73.087749,2025-05-20 19:18:29.649,1,2025-05-20 19:18:29.649,1,,-05:00:00,-05:00:00,2025-05-20 19:18:29.649,2025-05-20 19:18:29.649
1324,Abra,174,PH,Philippines,ABR,province,42.497083,-96.38441,2025-05-20 19:18:29.649,1,2025-05-20 19:18:29.649,1,,-05:00:00,-05:00:00,2025-05-20 19:18:29.649,2025-05-20 19:18:29.649
1323,Agusan del Norte,174,PH,Philippines,AGN,province,8.9456259,125.5319234,2025-05-20 19:18:29.649,1,2025-05-20 19:18:29.649,1,,-05:00:00,-05:00:00,2025-05-20 19:18:29.649,2025-05-20 19:18:29.649
1326,Agusan del Sur,174,PH,Philippines,AGS,province,8.0463888,126.0615384,2025-05-20 19:18:29.649,1,2025-05-20 19:18:29.649,1,,-05:00:00,-05:00:00,2025-05-20 19:18:29.649,2025-05-20 19:18:29.649
1331,Aklan,174,PH,Philippines,AKL,province,11.8166109,122.0941541,2025-05-20 19:18:29.649,1,2025-05-20 19:18:29.649,1,,-05:00:00,-05:00:00,2025-05-20 19:18:29.649,2025-05-20 19:18:29.649
1337,Albay,174,PH,Philippines,ALB,province,13.1774827,123.5280072,2025-05-20 19:18:29.649,1,2025-05-20 19:18:29.649,1,,-05:00:00,-05:00:00,2025-05-20 19:18:29.649,2025-05-20 19:18:29.649
1336,Antique,174,PH,Philippines,ANT,province,37.0358695,-95.6361694,2025-05-20 19:18:29.649,1,2025-05-20 19:18:29.649,1,,-05:00:00,-05:00:00,2025-05-20 19:18:29.649,2025-05-20 19:18:29.649
1334,Apayao,174,PH,Philippines,APA,province,18.0120304,121.1710389,2025-05-20 19:18:29.649,1,2025-05-20 19:18:29.649,1,,-05:00:00,-05:00:00,2025-05-20 19:18:29.649,2025-05-20 19:18:29.649
1341,Aurora,174,PH,Philippines,AUR,province,36.970891,-93.717979,2025-05-20 19:18:29.649,1,2025-05-20 19:18:29.649,1,,-05:00:00,-05:00:00,2025-05-20 19:18:29.649,2025-05-20 19:18:29.649
1316,Autonomous Region in Muslim Mindanao,174,PH,Philippines,14,region,6.9568313,124.2421597,2025-05-20 19:18:29.649,1,2025-05-20 19:18:29.649,1,,-05:00:00,-05:00:00,2025-05-20 19:18:29.649,2025-05-20 19:18:29.649
1346,Basilan,174,PH,Philippines,BAS,province,6.4296349,121.9870165,2025-05-20 19:18:29.649,1,2025-05-20 19:18:29.649,1,,-05:00:00,-05:00:00,2025-05-20 19:18:29.649,2025-05-20 19:18:29.649
1344,Bataan,174,PH,Philippines,BAN,province,14.6416842,120.4818446,2025-05-20 19:18:29.649,1,2025-05-20 19:18:29.649,1,,-05:00:00,-05:00:00,2025-05-20 19:18:29.649,2025-05-20 19:18:29.649
1352,Batanes,174,PH,Philippines,BTN,province,20.4485074,121.9708129,2025-05-20 19:18:29.649,1,2025-05-20 19:18:29.649,1,,-05:00:00,-05:00:00,2025-05-20 19:18:29.649,2025-05-20 19:18:29.649
1359,Batangas,174,PH,Philippines,BTG,province,13.7564651,121.0583076,2025-05-20 19:18:29.649,1,2025-05-20 19:18:29.649,1,,-05:00:00,-05:00:00,2025-05-20 19:18:29.649,2025-05-20 19:18:29.649
1363,Benguet,174,PH,Philippines,BEN,province,16.5577257,120.8039474,2025-05-20 19:18:29.649,1,2025-05-20 19:18:29.649,1,,-05:00:00,-05:00:00,2025-05-20 19:18:29.649,2025-05-20 19:18:29.649
1304,Bicol,174,PH,Philippines,5,region,13.4209885,123.4136736,2025-05-20 19:18:29.649,1,2025-05-20 19:18:29.649,1,,-05:00:00,-05:00:00,2025-05-20 19:18:29.649,2025-05-20 19:18:29.649
1274,Biliran,174,PH,Philippines,BIL,province,11.5833152,124.4641848,2025-05-20 19:18:29.649,1,2025-05-20 19:18:29.649,1,,-05:00:00,-05:00:00,2025-05-20 19:18:29.649,2025-05-20 19:18:29.649
1272,Bohol,174,PH,Philippines,BOH,province,9.8499911,124.1435427,2025-05-20 19:18:29.649,1,2025-05-20 19:18:29.649,1,,-05:00:00,-05:00:00,2025-05-20 19:18:29.649,2025-05-20 19:18:29.649
1270,Bukidnon,174,PH,Philippines,BUK,province,8.0515054,124.9229946,2025-05-20 19:18:29.649,1,2025-05-20 19:18:29.649,1,,-05:00:00,-05:00:00,2025-05-20 19:18:29.649,2025-05-20 19:18:29.649
1278,Bulacan,174,PH,Philippines,BUL,province,14.7942735,120.8799008,2025-05-20 19:18:29.649,1,2025-05-20 19:18:29.649,1,,-05:00:00,-05:00:00,2025-05-20 19:18:29.649,2025-05-20 19:18:29.649
1279,Cagayan,174,PH,Philippines,CAG,province,18.2489629,121.8787833,2025-05-20 19:18:29.649,1,2025-05-20 19:18:29.649,1,,-05:00:00,-05:00:00,2025-05-20 19:18:29.649,2025-05-20 19:18:29.649
1342,Cagayan Valley,174,PH,Philippines,2,region,18.4345176,119.0032725,2025-05-20 19:18:29.649,1,2025-05-20 19:18:29.649,1,,-05:00:00,-05:00:00,2025-05-20 19:18:29.649,2025-05-20 19:18:29.649
1294,Calabarzon,174,PH,Philippines,40,region,14.1007803,121.0793705,2025-05-20 19:18:29.649,1,2025-05-20 19:18:29.649,1,,-05:00:00,-05:00:00,2025-05-20 19:18:29.649,2025-05-20 19:18:29.649
1283,Camarines Norte,174,PH,Philippines,CAN,province,14.1390265,122.7633036,2025-05-20 19:18:29.649,1,2025-05-20 19:18:29.649,1,,-05:00:00,-05:00:00,2025-05-20 19:18:29.649,2025-05-20 19:18:29.649
1287,Camarines Sur,174,PH,Philippines,CAS,province,13.5250197,123.3486147,2025-05-20 19:18:29.649,1,2025-05-20 19:18:29.649,1,,-05:00:00,-05:00:00,2025-05-20 19:18:29.649,2025-05-20 19:18:29.649
1285,Camiguin,174,PH,Philippines,CAM,province,9.1732164,124.7298765,2025-05-20 19:18:29.649,1,2025-05-20 19:18:29.649,1,,-05:00:00,-05:00:00,2025-05-20 19:18:29.649,2025-05-20 19:18:29.649
1292,Capiz,174,PH,Philippines,CAP,province,11.5528816,122.740723,2025-05-20 19:18:29.649,1,2025-05-20 19:18:29.649,1,,-05:00:00,-05:00:00,2025-05-20 19:18:29.649,2025-05-20 19:18:29.649
1314,Caraga,174,PH,Philippines,13,region,8.8014562,125.7406882,2025-05-20 19:18:29.649,1,2025-05-20 19:18:29.649,1,,-05:00:00,-05:00:00,2025-05-20 19:18:29.649,2025-05-20 19:18:29.649
1301,Catanduanes,174,PH,Philippines,CAT,province,13.7088684,124.2421597,2025-05-20 19:18:29.649,1,2025-05-20 19:18:29.649,1,,-05:00:00,-05:00:00,2025-05-20 19:18:29.649,2025-05-20 19:18:29.649
1307,Cavite,174,PH,Philippines,CAV,province,14.4791297,120.8969634,2025-05-20 19:18:29.649,1,2025-05-20 19:18:29.649,1,,-05:00:00,-05:00:00,2025-05-20 19:18:29.649,2025-05-20 19:18:29.649
1306,Cebu,174,PH,Philippines,CEB,province,10.3156992,123.8854366,2025-05-20 19:18:29.649,1,2025-05-20 19:18:29.649,1,,-05:00:00,-05:00:00,2025-05-20 19:18:29.649,2025-05-20 19:18:29.649
1345,Central Luzon,174,PH,Philippines,3,region,15.4827722,120.7120023,2025-05-20 19:18:29.649,1,2025-05-20 19:18:29.649,1,,-05:00:00,-05:00:00,2025-05-20 19:18:29.649,2025-05-20 19:18:29.649
1308,Central Visayas,174,PH,Philippines,7,region,9.816875,124.0641419,2025-05-20 19:18:29.649,1,2025-05-20 19:18:29.649,1,,-05:00:00,-05:00:00,2025-05-20 19:18:29.649,2025-05-20 19:18:29.649
1335,Cordillera Administrative,174,PH,Philippines,15,region,17.3512542,121.1718851,2025-05-20 19:18:29.649,1,2025-05-20 19:18:29.649,1,,-05:00:00,-05:00:00,2025-05-20 19:18:29.649,2025-05-20 19:18:29.649
1320,Cotabato,174,PH,Philippines,NCO,province,7.2046668,124.2310439,2025-05-20 19:18:29.649,1,2025-05-20 19:18:29.649,1,,-05:00:00,-05:00:00,2025-05-20 19:18:29.649,2025-05-20 19:18:29.649
1340,Davao,174,PH,Philippines,11,region,7.3041622,126.0893406,2025-05-20 19:18:29.649,1,2025-05-20 19:18:29.649,1,,-05:00:00,-05:00:00,2025-05-20 19:18:29.649,2025-05-20 19:18:29.649
1311,Davao de Oro,174,PH,Philippines,COM,province,7.512515,126.1762615,2025-05-20 19:18:29.649,1,2025-05-20 19:18:29.649,1,,-05:00:00,-05:00:00,2025-05-20 19:18:29.649,2025-05-20 19:18:29.649
1319,Davao del Norte,174,PH,Philippines,DAV,province,7.5617699,125.6532848,2025-05-20 19:18:29.649,1,2025-05-20 19:18:29.649,1,,-05:00:00,-05:00:00,2025-05-20 19:18:29.649,2025-05-20 19:18:29.649
1318,Davao del Sur,174,PH,Philippines,DAS,province,6.7662687,125.3284269,2025-05-20 19:18:29.649,1,2025-05-20 19:18:29.649,1,,-05:00:00,-05:00:00,2025-05-20 19:18:29.649,2025-05-20 19:18:29.649
1309,Davao Occidental,174,PH,Philippines,DVO,province,6.0941396,125.6095474,2025-05-20 19:18:29.649,1,2025-05-20 19:18:29.649,1,,-05:00:00,-05:00:00,2025-05-20 19:18:29.649,2025-05-20 19:18:29.649
1289,Davao Oriental,174,PH,Philippines,DAO,province,7.3171585,126.5419887,2025-05-20 19:18:29.649,1,2025-05-20 19:18:29.649,1,,-05:00:00,-05:00:00,2025-05-20 19:18:29.649,2025-05-20 19:18:29.649
1291,Dinagat Islands,174,PH,Philippines,DIN,province,10.1281816,125.6095474,2025-05-20 19:18:29.649,1,2025-05-20 19:18:29.649,1,,-05:00:00,-05:00:00,2025-05-20 19:18:29.649,2025-05-20 19:18:29.649
1290,Eastern Samar,174,PH,Philippines,EAS,province,11.5000731,125.4999908,2025-05-20 19:18:29.649,1,2025-05-20 19:18:29.649,1,,-05:00:00,-05:00:00,2025-05-20 19:18:29.649,2025-05-20 19:18:29.649
1322,Eastern Visayas,174,PH,Philippines,8,region,12.2445533,125.0388164,2025-05-20 19:18:29.649,1,2025-05-20 19:18:29.649,1,,-05:00:00,-05:00:00,2025-05-20 19:18:29.649,2025-05-20 19:18:29.649
1303,Guimaras,174,PH,Philippines,GUI,province,10.5928661,122.6325081,2025-05-20 19:18:29.649,1,2025-05-20 19:18:29.649,1,,-05:00:00,-05:00:00,2025-05-20 19:18:29.649,2025-05-20 19:18:29.649
1300,Ifugao,174,PH,Philippines,IFU,province,16.8330792,121.1710389,2025-05-20 19:18:29.649,1,2025-05-20 19:18:29.649,1,,-05:00:00,-05:00:00,2025-05-20 19:18:29.649,2025-05-20 19:18:29.649
1355,Ilocos,174,PH,Philippines,1,region,16.0832144,120.6199895,2025-05-20 19:18:29.649,1,2025-05-20 19:18:29.649,1,,-05:00:00,-05:00:00,2025-05-20 19:18:29.649,2025-05-20 19:18:29.649
1298,Ilocos Norte,174,PH,Philippines,ILN,province,18.1647281,120.7115592,2025-05-20 19:18:29.649,1,2025-05-20 19:18:29.649,1,,-05:00:00,-05:00:00,2025-05-20 19:18:29.649,2025-05-20 19:18:29.649
1321,Ilocos Sur,174,PH,Philippines,ILS,province,17.2278664,120.5739579,2025-05-20 19:18:29.649,1,2025-05-20 19:18:29.649,1,,-05:00:00,-05:00:00,2025-05-20 19:18:29.649,2025-05-20 19:18:29.649
1315,Iloilo,174,PH,Philippines,ILI,province,10.7201501,122.5621063,2025-05-20 19:18:29.649,1,2025-05-20 19:18:29.649,1,,-05:00:00,-05:00:00,2025-05-20 19:18:29.649,2025-05-20 19:18:29.649
1313,Isabela,174,PH,Philippines,ISA,province,18.5007759,-67.0243462,2025-05-20 19:18:29.649,1,2025-05-20 19:18:29.649,1,,-05:00:00,-05:00:00,2025-05-20 19:18:29.649,2025-05-20 19:18:29.649
1312,Kalinga,174,PH,Philippines,KAL,province,17.4740422,121.3541631,2025-05-20 19:18:29.649,1,2025-05-20 19:18:29.649,1,,-05:00:00,-05:00:00,2025-05-20 19:18:29.649,2025-05-20 19:18:29.649
1317,La Union,174,PH,Philippines,LUN,province,38.8766878,-77.1280912,2025-05-20 19:18:29.649,1,2025-05-20 19:18:29.649,1,,-05:00:00,-05:00:00,2025-05-20 19:18:29.649,2025-05-20 19:18:29.649
1328,Laguna,174,PH,Philippines,LAG,province,33.5427189,-117.7853568,2025-05-20 19:18:29.649,1,2025-05-20 19:18:29.649,1,,-05:00:00,-05:00:00,2025-05-20 19:18:29.649,2025-05-20 19:18:29.649
1327,Lanao del Norte,174,PH,Philippines,LAN,province,8.0182114,123.771006,2025-05-20 19:18:29.649,1,2025-05-20 19:18:29.649,1,,-05:00:00,-05:00:00,2025-05-20 19:18:29.649,2025-05-20 19:18:29.649
1333,Lanao del Sur,174,PH,Philippines,LAS,province,7.823176,124.4198243,2025-05-20 19:18:29.649,1,2025-05-20 19:18:29.649,1,,-05:00:00,-05:00:00,2025-05-20 19:18:29.649,2025-05-20 19:18:29.649
1332,Leyte,174,PH,Philippines,LEY,province,10.8624536,124.8811195,2025-05-20 19:18:29.649,1,2025-05-20 19:18:29.649,1,,-05:00:00,-05:00:00,2025-05-20 19:18:29.649,2025-05-20 19:18:29.649
1330,Maguindanao del Norte,174,PH,Philippines,MGN,province,6.9422581,124.4198243,2025-05-20 19:18:29.649,1,2025-05-20 19:18:29.649,1,,-05:00:00,-05:00:00,2025-05-20 19:18:29.649,2025-05-20 19:18:29.649
1347,Maguindanao del Sur,174,PH,Philippines,MGS,province,14.6090537,121.0222565,2025-05-20 19:18:29.649,1,2025-05-20 19:18:29.649,1,,-05:00:00,-05:00:00,2025-05-20 19:18:29.649,2025-05-20 19:18:29.649
1329,Marinduque,174,PH,Philippines,MAD,province,13.4767171,121.9032192,2025-05-20 19:18:29.649,1,2025-05-20 19:18:29.649,1,,-05:00:00,-05:00:00,2025-05-20 19:18:29.649,2025-05-20 19:18:29.649
1338,Masbate,174,PH,Philippines,MAS,province,12.3574346,123.5504076,2025-05-20 19:18:29.649,1,2025-05-20 19:18:29.649,1,,-05:00:00,-05:00:00,2025-05-20 19:18:29.649,2025-05-20 19:18:29.649
1299,Mimaropa,174,PH,Philippines,41,region,9.8432065,118.7364783,2025-05-20 19:18:29.649,1,2025-05-20 19:18:29.649,1,,-05:00:00,-05:00:00,2025-05-20 19:18:29.649,2025-05-20 19:18:29.649
1343,Misamis Occidental,174,PH,Philippines,MSC,province,8.3374903,123.7070619,2025-05-20 19:18:29.649,1,2025-05-20 19:18:29.649,1,,-05:00:00,-05:00:00,2025-05-20 19:18:29.649,2025-05-20 19:18:29.649
1348,Misamis Oriental,174,PH,Philippines,MSR,province,8.5045558,124.6219592,2025-05-20 19:18:29.649,1,2025-05-20 19:18:29.649,1,,-05:00:00,-05:00:00,2025-05-20 19:18:29.649,2025-05-20 19:18:29.649
1353,Mountain Province,174,PH,Philippines,MOU,province,40.7075437,-73.9501033,2025-05-20 19:18:29.649,1,2025-05-20 19:18:29.649,1,,-05:00:00,-05:00:00,2025-05-20 19:18:29.649,2025-05-20 19:18:29.649
5324,National Capital Region (Metro Manila),174,PH,Philippines,0,region,14.5680707,120.8558327,2025-05-20 19:18:29.649,1,2025-05-20 19:18:29.649,1,,-05:00:00,-05:00:00,2025-05-20 19:18:29.649,2025-05-20 19:18:29.649
1351,Negros Occidental,174,PH,Philippines,NEC,province,10.2925609,123.0246518,2025-05-20 19:18:29.649,1,2025-05-20 19:18:29.649,1,,-05:00:00,-05:00:00,2025-05-20 19:18:29.649,2025-05-20 19:18:29.649
1350,Negros Oriental,174,PH,Philippines,NER,province,9.6282083,122.9888319,2025-05-20 19:18:29.649,1,2025-05-20 19:18:29.649,1,,-05:00:00,-05:00:00,2025-05-20 19:18:29.649,2025-05-20 19:18:29.649
1339,Northern Mindanao,174,PH,Philippines,10,region,8.0201635,124.6856509,2025-05-20 19:18:29.649,1,2025-05-20 19:18:29.649,1,,-05:00:00,-05:00:00,2025-05-20 19:18:29.649,2025-05-20 19:18:29.649
1349,Northern Samar,174,PH,Philippines,NSA,province,12.3613199,124.7740793,2025-05-20 19:18:29.649,1,2025-05-20 19:18:29.649,1,,-05:00:00,-05:00:00,2025-05-20 19:18:29.649,2025-05-20 19:18:29.649
1360,Nueva Ecija,174,PH,Philippines,NUE,province,15.578375,121.1112615,2025-05-20 19:18:29.649,1,2025-05-20 19:18:29.649,1,,-05:00:00,-05:00:00,2025-05-20 19:18:29.649,2025-05-20 19:18:29.649
1358,Nueva Vizcaya,174,PH,Philippines,NUV,province,16.3301107,121.1710389,2025-05-20 19:18:29.649,1,2025-05-20 19:18:29.649,1,,-05:00:00,-05:00:00,2025-05-20 19:18:29.649,2025-05-20 19:18:29.649
1356,Occidental Mindoro,174,PH,Philippines,MDC,province,13.1024111,120.7651284,2025-05-20 19:18:29.649,1,2025-05-20 19:18:29.649,1,,-05:00:00,-05:00:00,2025-05-20 19:18:29.649,2025-05-20 19:18:29.649
1354,Oriental Mindoro,174,PH,Philippines,MDR,province,13.0564598,121.4069417,2025-05-20 19:18:29.649,1,2025-05-20 19:18:29.649,1,,-05:00:00,-05:00:00,2025-05-20 19:18:29.649,2025-05-20 19:18:29.649
1361,Palawan,174,PH,Philippines,PLW,province,9.8349493,118.7383615,2025-05-20 19:18:29.649,1,2025-05-20 19:18:29.649,1,,-05:00:00,-05:00:00,2025-05-20 19:18:29.649,2025-05-20 19:18:29.649
1365,Pampanga,174,PH,Philippines,PAM,province,15.079409,120.6199895,2025-05-20 19:18:29.649,1,2025-05-20 19:18:29.649,1,,-05:00:00,-05:00:00,2025-05-20 19:18:29.649,2025-05-20 19:18:29.649
1364,Pangasinan,174,PH,Philippines,PAN,province,15.8949055,120.2863183,2025-05-20 19:18:29.649,1,2025-05-20 19:18:29.649,1,,-05:00:00,-05:00:00,2025-05-20 19:18:29.649,2025-05-20 19:18:29.649
1275,Quezon,174,PH,Philippines,QUE,province,14.0313906,122.1130909,2025-05-20 19:18:29.649,1,2025-05-20 19:18:29.649,1,,-05:00:00,-05:00:00,2025-05-20 19:18:29.649,2025-05-20 19:18:29.649
1273,Quirino,174,PH,Philippines,QUI,province,16.2700424,121.5370003,2025-05-20 19:18:29.649,1,2025-05-20 19:18:29.649,1,,-05:00:00,-05:00:00,2025-05-20 19:18:29.649,2025-05-20 19:18:29.649
1271,Rizal,174,PH,Philippines,RIZ,province,14.6037446,121.3084088,2025-05-20 19:18:29.649,1,2025-05-20 19:18:29.649,1,,-05:00:00,-05:00:00,2025-05-20 19:18:29.649,2025-05-20 19:18:29.649
1269,Romblon,174,PH,Philippines,ROM,province,12.5778016,122.269146,2025-05-20 19:18:29.649,1,2025-05-20 19:18:29.649,1,,-05:00:00,-05:00:00,2025-05-20 19:18:29.649,2025-05-20 19:18:29.649
1277,Sarangani,174,PH,Philippines,SAR,province,5.9267175,124.994751,2025-05-20 19:18:29.649,1,2025-05-20 19:18:29.649,1,,-05:00:00,-05:00:00,2025-05-20 19:18:29.649,2025-05-20 19:18:29.649
1276,Siquijor,174,PH,Philippines,SIG,province,9.1998779,123.5951925,2025-05-20 19:18:29.649,1,2025-05-20 19:18:29.649,1,,-05:00:00,-05:00:00,2025-05-20 19:18:29.649,2025-05-20 19:18:29.649
1310,Soccsksargen,174,PH,Philippines,12,region,6.2706918,124.6856509,2025-05-20 19:18:29.649,1,2025-05-20 19:18:29.649,1,,-05:00:00,-05:00:00,2025-05-20 19:18:29.649,2025-05-20 19:18:29.649
1281,Sorsogon,174,PH,Philippines,SOR,province,12.9927095,124.0147464,2025-05-20 19:18:29.649,1,2025-05-20 19:18:29.649,1,,-05:00:00,-05:00:00,2025-05-20 19:18:29.649,2025-05-20 19:18:29.649
1280,South Cotabato,174,PH,Philippines,SCO,province,6.3357565,124.7740793,2025-05-20 19:18:29.649,1,2025-05-20 19:18:29.649,1,,-05:00:00,-05:00:00,2025-05-20 19:18:29.649,2025-05-20 19:18:29.649
1284,Southern Leyte,174,PH,Philippines,SLE,province,10.3346206,125.1708741,2025-05-20 19:18:29.649,1,2025-05-20 19:18:29.649,1,,-05:00:00,-05:00:00,2025-05-20 19:18:29.649,2025-05-20 19:18:29.649
1282,Sultan Kudarat,174,PH,Philippines,SUK,province,6.5069401,124.4198243,2025-05-20 19:18:29.649,1,2025-05-20 19:18:29.649,1,,-05:00:00,-05:00:00,2025-05-20 19:18:29.649,2025-05-20 19:18:29.649
1288,Sulu,174,PH,Philippines,SLU,province,5.9749011,121.03351,2025-05-20 19:18:29.649,1,2025-05-20 19:18:29.649,1,,-05:00:00,-05:00:00,2025-05-20 19:18:29.649,2025-05-20 19:18:29.649
1286,Surigao del Norte,174,PH,Philippines,SUN,province,9.514828,125.6969984,2025-05-20 19:18:29.649,1,2025-05-20 19:18:29.649,1,,-05:00:00,-05:00:00,2025-05-20 19:18:29.649,2025-05-20 19:18:29.649
1296,Surigao del Sur,174,PH,Philippines,SUR,province,8.5404906,126.1144758,2025-05-20 19:18:29.649,1,2025-05-20 19:18:29.649,1,,-05:00:00,-05:00:00,2025-05-20 19:18:29.649,2025-05-20 19:18:29.649
1295,Tarlac,174,PH,Philippines,TAR,province,15.4754786,120.5963492,2025-05-20 19:18:29.649,1,2025-05-20 19:18:29.649,1,,-05:00:00,-05:00:00,2025-05-20 19:18:29.649,2025-05-20 19:18:29.649
1293,Tawi-Tawi,174,PH,Philippines,TAW,province,5.133811,119.950926,2025-05-20 19:18:29.649,1,2025-05-20 19:18:29.649,1,,-05:00:00,-05:00:00,2025-05-20 19:18:29.649,2025-05-20 19:18:29.649
5115,Western Samar,174,PH,Philippines,WSA,province,12.0000206,124.9912452,2025-05-20 19:18:29.649,1,2025-05-20 19:18:29.649,1,,-05:00:00,-05:00:00,2025-05-20 19:18:29.649,2025-05-20 19:18:29.649
1305,Western Visayas,174,PH,Philippines,6,region,11.0049836,122.5372741,2025-05-20 19:18:29.649,1,2025-05-20 19:18:29.649,1,,-05:00:00,-05:00:00,2025-05-20 19:18:29.649,2025-05-20 19:18:29.649
1297,Zambales,174,PH,Philippines,ZMB,province,15.5081766,119.9697808,2025-05-20 19:18:29.649,1,2025-05-20 19:18:29.649,1,,-05:00:00,-05:00:00,2025-05-20 19:18:29.649,2025-05-20 19:18:29.649
1302,Zamboanga del Norte,174,PH,Philippines,ZAN,province,8.3886282,123.1688883,2025-05-20 19:18:29.649,1,2025-05-20 19:18:29.649,1,,-05:00:00,-05:00:00,2025-05-20 19:18:29.649,2025-05-20 19:18:29.649
1357,Zamboanga del Sur,174,PH,Philippines,ZAS,province,7.8383054,123.2966657,2025-05-20 19:18:29.649,1,2025-05-20 19:18:29.649,1,,-05:00:00,-05:00:00,2025-05-20 19:18:29.649,2025-05-20 19:18:29.649
1325,Zamboanga Peninsula,174,PH,Philippines,9,region,8.154077,123.258793,2025-05-20 19:18:29.649,1,2025-05-20 19:18:29.649,1,,-05:00:00,-05:00:00,2025-05-20 19:18:29.649,2025-05-20 19:18:29.649
1362,Zamboanga Sibugay,174,PH,Philippines,ZSI,province,7.5225247,122.3107517,2025-05-20 19:18:29.649,1,2025-05-20 19:18:29.649,1,,-05:00:00,-05:00:00,2025-05-20 19:18:29.649,2025-05-20 19:18:29.649
1634,Greater Poland,176,PL,Poland,30,voivodship,52.279986,17.3522939,2025-05-20 19:18:29.649,1,2025-05-20 19:18:29.649,1,,-05:00:00,-05:00:00,2025-05-20 19:18:29.649,2025-05-20 19:18:29.649
1630,Holy Cross,176,PL,Poland,26,voivodship,50.6261041,20.9406279,2025-05-20 19:18:29.649,1,2025-05-20 19:18:29.649,1,,-05:00:00,-05:00:00,2025-05-20 19:18:29.649,2025-05-20 19:18:29.649
1625,Kuyavia-Pomerania,176,PL,Poland,4,voivodship,53.1648363,18.4834224,2025-05-20 19:18:29.649,1,2025-05-20 19:18:29.649,1,,-05:00:00,-05:00:00,2025-05-20 19:18:29.649,2025-05-20 19:18:29.649
1635,Lesser Poland,176,PL,Poland,12,voivodship,49.7225306,20.2503358,2025-05-20 19:18:29.649,1,2025-05-20 19:18:29.649,1,,-05:00:00,-05:00:00,2025-05-20 19:18:29.649,2025-05-20 19:18:29.649
1629,Lower Silesia,176,PL,Poland,2,voivodship,51.1339861,16.8841961,2025-05-20 19:18:29.649,1,2025-05-20 19:18:29.649,1,,-05:00:00,-05:00:00,2025-05-20 19:18:29.649,2025-05-20 19:18:29.649
1638,Lublin,176,PL,Poland,6,voivodship,51.2493519,23.1011392,2025-05-20 19:18:29.649,1,2025-05-20 19:18:29.649,1,,-05:00:00,-05:00:00,2025-05-20 19:18:29.649,2025-05-20 19:18:29.649
1631,Lubusz,176,PL,Poland,8,voivodship,52.2274612,15.2559103,2025-05-20 19:18:29.649,1,2025-05-20 19:18:29.649,1,,-05:00:00,-05:00:00,2025-05-20 19:18:29.649,2025-05-20 19:18:29.649
1636,Łódź,176,PL,Poland,10,voivodship,51.4634771,19.1726974,2025-05-20 19:18:29.649,1,2025-05-20 19:18:29.649,1,,-05:00:00,-05:00:00,2025-05-20 19:18:29.649,2025-05-20 19:18:29.649
1637,Mazovia,176,PL,Poland,14,voivodship,51.8927182,21.0021679,2025-05-20 19:18:29.649,1,2025-05-20 19:18:29.649,1,,-05:00:00,-05:00:00,2025-05-20 19:18:29.649,2025-05-20 19:18:29.649
1632,Podlaskie,176,PL,Poland,20,voivodship,53.0697159,22.9674639,2025-05-20 19:18:29.649,1,2025-05-20 19:18:29.649,1,,-05:00:00,-05:00:00,2025-05-20 19:18:29.649,2025-05-20 19:18:29.649
1624,Pomerania,176,PL,Poland,22,voivodship,54.2944252,18.1531164,2025-05-20 19:18:29.649,1,2025-05-20 19:18:29.649,1,,-05:00:00,-05:00:00,2025-05-20 19:18:29.649,2025-05-20 19:18:29.649
1623,Silesia,176,PL,Poland,24,voivodship,50.5716595,19.3219768,2025-05-20 19:18:29.649,1,2025-05-20 19:18:29.649,1,,-05:00:00,-05:00:00,2025-05-20 19:18:29.649,2025-05-20 19:18:29.649
1626,Subcarpathia,176,PL,Poland,18,voivodship,50.0574749,22.0895691,2025-05-20 19:18:29.649,1,2025-05-20 19:18:29.649,1,,-05:00:00,-05:00:00,2025-05-20 19:18:29.649,2025-05-20 19:18:29.649
1622,Upper Silesia,176,PL,Poland,16,voivodship,50.8003761,17.937989,2025-05-20 19:18:29.649,1,2025-05-20 19:18:29.649,1,,-05:00:00,-05:00:00,2025-05-20 19:18:29.649,2025-05-20 19:18:29.649
1628,Warmia-Masuria,176,PL,Poland,28,voivodship,53.8671117,20.7027861,2025-05-20 19:18:29.649,1,2025-05-20 19:18:29.649,1,,-05:00:00,-05:00:00,2025-05-20 19:18:29.649,2025-05-20 19:18:29.649
1633,West Pomerania,176,PL,Poland,32,voivodship,53.4657891,15.1822581,2025-05-20 19:18:29.649,1,2025-05-20 19:18:29.649,1,,-05:00:00,-05:00:00,2025-05-20 19:18:29.649,2025-05-20 19:18:29.649
2233,Açores,177,PT,Portugal,20,autonomous region,37.7412488,-25.6755944,2025-05-20 19:18:29.649,1,2025-05-20 19:18:29.649,1,,-05:00:00,-05:00:00,2025-05-20 19:18:29.649,2025-05-20 19:18:29.649
2235,Aveiro,177,PT,Portugal,1,district,40.7209023,-8.5721016,2025-05-20 19:18:29.649,1,2025-05-20 19:18:29.649,1,,-05:00:00,-05:00:00,2025-05-20 19:18:29.649,2025-05-20 19:18:29.649
2230,Beja,177,PT,Portugal,2,district,37.9687786,-7.87216,2025-05-20 19:18:29.649,1,2025-05-20 19:18:29.649,1,,-05:00:00,-05:00:00,2025-05-20 19:18:29.649,2025-05-20 19:18:29.649
2244,Braga,177,PT,Portugal,3,district,41.550388,-8.4261301,2025-05-20 19:18:29.649,1,2025-05-20 19:18:29.649,1,,-05:00:00,-05:00:00,2025-05-20 19:18:29.649,2025-05-20 19:18:29.649
2229,Bragança,177,PT,Portugal,4,district,41.8061652,-6.7567427,2025-05-20 19:18:29.649,1,2025-05-20 19:18:29.649,1,,-05:00:00,-05:00:00,2025-05-20 19:18:29.649,2025-05-20 19:18:29.649
2241,Castelo Branco,177,PT,Portugal,5,district,39.8631323,-7.4814163,2025-05-20 19:18:29.649,1,2025-05-20 19:18:29.649,1,,-05:00:00,-05:00:00,2025-05-20 19:18:29.649,2025-05-20 19:18:29.649
2246,Coimbra,177,PT,Portugal,6,district,40.2057994,-8.41369,2025-05-20 19:18:29.649,1,2025-05-20 19:18:29.649,1,,-05:00:00,-05:00:00,2025-05-20 19:18:29.649,2025-05-20 19:18:29.649
2236,Évora,177,PT,Portugal,7,district,38.5744468,-7.9076553,2025-05-20 19:18:29.649,1,2025-05-20 19:18:29.649,1,,-05:00:00,-05:00:00,2025-05-20 19:18:29.649,2025-05-20 19:18:29.649
2239,Faro,177,PT,Portugal,8,district,37.0193548,-7.9304397,2025-05-20 19:18:29.649,1,2025-05-20 19:18:29.649,1,,-05:00:00,-05:00:00,2025-05-20 19:18:29.649,2025-05-20 19:18:29.649
4859,Guarda,177,PT,Portugal,9,district,40.5385972,-7.2675772,2025-05-20 19:18:29.649,1,2025-05-20 19:18:29.649,1,,-05:00:00,-05:00:00,2025-05-20 19:18:29.649,2025-05-20 19:18:29.649
2240,Leiria,177,PT,Portugal,10,district,39.7709532,-8.7921836,2025-05-20 19:18:29.649,1,2025-05-20 19:18:29.649,1,,-05:00:00,-05:00:00,2025-05-20 19:18:29.649,2025-05-20 19:18:29.649
2228,Lisbon,177,PT,Portugal,11,district,38.7223263,-9.1392714,2025-05-20 19:18:29.649,1,2025-05-20 19:18:29.649,1,,-05:00:00,-05:00:00,2025-05-20 19:18:29.649,2025-05-20 19:18:29.649
2231,Madeira,177,PT,Portugal,30,autonomous region,32.7607074,-16.9594723,2025-05-20 19:18:29.649,1,2025-05-20 19:18:29.649,1,,-05:00:00,-05:00:00,2025-05-20 19:18:29.649,2025-05-20 19:18:29.649
2232,Portalegre,177,PT,Portugal,12,district,39.2967086,-7.4284755,2025-05-20 19:18:29.649,1,2025-05-20 19:18:29.649,1,,-05:00:00,-05:00:00,2025-05-20 19:18:29.649,2025-05-20 19:18:29.649
2243,Porto,177,PT,Portugal,13,district,41.1476629,-8.6078973,2025-05-20 19:18:29.649,1,2025-05-20 19:18:29.649,1,,-05:00:00,-05:00:00,2025-05-20 19:18:29.649,2025-05-20 19:18:29.649
2238,Santarém,177,PT,Portugal,14,district,39.2366687,-8.6859944,2025-05-20 19:18:29.649,1,2025-05-20 19:18:29.649,1,,-05:00:00,-05:00:00,2025-05-20 19:18:29.649,2025-05-20 19:18:29.649
2242,Setúbal,177,PT,Portugal,15,district,38.5240933,-8.8925876,2025-05-20 19:18:29.649,1,2025-05-20 19:18:29.649,1,,-05:00:00,-05:00:00,2025-05-20 19:18:29.649,2025-05-20 19:18:29.649
2245,Viana do Castelo,177,PT,Portugal,16,district,41.6918046,-8.834451,2025-05-20 19:18:29.649,1,2025-05-20 19:18:29.649,1,,-05:00:00,-05:00:00,2025-05-20 19:18:29.649,2025-05-20 19:18:29.649
2234,Vila Real,177,PT,Portugal,17,district,41.3003527,-7.7457274,2025-05-20 19:18:29.649,1,2025-05-20 19:18:29.649,1,,-05:00:00,-05:00:00,2025-05-20 19:18:29.649,2025-05-20 19:18:29.649
2237,Viseu,177,PT,Portugal,18,district,40.6588424,-7.914756,2025-05-20 19:18:29.649,1,2025-05-20 19:18:29.649,1,,-05:00:00,-05:00:00,2025-05-20 19:18:29.649,2025-05-20 19:18:29.649
5134,Adjuntas,178,PR,Puerto Rico,1,municipality,18.1634848,-66.723158,2025-05-20 19:18:29.649,1,2025-05-20 19:18:29.649,1,,-05:00:00,-05:00:00,2025-05-20 19:18:29.649,2025-05-20 19:18:29.649
5135,Aguada,178,PR,Puerto Rico,3,municipality,18.3801579,-67.188704,2025-05-20 19:18:29.649,1,2025-05-20 19:18:29.649,1,,-05:00:00,-05:00:00,2025-05-20 19:18:29.649,2025-05-20 19:18:29.649
5136,Aguadilla,178,PR,Puerto Rico,5,municipality,18.4274454,-67.1540698,2025-05-20 19:18:29.649,1,2025-05-20 19:18:29.649,1,,-05:00:00,-05:00:00,2025-05-20 19:18:29.649,2025-05-20 19:18:29.649
5137,Aguas Buenas,178,PR,Puerto Rico,7,municipality,18.2568989,-66.1029442,2025-05-20 19:18:29.649,1,2025-05-20 19:18:29.649,1,,-05:00:00,-05:00:00,2025-05-20 19:18:29.649,2025-05-20 19:18:29.649
5138,Aibonito,178,PR,Puerto Rico,9,municipality,18.1399594,-66.2660016,2025-05-20 19:18:29.649,1,2025-05-20 19:18:29.649,1,,-05:00:00,-05:00:00,2025-05-20 19:18:29.649,2025-05-20 19:18:29.649
5139,Añasco,178,PR,Puerto Rico,11,municipality,18.2854476,-67.1402935,2025-05-20 19:18:29.649,1,2025-05-20 19:18:29.649,1,,-05:00:00,-05:00:00,2025-05-20 19:18:29.649,2025-05-20 19:18:29.649
5140,Arecibo,178,PR,Puerto Rico,13,municipality,18.4705137,-66.7218472,2025-05-20 19:18:29.649,1,2025-05-20 19:18:29.649,1,,-05:00:00,-05:00:00,2025-05-20 19:18:29.649,2025-05-20 19:18:29.649
5081,Arecibo,178,PR,Puerto Rico,AR,region,18.47055556,-66.72083333,2025-05-20 19:18:29.649,1,2025-05-20 19:18:29.649,1,,-05:00:00,-05:00:00,2025-05-20 19:18:29.649,2025-05-20 19:18:29.649
5141,Arroyo,178,PR,Puerto Rico,15,municipality,17.996422,-66.0924879,2025-05-20 19:18:29.649,1,2025-05-20 19:18:29.649,1,,-05:00:00,-05:00:00,2025-05-20 19:18:29.649,2025-05-20 19:18:29.649
5142,Barceloneta,178,PR,Puerto Rico,17,municipality,41.3801061,2.1896957,2025-05-20 19:18:29.649,1,2025-05-20 19:18:29.649,1,,-05:00:00,-05:00:00,2025-05-20 19:18:29.649,2025-05-20 19:18:29.649
5143,Barranquitas,178,PR,Puerto Rico,19,municipality,18.1866242,-66.3062802,2025-05-20 19:18:29.649,1,2025-05-20 19:18:29.649,1,,-05:00:00,-05:00:00,2025-05-20 19:18:29.649,2025-05-20 19:18:29.649
5076,Bayamon,178,PR,Puerto Rico,BY,region,18.17777778,-66.11333333,2025-05-20 19:18:29.649,1,2025-05-20 19:18:29.649,1,,-05:00:00,-05:00:00,2025-05-20 19:18:29.649,2025-05-20 19:18:29.649
5144,Bayamón,178,PR,Puerto Rico,21,municipality,18.389396,-66.1653224,2025-05-20 19:18:29.649,1,2025-05-20 19:18:29.649,1,,-05:00:00,-05:00:00,2025-05-20 19:18:29.649,2025-05-20 19:18:29.649
5145,Cabo Rojo,178,PR,Puerto Rico,23,municipality,18.0866265,-67.1457347,2025-05-20 19:18:29.649,1,2025-05-20 19:18:29.649,1,,-05:00:00,-05:00:00,2025-05-20 19:18:29.649,2025-05-20 19:18:29.649
5079,Caguas,178,PR,Puerto Rico,CG,region,18.23333333,-66.03333333,2025-05-20 19:18:29.649,1,2025-05-20 19:18:29.649,1,,-05:00:00,-05:00:00,2025-05-20 19:18:29.649,2025-05-20 19:18:29.649
5146,Caguas,178,PR,Puerto Rico,25,municipality,18.2387995,-66.035249,2025-05-20 19:18:29.649,1,2025-05-20 19:18:29.649,1,,-05:00:00,-05:00:00,2025-05-20 19:18:29.649,2025-05-20 19:18:29.649
5147,Camuy,178,PR,Puerto Rico,27,municipality,18.483833,-66.8448994,2025-05-20 19:18:29.649,1,2025-05-20 19:18:29.649,1,,-05:00:00,-05:00:00,2025-05-20 19:18:29.649,2025-05-20 19:18:29.649
5148,Canóvanas,178,PR,Puerto Rico,29,municipality,18.3748748,-65.8997533,2025-05-20 19:18:29.649,1,2025-05-20 19:18:29.649,1,,-05:00:00,-05:00:00,2025-05-20 19:18:29.649,2025-05-20 19:18:29.649
5077,Carolina,178,PR,Puerto Rico,CL,region,18.38888889,-65.96666667,2025-05-20 19:18:29.649,1,2025-05-20 19:18:29.649,1,,-05:00:00,-05:00:00,2025-05-20 19:18:29.649,2025-05-20 19:18:29.649
5149,Carolina,178,PR,Puerto Rico,31,municipality,18.3680877,-66.0424734,2025-05-20 19:18:29.649,1,2025-05-20 19:18:29.649,1,,-05:00:00,-05:00:00,2025-05-20 19:18:29.649,2025-05-20 19:18:29.649
5150,Cataño,178,PR,Puerto Rico,33,municipality,18.4465355,-66.1355775,2025-05-20 19:18:29.649,1,2025-05-20 19:18:29.649,1,,-05:00:00,-05:00:00,2025-05-20 19:18:29.649,2025-05-20 19:18:29.649
5151,Cayey,178,PR,Puerto Rico,35,municipality,18.1119051,-66.166,2025-05-20 19:18:29.649,1,2025-05-20 19:18:29.649,1,,-05:00:00,-05:00:00,2025-05-20 19:18:29.649,2025-05-20 19:18:29.649
5152,Ceiba,178,PR,Puerto Rico,37,municipality,18.2475177,-65.9084953,2025-05-20 19:18:29.649,1,2025-05-20 19:18:29.649,1,,-05:00:00,-05:00:00,2025-05-20 19:18:29.649,2025-05-20 19:18:29.649
5153,Ciales,178,PR,Puerto Rico,39,municipality,18.3360622,-66.4687823,2025-05-20 19:18:29.649,1,2025-05-20 19:18:29.649,1,,-05:00:00,-05:00:00,2025-05-20 19:18:29.649,2025-05-20 19:18:29.649
5154,Cidra,178,PR,Puerto Rico,41,municipality,18.1757914,-66.1612779,2025-05-20 19:18:29.649,1,2025-05-20 19:18:29.649,1,,-05:00:00,-05:00:00,2025-05-20 19:18:29.649,2025-05-20 19:18:29.649
5155,Coamo,178,PR,Puerto Rico,43,municipality,18.0799616,-66.3579473,2025-05-20 19:18:29.649,1,2025-05-20 19:18:29.649,1,,-05:00:00,-05:00:00,2025-05-20 19:18:29.649,2025-05-20 19:18:29.649
5156,Comerío,178,PR,Puerto Rico,45,municipality,18.2192001,-66.2256022,2025-05-20 19:18:29.649,1,2025-05-20 19:18:29.649,1,,-05:00:00,-05:00:00,2025-05-20 19:18:29.649,2025-05-20 19:18:29.649
5157,Corozal,178,PR,Puerto Rico,47,municipality,18.4030802,-88.3967536,2025-05-20 19:18:29.649,1,2025-05-20 19:18:29.649,1,,-05:00:00,-05:00:00,2025-05-20 19:18:29.649,2025-05-20 19:18:29.649
5158,Culebra,178,PR,Puerto Rico,49,municipality,18.310394,-65.3030705,2025-05-20 19:18:29.649,1,2025-05-20 19:18:29.649,1,,-05:00:00,-05:00:00,2025-05-20 19:18:29.649,2025-05-20 19:18:29.649
5159,Dorado,178,PR,Puerto Rico,51,municipality,43.1480556,-77.5772222,2025-05-20 19:18:29.649,1,2025-05-20 19:18:29.649,1,,-05:00:00,-05:00:00,2025-05-20 19:18:29.649,2025-05-20 19:18:29.649
5160,Fajardo,178,PR,Puerto Rico,53,municipality,18.3252148,-65.6539356,2025-05-20 19:18:29.649,1,2025-05-20 19:18:29.649,1,,-05:00:00,-05:00:00,2025-05-20 19:18:29.649,2025-05-20 19:18:29.649
5161,Florida,178,PR,Puerto Rico,54,municipality,18.3757016,-66.6022559,2025-05-20 19:18:29.649,1,2025-05-20 19:18:29.649,1,,-05:00:00,-05:00:00,2025-05-20 19:18:29.649,2025-05-20 19:18:29.649
5162,Guánica,178,PR,Puerto Rico,55,municipality,17.9725145,-66.9086264,2025-05-20 19:18:29.649,1,2025-05-20 19:18:29.649,1,,-05:00:00,-05:00:00,2025-05-20 19:18:29.649,2025-05-20 19:18:29.649
5163,Guayama,178,PR,Puerto Rico,57,municipality,17.9841328,-66.1137767,2025-05-20 19:18:29.649,1,2025-05-20 19:18:29.649,1,,-05:00:00,-05:00:00,2025-05-20 19:18:29.649,2025-05-20 19:18:29.649
5164,Guayanilla,178,PR,Puerto Rico,59,municipality,18.0191314,-66.791842,2025-05-20 19:18:29.649,1,2025-05-20 19:18:29.649,1,,-05:00:00,-05:00:00,2025-05-20 19:18:29.649,2025-05-20 19:18:29.649
5080,Guaynabo,178,PR,Puerto Rico,GN,region,18.36666667,-66.1,2025-05-20 19:18:29.649,1,2025-05-20 19:18:29.649,1,,-05:00:00,-05:00:00,2025-05-20 19:18:29.649,2025-05-20 19:18:29.649
5165,Guaynabo,178,PR,Puerto Rico,61,municipality,18.3612954,-66.1102957,2025-05-20 19:18:29.649,1,2025-05-20 19:18:29.649,1,,-05:00:00,-05:00:00,2025-05-20 19:18:29.649,2025-05-20 19:18:29.649
5166,Gurabo,178,PR,Puerto Rico,63,municipality,18.2543987,-65.9729421,2025-05-20 19:18:29.649,1,2025-05-20 19:18:29.649,1,,-05:00:00,-05:00:00,2025-05-20 19:18:29.649,2025-05-20 19:18:29.649
5167,Hatillo,178,PR,Puerto Rico,65,municipality,18.4284642,-66.7875321,2025-05-20 19:18:29.649,1,2025-05-20 19:18:29.649,1,,-05:00:00,-05:00:00,2025-05-20 19:18:29.649,2025-05-20 19:18:29.649
5168,Hormigueros,178,PR,Puerto Rico,67,municipality,18.1334638,-67.1128123,2025-05-20 19:18:29.649,1,2025-05-20 19:18:29.649,1,,-05:00:00,-05:00:00,2025-05-20 19:18:29.649,2025-05-20 19:18:29.649
5169,Humacao,178,PR,Puerto Rico,69,municipality,18.1515736,-65.8248529,2025-05-20 19:18:29.649,1,2025-05-20 19:18:29.649,1,,-05:00:00,-05:00:00,2025-05-20 19:18:29.649,2025-05-20 19:18:29.649
5170,Isabela,178,PR,Puerto Rico,71,municipality,18.4458334,-67.177106,2025-05-20 19:18:29.649,1,2025-05-20 19:18:29.649,1,,-05:00:00,-05:00:00,2025-05-20 19:18:29.649,2025-05-20 19:18:29.649
5171,Jayuya,178,PR,Puerto Rico,73,municipality,18.2185674,-66.5915617,2025-05-20 19:18:29.649,1,2025-05-20 19:18:29.649,1,,-05:00:00,-05:00:00,2025-05-20 19:18:29.649,2025-05-20 19:18:29.649
5172,Juana Díaz,178,PR,Puerto Rico,75,municipality,18.0534372,-66.5075079,2025-05-20 19:18:29.649,1,2025-05-20 19:18:29.649,1,,-05:00:00,-05:00:00,2025-05-20 19:18:29.649,2025-05-20 19:18:29.649
5173,Juncos,178,PR,Puerto Rico,77,municipality,18.2274558,-65.920997,2025-05-20 19:18:29.649,1,2025-05-20 19:18:29.649,1,,-05:00:00,-05:00:00,2025-05-20 19:18:29.649,2025-05-20 19:18:29.649
5174,Lajas,178,PR,Puerto Rico,79,municipality,18.049962,-67.0593449,2025-05-20 19:18:29.649,1,2025-05-20 19:18:29.649,1,,-05:00:00,-05:00:00,2025-05-20 19:18:29.649,2025-05-20 19:18:29.649
5175,Lares,178,PR,Puerto Rico,81,municipality,34.0250802,-118.4594593,2025-05-20 19:18:29.649,1,2025-05-20 19:18:29.649,1,,-05:00:00,-05:00:00,2025-05-20 19:18:29.649,2025-05-20 19:18:29.649
5176,Las Marías,178,PR,Puerto Rico,83,municipality,35.8382238,-78.6103566,2025-05-20 19:18:29.649,1,2025-05-20 19:18:29.649,1,,-05:00:00,-05:00:00,2025-05-20 19:18:29.649,2025-05-20 19:18:29.649
5177,Las Piedras,178,PR,Puerto Rico,85,municipality,18.1855753,-65.8736245,2025-05-20 19:18:29.649,1,2025-05-20 19:18:29.649,1,,-05:00:00,-05:00:00,2025-05-20 19:18:29.649,2025-05-20 19:18:29.649
5178,Loíza,178,PR,Puerto Rico,87,municipality,18.4329904,-65.87836,2025-05-20 19:18:29.649,1,2025-05-20 19:18:29.649,1,,-05:00:00,-05:00:00,2025-05-20 19:18:29.649,2025-05-20 19:18:29.649
5179,Luquillo,178,PR,Puerto Rico,89,municipality,18.3724507,-65.7165511,2025-05-20 19:18:29.649,1,2025-05-20 19:18:29.649,1,,-05:00:00,-05:00:00,2025-05-20 19:18:29.649,2025-05-20 19:18:29.649
5180,Manatí,178,PR,Puerto Rico,91,municipality,18.4181215,-66.5262783,2025-05-20 19:18:29.649,1,2025-05-20 19:18:29.649,1,,-05:00:00,-05:00:00,2025-05-20 19:18:29.649,2025-05-20 19:18:29.649
5181,Maricao,178,PR,Puerto Rico,93,municipality,18.1807902,-66.9799001,2025-05-20 19:18:29.649,1,2025-05-20 19:18:29.649,1,,-05:00:00,-05:00:00,2025-05-20 19:18:29.649,2025-05-20 19:18:29.649
5182,Maunabo,178,PR,Puerto Rico,95,municipality,18.0071885,-65.8993289,2025-05-20 19:18:29.649,1,2025-05-20 19:18:29.649,1,,-05:00:00,-05:00:00,2025-05-20 19:18:29.649,2025-05-20 19:18:29.649
5083,Mayagüez,178,PR,Puerto Rico,MG,region,18.20111111,-67.13972222,2025-05-20 19:18:29.649,1,2025-05-20 19:18:29.649,1,,-05:00:00,-05:00:00,2025-05-20 19:18:29.649,2025-05-20 19:18:29.649
5183,Mayagüez,178,PR,Puerto Rico,97,municipality,18.2013452,-67.1451549,2025-05-20 19:18:29.649,1,2025-05-20 19:18:29.649,1,,-05:00:00,-05:00:00,2025-05-20 19:18:29.649,2025-05-20 19:18:29.649
5184,Moca,178,PR,Puerto Rico,99,municipality,18.3967929,-67.1479035,2025-05-20 19:18:29.649,1,2025-05-20 19:18:29.649,1,,-05:00:00,-05:00:00,2025-05-20 19:18:29.649,2025-05-20 19:18:29.649
5185,Morovis,178,PR,Puerto Rico,101,municipality,18.325785,-66.4065592,2025-05-20 19:18:29.649,1,2025-05-20 19:18:29.649,1,,-05:00:00,-05:00:00,2025-05-20 19:18:29.649,2025-05-20 19:18:29.649
5186,Naguabo,178,PR,Puerto Rico,103,municipality,18.2116247,-65.7348841,2025-05-20 19:18:29.649,1,2025-05-20 19:18:29.649,1,,-05:00:00,-05:00:00,2025-05-20 19:18:29.649,2025-05-20 19:18:29.649
5187,Naranjito,178,PR,Puerto Rico,105,municipality,18.3007861,-66.2448904,2025-05-20 19:18:29.649,1,2025-05-20 19:18:29.649,1,,-05:00:00,-05:00:00,2025-05-20 19:18:29.649,2025-05-20 19:18:29.649
5188,Orocovis,178,PR,Puerto Rico,107,municipality,18.2269224,-66.3911686,2025-05-20 19:18:29.649,1,2025-05-20 19:18:29.649,1,,-05:00:00,-05:00:00,2025-05-20 19:18:29.649,2025-05-20 19:18:29.649
5189,Patillas,178,PR,Puerto Rico,109,municipality,18.0037381,-66.0134059,2025-05-20 19:18:29.649,1,2025-05-20 19:18:29.649,1,,-05:00:00,-05:00:00,2025-05-20 19:18:29.649,2025-05-20 19:18:29.649
5190,Peñuelas,178,PR,Puerto Rico,111,municipality,18.0633577,-66.7273896,2025-05-20 19:18:29.649,1,2025-05-20 19:18:29.649,1,,-05:00:00,-05:00:00,2025-05-20 19:18:29.649,2025-05-20 19:18:29.649
5078,Ponce,178,PR,Puerto Rico,PO,region,18,-66.61666667,2025-05-20 19:18:29.649,1,2025-05-20 19:18:29.649,1,,-05:00:00,-05:00:00,2025-05-20 19:18:29.649,2025-05-20 19:18:29.649
5191,Ponce,178,PR,Puerto Rico,113,municipality,18.0110768,-66.6140616,2025-05-20 19:18:29.649,1,2025-05-20 19:18:29.649,1,,-05:00:00,-05:00:00,2025-05-20 19:18:29.649,2025-05-20 19:18:29.649
5192,Quebradillas,178,PR,Puerto Rico,115,municipality,18.473833,-66.938512,2025-05-20 19:18:29.649,1,2025-05-20 19:18:29.649,1,,-05:00:00,-05:00:00,2025-05-20 19:18:29.649,2025-05-20 19:18:29.649
5193,Rincón,178,PR,Puerto Rico,117,municipality,18.3401514,-67.2499459,2025-05-20 19:18:29.649,1,2025-05-20 19:18:29.649,1,,-05:00:00,-05:00:00,2025-05-20 19:18:29.649,2025-05-20 19:18:29.649
5194,Río Grande,178,PR,Puerto Rico,119,municipality,28.81063826,-101.8353878,2025-05-20 19:18:29.649,1,2025-05-20 19:18:29.649,1,,-05:00:00,-05:00:00,2025-05-20 19:18:29.649,2025-05-20 19:18:29.649
5195,Sabana Grande,178,PR,Puerto Rico,121,municipality,18.0777392,-66.9604549,2025-05-20 19:18:29.649,1,2025-05-20 19:18:29.649,1,,-05:00:00,-05:00:00,2025-05-20 19:18:29.649,2025-05-20 19:18:29.649
5196,Salinas,178,PR,Puerto Rico,123,municipality,18.0047211,-66.4188524,2025-05-20 19:18:29.649,1,2025-05-20 19:18:29.649,1,,-05:00:00,-05:00:00,2025-05-20 19:18:29.649,2025-05-20 19:18:29.649
5197,San Germán,178,PR,Puerto Rico,125,municipality,18.0807082,-67.0411096,2025-05-20 19:18:29.649,1,2025-05-20 19:18:29.649,1,,-05:00:00,-05:00:00,2025-05-20 19:18:29.649,2025-05-20 19:18:29.649
5198,San Juan,178,PR,Puerto Rico,127,municipality,18.463203,-66.1147571,2025-05-20 19:18:29.649,1,2025-05-20 19:18:29.649,1,,-05:00:00,-05:00:00,2025-05-20 19:18:29.649,2025-05-20 19:18:29.649
5075,San Juan,178,PR,Puerto Rico,SJ,region,18.45,-66.06666667,2025-05-20 19:18:29.649,1,2025-05-20 19:18:29.649,1,,-05:00:00,-05:00:00,2025-05-20 19:18:29.649,2025-05-20 19:18:29.649
5199,San Lorenzo,178,PR,Puerto Rico,129,municipality,18.1886912,-65.9765862,2025-05-20 19:18:29.649,1,2025-05-20 19:18:29.649,1,,-05:00:00,-05:00:00,2025-05-20 19:18:29.649,2025-05-20 19:18:29.649
5200,San Sebastián,178,PR,Puerto Rico,131,municipality,43.318334,-1.9812313,2025-05-20 19:18:29.649,1,2025-05-20 19:18:29.649,1,,-05:00:00,-05:00:00,2025-05-20 19:18:29.649,2025-05-20 19:18:29.649
5201,Santa Isabel,178,PR,Puerto Rico,133,municipality,17.9660775,-66.404892,2025-05-20 19:18:29.649,1,2025-05-20 19:18:29.649,1,,-05:00:00,-05:00:00,2025-05-20 19:18:29.649,2025-05-20 19:18:29.649
5202,Toa Alta,178,PR,Puerto Rico,135,municipality,18.3882823,-66.2482237,2025-05-20 19:18:29.649,1,2025-05-20 19:18:29.649,1,,-05:00:00,-05:00:00,2025-05-20 19:18:29.649,2025-05-20 19:18:29.649
5082,Toa Baja,178,PR,Puerto Rico,TB,region,18.443889,-66.259722,2025-05-20 19:18:29.649,1,2025-05-20 19:18:29.649,1,,-05:00:00,-05:00:00,2025-05-20 19:18:29.649,2025-05-20 19:18:29.649
5203,Toa Baja,178,PR,Puerto Rico,137,municipality,18.4444709,-66.2543293,2025-05-20 19:18:29.649,1,2025-05-20 19:18:29.649,1,,-05:00:00,-05:00:00,2025-05-20 19:18:29.649,2025-05-20 19:18:29.649
5084,Trujillo Alto,178,PR,Puerto Rico,TA,region,18.362778,-66.0175,2025-05-20 19:18:29.649,1,2025-05-20 19:18:29.649,1,,-05:00:00,-05:00:00,2025-05-20 19:18:29.649,2025-05-20 19:18:29.649
5204,Trujillo Alto,178,PR,Puerto Rico,139,municipality,18.3546719,-66.0073876,2025-05-20 19:18:29.649,1,2025-05-20 19:18:29.649,1,,-05:00:00,-05:00:00,2025-05-20 19:18:29.649,2025-05-20 19:18:29.649
5205,Utuado,178,PR,Puerto Rico,141,municipality,18.2655095,-66.7004519,2025-05-20 19:18:29.649,1,2025-05-20 19:18:29.649,1,,-05:00:00,-05:00:00,2025-05-20 19:18:29.649,2025-05-20 19:18:29.649
5206,Vega Alta,178,PR,Puerto Rico,143,municipality,18.4121703,-66.3312805,2025-05-20 19:18:29.649,1,2025-05-20 19:18:29.649,1,,-05:00:00,-05:00:00,2025-05-20 19:18:29.649,2025-05-20 19:18:29.649
5207,Vega Baja,178,PR,Puerto Rico,145,municipality,18.4461459,-66.4041967,2025-05-20 19:18:29.649,1,2025-05-20 19:18:29.649,1,,-05:00:00,-05:00:00,2025-05-20 19:18:29.649,2025-05-20 19:18:29.649
5208,Vieques,178,PR,Puerto Rico,147,municipality,18.1262854,-65.4400985,2025-05-20 19:18:29.649,1,2025-05-20 19:18:29.649,1,,-05:00:00,-05:00:00,2025-05-20 19:18:29.649,2025-05-20 19:18:29.649
5209,Villalba,178,PR,Puerto Rico,149,municipality,18.1217554,-66.4985787,2025-05-20 19:18:29.649,1,2025-05-20 19:18:29.649,1,,-05:00:00,-05:00:00,2025-05-20 19:18:29.649,2025-05-20 19:18:29.649
5210,Yabucoa,178,PR,Puerto Rico,151,municipality,18.0505201,-65.8793288,2025-05-20 19:18:29.649,1,2025-05-20 19:18:29.649,1,,-05:00:00,-05:00:00,2025-05-20 19:18:29.649,2025-05-20 19:18:29.649
5211,Yauco,178,PR,Puerto Rico,153,municipality,18.034964,-66.8498983,2025-05-20 19:18:29.649,1,2025-05-20 19:18:29.649,1,,-05:00:00,-05:00:00,2025-05-20 19:18:29.649,2025-05-20 19:18:29.649
3182,Al Daayen,179,QA,Qatar,ZA,municipality,25.5784559,51.4821387,2025-05-20 19:18:29.649,1,2025-05-20 19:18:29.649,1,,-05:00:00,-05:00:00,2025-05-20 19:18:29.649,2025-05-20 19:18:29.649
3183,Al Khor,179,QA,Qatar,KH,municipality,25.6804078,51.4968502,2025-05-20 19:18:29.649,1,2025-05-20 19:18:29.649,1,,-05:00:00,-05:00:00,2025-05-20 19:18:29.649,2025-05-20 19:18:29.649
3177,Al Rayyan,179,QA,Qatar,RA,municipality,25.2522551,51.4388713,2025-05-20 19:18:29.649,1,2025-05-20 19:18:29.649,1,,-05:00:00,-05:00:00,2025-05-20 19:18:29.649,2025-05-20 19:18:29.649
3179,Al Wakrah,179,QA,Qatar,WA,municipality,25.1659314,51.5975524,2025-05-20 19:18:29.649,1,2025-05-20 19:18:29.649,1,,-05:00:00,-05:00:00,2025-05-20 19:18:29.649,2025-05-20 19:18:29.649
3178,Al-Shahaniya,179,QA,Qatar,SH,municipality,25.4106386,51.1846025,2025-05-20 19:18:29.649,1,2025-05-20 19:18:29.649,1,,-05:00:00,-05:00:00,2025-05-20 19:18:29.649,2025-05-20 19:18:29.649
3181,Doha,179,QA,Qatar,DA,municipality,25.2854473,51.5310398,2025-05-20 19:18:29.649,1,2025-05-20 19:18:29.649,1,,-05:00:00,-05:00:00,2025-05-20 19:18:29.649,2025-05-20 19:18:29.649
3180,Madinat ash Shamal,179,QA,Qatar,MS,municipality,26.1182743,51.2157265,2025-05-20 19:18:29.649,1,2025-05-20 19:18:29.649,1,,-05:00:00,-05:00:00,2025-05-20 19:18:29.649,2025-05-20 19:18:29.649
3184,Umm Salal,179,QA,Qatar,US,municipality,25.4875242,51.396568,2025-05-20 19:18:29.649,1,2025-05-20 19:18:29.649,1,,-05:00:00,-05:00:00,2025-05-20 19:18:29.649,2025-05-20 19:18:29.649
5436,Saint-Benoît,180,RE,Reunion,1,district,-21.0810029,55.3105289,2025-05-20 19:18:29.649,1,2025-05-20 19:18:29.649,1,,-05:00:00,-05:00:00,2025-05-20 19:18:29.649,2025-05-20 19:18:29.649
5437,Saint-Denis,180,RE,Reunion,2,district,-20.943347,55.3462838,2025-05-20 19:18:29.649,1,2025-05-20 19:18:29.649,1,,-05:00:00,-05:00:00,2025-05-20 19:18:29.649,2025-05-20 19:18:29.649
5438,Saint-Paul,180,RE,Reunion,3,district,-21.0724989,55.1758458,2025-05-20 19:18:29.649,1,2025-05-20 19:18:29.649,1,,-05:00:00,-05:00:00,2025-05-20 19:18:29.649,2025-05-20 19:18:29.649
5439,Saint-Pierre,180,RE,Reunion,4,district,-21.2373113,55.2349598,2025-05-20 19:18:29.649,1,2025-05-20 19:18:29.649,1,,-05:00:00,-05:00:00,2025-05-20 19:18:29.649,2025-05-20 19:18:29.649
4724,Alba,181,RO,Romania,AB,department,44.7009153,8.0356911,2025-05-20 19:18:29.649,1,2025-05-20 19:18:29.649,1,,-05:00:00,-05:00:00,2025-05-20 19:18:29.649,2025-05-20 19:18:29.649
4739,Arad,181,RO,Romania,AR,department,46.2283651,21.6597819,2025-05-20 19:18:29.649,1,2025-05-20 19:18:29.649,1,,-05:00:00,-05:00:00,2025-05-20 19:18:29.649,2025-05-20 19:18:29.649
4722,Arges,181,RO,Romania,AG,department,45.0722527,24.8142726,2025-05-20 19:18:29.649,1,2025-05-20 19:18:29.649,1,,-05:00:00,-05:00:00,2025-05-20 19:18:29.649,2025-05-20 19:18:29.649
4744,Bacău,181,RO,Romania,BC,department,46.3258184,26.662378,2025-05-20 19:18:29.649,1,2025-05-20 19:18:29.649,1,,-05:00:00,-05:00:00,2025-05-20 19:18:29.649,2025-05-20 19:18:29.649
4723,Bihor,181,RO,Romania,BH,department,47.0157516,22.172266,2025-05-20 19:18:29.649,1,2025-05-20 19:18:29.649,1,,-05:00:00,-05:00:00,2025-05-20 19:18:29.649,2025-05-20 19:18:29.649
4733,Bistrița-Năsăud,181,RO,Romania,BN,department,47.2486107,24.5322814,2025-05-20 19:18:29.649,1,2025-05-20 19:18:29.649,1,,-05:00:00,-05:00:00,2025-05-20 19:18:29.649,2025-05-20 19:18:29.649
4740,Botoșani,181,RO,Romania,BT,department,47.8924042,26.7591781,2025-05-20 19:18:29.649,1,2025-05-20 19:18:29.649,1,,-05:00:00,-05:00:00,2025-05-20 19:18:29.649,2025-05-20 19:18:29.649
4736,Braila,181,RO,Romania,BR,department,45.2652463,27.9594714,2025-05-20 19:18:29.649,1,2025-05-20 19:18:29.649,1,,-05:00:00,-05:00:00,2025-05-20 19:18:29.649,2025-05-20 19:18:29.649
4759,Brașov,181,RO,Romania,BV,department,45.7781844,25.22258,2025-05-20 19:18:29.649,1,2025-05-20 19:18:29.649,1,,-05:00:00,-05:00:00,2025-05-20 19:18:29.649,2025-05-20 19:18:29.649
4730,Bucharest,181,RO,Romania,B,municipality,44.4267674,26.1025384,2025-05-20 19:18:29.649,1,2025-05-20 19:18:29.649,1,,-05:00:00,-05:00:00,2025-05-20 19:18:29.649,2025-05-20 19:18:29.649
4756,Buzău,181,RO,Romania,BZ,department,45.3350912,26.7107578,2025-05-20 19:18:29.649,1,2025-05-20 19:18:29.649,1,,-05:00:00,-05:00:00,2025-05-20 19:18:29.649,2025-05-20 19:18:29.649
4732,Călărași,181,RO,Romania,CL,department,44.3658715,26.7548607,2025-05-20 19:18:29.649,1,2025-05-20 19:18:29.649,1,,-05:00:00,-05:00:00,2025-05-20 19:18:29.649,2025-05-20 19:18:29.649
4753,Caraș-Severin,181,RO,Romania,CS,department,45.1139646,22.0740993,2025-05-20 19:18:29.649,1,2025-05-20 19:18:29.649,1,,-05:00:00,-05:00:00,2025-05-20 19:18:29.649,2025-05-20 19:18:29.649
4734,Cluj,181,RO,Romania,CJ,department,46.7941797,23.6121492,2025-05-20 19:18:29.649,1,2025-05-20 19:18:29.649,1,,-05:00:00,-05:00:00,2025-05-20 19:18:29.649,2025-05-20 19:18:29.649
4737,Constanța,181,RO,Romania,CT,department,44.212987,28.2550055,2025-05-20 19:18:29.649,1,2025-05-20 19:18:29.649,1,,-05:00:00,-05:00:00,2025-05-20 19:18:29.649,2025-05-20 19:18:29.649
4754,Covasna,181,RO,Romania,CV,department,45.9426347,25.8918984,2025-05-20 19:18:29.649,1,2025-05-20 19:18:29.649,1,,-05:00:00,-05:00:00,2025-05-20 19:18:29.649,2025-05-20 19:18:29.649
4745,Dâmbovița,181,RO,Romania,DB,department,44.9289893,25.425385,2025-05-20 19:18:29.649,1,2025-05-20 19:18:29.649,1,,-05:00:00,-05:00:00,2025-05-20 19:18:29.649,2025-05-20 19:18:29.649
4742,Dolj,181,RO,Romania,DJ,department,44.1623022,23.6325054,2025-05-20 19:18:29.649,1,2025-05-20 19:18:29.649,1,,-05:00:00,-05:00:00,2025-05-20 19:18:29.649,2025-05-20 19:18:29.649
4747,Galați,181,RO,Romania,GL,department,45.7800569,27.8251576,2025-05-20 19:18:29.649,1,2025-05-20 19:18:29.649,1,,-05:00:00,-05:00:00,2025-05-20 19:18:29.649,2025-05-20 19:18:29.649
4726,Giurgiu,181,RO,Romania,GR,department,43.9037076,25.9699265,2025-05-20 19:18:29.649,1,2025-05-20 19:18:29.649,1,,-05:00:00,-05:00:00,2025-05-20 19:18:29.649,2025-05-20 19:18:29.649
4750,Gorj,181,RO,Romania,GJ,department,44.9485595,23.2427079,2025-05-20 19:18:29.649,1,2025-05-20 19:18:29.649,1,,-05:00:00,-05:00:00,2025-05-20 19:18:29.649,2025-05-20 19:18:29.649
4749,Harghita,181,RO,Romania,HR,department,46.4928507,25.6456696,2025-05-20 19:18:29.649,1,2025-05-20 19:18:29.649,1,,-05:00:00,-05:00:00,2025-05-20 19:18:29.649,2025-05-20 19:18:29.649
4721,Hunedoara,181,RO,Romania,HD,department,45.793638,22.9975993,2025-05-20 19:18:29.649,1,2025-05-20 19:18:29.649,1,,-05:00:00,-05:00:00,2025-05-20 19:18:29.649,2025-05-20 19:18:29.649
4743,Ialomița,181,RO,Romania,IL,department,44.603133,27.3789914,2025-05-20 19:18:29.649,1,2025-05-20 19:18:29.649,1,,-05:00:00,-05:00:00,2025-05-20 19:18:29.649,2025-05-20 19:18:29.649
4735,Iași,181,RO,Romania,IS,department,47.2679653,27.2185662,2025-05-20 19:18:29.649,1,2025-05-20 19:18:29.649,1,,-05:00:00,-05:00:00,2025-05-20 19:18:29.649,2025-05-20 19:18:29.649
4725,Ilfov,181,RO,Romania,IF,department,44.535548,26.2324886,2025-05-20 19:18:29.649,1,2025-05-20 19:18:29.649,1,,-05:00:00,-05:00:00,2025-05-20 19:18:29.649,2025-05-20 19:18:29.649
4760,Maramureș,181,RO,Romania,MM,department,47.6646366,22.6925933,2025-05-20 19:18:29.649,1,2025-05-20 19:18:29.649,1,,-05:00:00,-05:00:00,2025-05-20 19:18:29.649,2025-05-20 19:18:29.649
4751,Mehedinți,181,RO,Romania,MH,department,44.5515053,22.9044157,2025-05-20 19:18:29.649,1,2025-05-20 19:18:29.649,1,,-05:00:00,-05:00:00,2025-05-20 19:18:29.649,2025-05-20 19:18:29.649
4915,Mureș,181,RO,Romania,MS,department,46.6007556,23.3223914,2025-05-20 19:18:29.649,1,2025-05-20 19:18:29.649,1,,-05:00:00,-05:00:00,2025-05-20 19:18:29.649,2025-05-20 19:18:29.649
4731,Neamț,181,RO,Romania,NT,department,46.9758685,26.3818764,2025-05-20 19:18:29.649,1,2025-05-20 19:18:29.649,1,,-05:00:00,-05:00:00,2025-05-20 19:18:29.649,2025-05-20 19:18:29.649
4738,Olt,181,RO,Romania,OT,department,44.200797,24.5022981,2025-05-20 19:18:29.649,1,2025-05-20 19:18:29.649,1,,-05:00:00,-05:00:00,2025-05-20 19:18:29.649,2025-05-20 19:18:29.649
4729,Prahova,181,RO,Romania,PH,department,45.0891906,26.0829313,2025-05-20 19:18:29.649,1,2025-05-20 19:18:29.649,1,,-05:00:00,-05:00:00,2025-05-20 19:18:29.649,2025-05-20 19:18:29.649
4741,Sălaj,181,RO,Romania,SJ,department,47.2090813,23.2121901,2025-05-20 19:18:29.649,1,2025-05-20 19:18:29.649,1,,-05:00:00,-05:00:00,2025-05-20 19:18:29.649,2025-05-20 19:18:29.649
4746,Satu Mare,181,RO,Romania,SM,department,47.7668905,22.9241377,2025-05-20 19:18:29.649,1,2025-05-20 19:18:29.649,1,,-05:00:00,-05:00:00,2025-05-20 19:18:29.649,2025-05-20 19:18:29.649
4755,Sibiu,181,RO,Romania,SB,department,45.9269106,24.2254807,2025-05-20 19:18:29.649,1,2025-05-20 19:18:29.649,1,,-05:00:00,-05:00:00,2025-05-20 19:18:29.649,2025-05-20 19:18:29.649
4720,Suceava,181,RO,Romania,SV,department,47.5505548,25.741062,2025-05-20 19:18:29.649,1,2025-05-20 19:18:29.649,1,,-05:00:00,-05:00:00,2025-05-20 19:18:29.649,2025-05-20 19:18:29.649
4728,Teleorman,181,RO,Romania,TR,department,44.0160491,25.2986628,2025-05-20 19:18:29.649,1,2025-05-20 19:18:29.649,1,,-05:00:00,-05:00:00,2025-05-20 19:18:29.649,2025-05-20 19:18:29.649
4748,Timiș,181,RO,Romania,TM,department,45.8138902,21.3331055,2025-05-20 19:18:29.649,1,2025-05-20 19:18:29.649,1,,-05:00:00,-05:00:00,2025-05-20 19:18:29.649,2025-05-20 19:18:29.649
4727,Tulcea,181,RO,Romania,TL,department,45.0450565,29.0324912,2025-05-20 19:18:29.649,1,2025-05-20 19:18:29.649,1,,-05:00:00,-05:00:00,2025-05-20 19:18:29.649,2025-05-20 19:18:29.649
4757,Vâlcea,181,RO,Romania,VL,department,45.0798051,24.0835283,2025-05-20 19:18:29.649,1,2025-05-20 19:18:29.649,1,,-05:00:00,-05:00:00,2025-05-20 19:18:29.649,2025-05-20 19:18:29.649
4752,Vaslui,181,RO,Romania,VS,department,46.4631059,27.7398031,2025-05-20 19:18:29.649,1,2025-05-20 19:18:29.649,1,,-05:00:00,-05:00:00,2025-05-20 19:18:29.649,2025-05-20 19:18:29.649
4758,Vrancea,181,RO,Romania,VN,department,45.8134876,27.0657531,2025-05-20 19:18:29.649,1,2025-05-20 19:18:29.649,1,,-05:00:00,-05:00:00,2025-05-20 19:18:29.649,2025-05-20 19:18:29.649
1852,Adygea,182,RU,Russia,AD,republic,44.8229155,40.1754463,2025-05-20 19:18:29.649,1,2025-05-20 19:18:29.649,1,,-05:00:00,-05:00:00,2025-05-20 19:18:29.649,2025-05-20 19:18:29.649
1911,Altai,182,RU,Russia,ALT,administrative territory,51.7936298,82.6758596,2025-05-20 19:18:29.649,1,2025-05-20 19:18:29.649,1,,-05:00:00,-05:00:00,2025-05-20 19:18:29.649,2025-05-20 19:18:29.649
1876,Altai,182,RU,Russia,AL,republic,50.6181924,86.2199308,2025-05-20 19:18:29.649,1,2025-05-20 19:18:29.649,1,,-05:00:00,-05:00:00,2025-05-20 19:18:29.649,2025-05-20 19:18:29.649
1858,Amur,182,RU,Russia,AMU,administrative region,54.6035065,127.4801721,2025-05-20 19:18:29.649,1,2025-05-20 19:18:29.649,1,,-05:00:00,-05:00:00,2025-05-20 19:18:29.649,2025-05-20 19:18:29.649
1849,Arkhangelsk,182,RU,Russia,ARK,administrative region,64.5458549,40.5505769,2025-05-20 19:18:29.649,1,2025-05-20 19:18:29.649,1,,-05:00:00,-05:00:00,2025-05-20 19:18:29.649,2025-05-20 19:18:29.649
1866,Astrakhan,182,RU,Russia,AST,administrative region,46.1321166,48.0610115,2025-05-20 19:18:29.649,1,2025-05-20 19:18:29.649,1,,-05:00:00,-05:00:00,2025-05-20 19:18:29.649,2025-05-20 19:18:29.649
1854,Bashkortostan,182,RU,Russia,BA,republic,54.2312172,56.1645257,2025-05-20 19:18:29.649,1,2025-05-20 19:18:29.649,1,,-05:00:00,-05:00:00,2025-05-20 19:18:29.649,2025-05-20 19:18:29.649
1903,Belgorod,182,RU,Russia,BEL,administrative region,50.7106926,37.7533377,2025-05-20 19:18:29.649,1,2025-05-20 19:18:29.649,1,,-05:00:00,-05:00:00,2025-05-20 19:18:29.649,2025-05-20 19:18:29.649
1867,Bryansk,182,RU,Russia,BRY,administrative region,53.0408599,33.26909,2025-05-20 19:18:29.649,1,2025-05-20 19:18:29.649,1,,-05:00:00,-05:00:00,2025-05-20 19:18:29.649,2025-05-20 19:18:29.649
1842,Buryatia,182,RU,Russia,BU,republic,54.8331146,112.406053,2025-05-20 19:18:29.649,1,2025-05-20 19:18:29.649,1,,-05:00:00,-05:00:00,2025-05-20 19:18:29.649,2025-05-20 19:18:29.649
1893,Chechen,182,RU,Russia,CE,republic,43.4023301,45.7187468,2025-05-20 19:18:29.649,1,2025-05-20 19:18:29.649,1,,-05:00:00,-05:00:00,2025-05-20 19:18:29.649,2025-05-20 19:18:29.649
1845,Chelyabinsk,182,RU,Russia,CHE,administrative region,54.4319422,60.8788963,2025-05-20 19:18:29.649,1,2025-05-20 19:18:29.649,1,,-05:00:00,-05:00:00,2025-05-20 19:18:29.649,2025-05-20 19:18:29.649
1859,Chukotka,182,RU,Russia,CHU,autonomous district,65.6298355,171.6952159,2025-05-20 19:18:29.649,1,2025-05-20 19:18:29.649,1,,-05:00:00,-05:00:00,2025-05-20 19:18:29.649,2025-05-20 19:18:29.649
1914,Chuvash,182,RU,Russia,CU,republic,55.5595992,46.9283535,2025-05-20 19:18:29.649,1,2025-05-20 19:18:29.649,1,,-05:00:00,-05:00:00,2025-05-20 19:18:29.649,2025-05-20 19:18:29.649
1850,Dagestan,182,RU,Russia,DA,republic,42.1431886,47.0949799,2025-05-20 19:18:29.649,1,2025-05-20 19:18:29.649,1,,-05:00:00,-05:00:00,2025-05-20 19:18:29.649,2025-05-20 19:18:29.649
1884,Ingushetia,182,RU,Russia,IN,republic,43.4051698,44.8202999,2025-05-20 19:18:29.649,1,2025-05-20 19:18:29.649,1,,-05:00:00,-05:00:00,2025-05-20 19:18:29.649,2025-05-20 19:18:29.649
1880,Irkutsk,182,RU,Russia,IRK,administrative region,52.2854834,104.2890222,2025-05-20 19:18:29.649,1,2025-05-20 19:18:29.649,1,,-05:00:00,-05:00:00,2025-05-20 19:18:29.649,2025-05-20 19:18:29.649
1864,Ivanovo,182,RU,Russia,IVA,administrative region,57.1056854,41.4830084,2025-05-20 19:18:29.649,1,2025-05-20 19:18:29.649,1,,-05:00:00,-05:00:00,2025-05-20 19:18:29.649,2025-05-20 19:18:29.649
1835,Jewish,182,RU,Russia,YEV,autonomous region,48.4808147,131.7657367,2025-05-20 19:18:29.649,1,2025-05-20 19:18:29.649,1,,-05:00:00,-05:00:00,2025-05-20 19:18:29.649,2025-05-20 19:18:29.649
1892,Kabardino-Balkar,182,RU,Russia,KB,republic,43.3932469,43.5628498,2025-05-20 19:18:29.649,1,2025-05-20 19:18:29.649,1,,-05:00:00,-05:00:00,2025-05-20 19:18:29.649,2025-05-20 19:18:29.649
1902,Kaliningrad,182,RU,Russia,KGD,administrative region,54.7104264,20.4522144,2025-05-20 19:18:29.649,1,2025-05-20 19:18:29.649,1,,-05:00:00,-05:00:00,2025-05-20 19:18:29.649,2025-05-20 19:18:29.649
1883,Kalmykia,182,RU,Russia,KL,republic,46.1867176,45,2025-05-20 19:18:29.649,1,2025-05-20 19:18:29.649,1,,-05:00:00,-05:00:00,2025-05-20 19:18:29.649,2025-05-20 19:18:29.649
1844,Kaluga,182,RU,Russia,KLU,administrative region,54.3872666,35.1889094,2025-05-20 19:18:29.649,1,2025-05-20 19:18:29.649,1,,-05:00:00,-05:00:00,2025-05-20 19:18:29.649,2025-05-20 19:18:29.649
1865,Kamchatka,182,RU,Russia,KAM,administrative territory,61.4343981,166.7884131,2025-05-20 19:18:29.649,1,2025-05-20 19:18:29.649,1,,-05:00:00,-05:00:00,2025-05-20 19:18:29.649,2025-05-20 19:18:29.649
1869,Karachay-Cherkess,182,RU,Russia,KC,republic,43.8845143,41.7303939,2025-05-20 19:18:29.649,1,2025-05-20 19:18:29.649,1,,-05:00:00,-05:00:00,2025-05-20 19:18:29.649,2025-05-20 19:18:29.649
1841,Karelia,182,RU,Russia,KR,republic,63.1558702,32.9905552,2025-05-20 19:18:29.649,1,2025-05-20 19:18:29.649,1,,-05:00:00,-05:00:00,2025-05-20 19:18:29.649,2025-05-20 19:18:29.649
1897,Kemerovo,182,RU,Russia,KEM,administrative region,54.7574648,87.4055288,2025-05-20 19:18:29.649,1,2025-05-20 19:18:29.649,1,,-05:00:00,-05:00:00,2025-05-20 19:18:29.649,2025-05-20 19:18:29.649
1873,Khabarovsk,182,RU,Russia,KHA,administrative territory,50.5888431,135,2025-05-20 19:18:29.649,1,2025-05-20 19:18:29.649,1,,-05:00:00,-05:00:00,2025-05-20 19:18:29.649,2025-05-20 19:18:29.649
1877,Khakassia,182,RU,Russia,KK,republic,53.0452281,90.3982145,2025-05-20 19:18:29.649,1,2025-05-20 19:18:29.649,1,,-05:00:00,-05:00:00,2025-05-20 19:18:29.649,2025-05-20 19:18:29.649
1838,Khanty-Mansi,182,RU,Russia,KHM,autonomous district,62.2287062,70.6410057,2025-05-20 19:18:29.649,1,2025-05-20 19:18:29.649,1,,-05:00:00,-05:00:00,2025-05-20 19:18:29.649,2025-05-20 19:18:29.649
1890,Kirov,182,RU,Russia,KIR,administrative region,58.4198529,50.2097248,2025-05-20 19:18:29.649,1,2025-05-20 19:18:29.649,1,,-05:00:00,-05:00:00,2025-05-20 19:18:29.649,2025-05-20 19:18:29.649
1899,Komi,182,RU,Russia,KO,republic,63.8630539,54.831269,2025-05-20 19:18:29.649,1,2025-05-20 19:18:29.649,1,,-05:00:00,-05:00:00,2025-05-20 19:18:29.649,2025-05-20 19:18:29.649
1910,Kostroma,182,RU,Russia,KOS,administrative region,58.5501069,43.9541102,2025-05-20 19:18:29.649,1,2025-05-20 19:18:29.649,1,,-05:00:00,-05:00:00,2025-05-20 19:18:29.649,2025-05-20 19:18:29.649
1891,Krasnodar,182,RU,Russia,KDA,administrative territory,45.6415289,39.7055977,2025-05-20 19:18:29.649,1,2025-05-20 19:18:29.649,1,,-05:00:00,-05:00:00,2025-05-20 19:18:29.649,2025-05-20 19:18:29.649
1840,Krasnoyarsk,182,RU,Russia,KYA,administrative territory,64.2479758,95.1104176,2025-05-20 19:18:29.649,1,2025-05-20 19:18:29.649,1,,-05:00:00,-05:00:00,2025-05-20 19:18:29.649,2025-05-20 19:18:29.649
1915,Kurgan,182,RU,Russia,KGN,administrative region,55.4481548,65.1180975,2025-05-20 19:18:29.649,1,2025-05-20 19:18:29.649,1,,-05:00:00,-05:00:00,2025-05-20 19:18:29.649,2025-05-20 19:18:29.649
1855,Kursk,182,RU,Russia,KRS,administrative region,51.7634026,35.3811812,2025-05-20 19:18:29.649,1,2025-05-20 19:18:29.649,1,,-05:00:00,-05:00:00,2025-05-20 19:18:29.649,2025-05-20 19:18:29.649
1896,Leningrad,182,RU,Russia,LEN,administrative region,60.0793208,31.8926645,2025-05-20 19:18:29.649,1,2025-05-20 19:18:29.649,1,,-05:00:00,-05:00:00,2025-05-20 19:18:29.649,2025-05-20 19:18:29.649
1889,Lipetsk,182,RU,Russia,LIP,administrative region,52.5264702,39.2032269,2025-05-20 19:18:29.649,1,2025-05-20 19:18:29.649,1,,-05:00:00,-05:00:00,2025-05-20 19:18:29.649,2025-05-20 19:18:29.649
1839,Magadan,182,RU,Russia,MAG,administrative region,62.6643417,153.914991,2025-05-20 19:18:29.649,1,2025-05-20 19:18:29.649,1,,-05:00:00,-05:00:00,2025-05-20 19:18:29.649,2025-05-20 19:18:29.649
1870,Mari El,182,RU,Russia,ME,republic,56.438457,47.9607758,2025-05-20 19:18:29.649,1,2025-05-20 19:18:29.649,1,,-05:00:00,-05:00:00,2025-05-20 19:18:29.649,2025-05-20 19:18:29.649
1898,Mordovia,182,RU,Russia,MO,republic,54.2369441,44.068397,2025-05-20 19:18:29.649,1,2025-05-20 19:18:29.649,1,,-05:00:00,-05:00:00,2025-05-20 19:18:29.649,2025-05-20 19:18:29.649
1882,Moscow,182,RU,Russia,MOS,administrative region,55.340396,38.2917651,2025-05-20 19:18:29.649,1,2025-05-20 19:18:29.649,1,,-05:00:00,-05:00:00,2025-05-20 19:18:29.649,2025-05-20 19:18:29.649
1901,Moscow,182,RU,Russia,MOW,autonomous city,55.755826,37.6172999,2025-05-20 19:18:29.649,1,2025-05-20 19:18:29.649,1,,-05:00:00,-05:00:00,2025-05-20 19:18:29.649,2025-05-20 19:18:29.649
1843,Murmansk,182,RU,Russia,MUR,administrative region,67.8442674,35.0884102,2025-05-20 19:18:29.649,1,2025-05-20 19:18:29.649,1,,-05:00:00,-05:00:00,2025-05-20 19:18:29.649,2025-05-20 19:18:29.649
1836,Nenets,182,RU,Russia,NEN,autonomous city,67.6078337,57.6338331,2025-05-20 19:18:29.649,1,2025-05-20 19:18:29.649,1,,-05:00:00,-05:00:00,2025-05-20 19:18:29.649,2025-05-20 19:18:29.649
1857,Nizhny Novgorod,182,RU,Russia,NIZ,administrative region,55.7995159,44.0296769,2025-05-20 19:18:29.649,1,2025-05-20 19:18:29.649,1,,-05:00:00,-05:00:00,2025-05-20 19:18:29.649,2025-05-20 19:18:29.649
1853,North Ossetia-Alania,182,RU,Russia,SE,republic,43.0451302,44.2870972,2025-05-20 19:18:29.649,1,2025-05-20 19:18:29.649,1,,-05:00:00,-05:00:00,2025-05-20 19:18:29.649,2025-05-20 19:18:29.649
1834,Novgorod,182,RU,Russia,NGR,administrative region,58.2427552,32.566519,2025-05-20 19:18:29.649,1,2025-05-20 19:18:29.649,1,,-05:00:00,-05:00:00,2025-05-20 19:18:29.649,2025-05-20 19:18:29.649
1888,Novosibirsk,182,RU,Russia,NVS,administrative region,54.9832693,82.8963831,2025-05-20 19:18:29.649,1,2025-05-20 19:18:29.649,1,,-05:00:00,-05:00:00,2025-05-20 19:18:29.649,2025-05-20 19:18:29.649
1846,Omsk,182,RU,Russia,OMS,administrative region,55.0554669,73.3167342,2025-05-20 19:18:29.649,1,2025-05-20 19:18:29.649,1,,-05:00:00,-05:00:00,2025-05-20 19:18:29.649,2025-05-20 19:18:29.649
1886,Orenburg,182,RU,Russia,ORE,administrative region,51.7634026,54.6188188,2025-05-20 19:18:29.649,1,2025-05-20 19:18:29.649,1,,-05:00:00,-05:00:00,2025-05-20 19:18:29.649,2025-05-20 19:18:29.649
1908,Oryol,182,RU,Russia,ORL,administrative region,52.7856414,36.9242344,2025-05-20 19:18:29.649,1,2025-05-20 19:18:29.649,1,,-05:00:00,-05:00:00,2025-05-20 19:18:29.649,2025-05-20 19:18:29.649
1909,Penza,182,RU,Russia,PNZ,administrative region,53.1412105,44.0940048,2025-05-20 19:18:29.649,1,2025-05-20 19:18:29.649,1,,-05:00:00,-05:00:00,2025-05-20 19:18:29.649,2025-05-20 19:18:29.649
1871,Perm,182,RU,Russia,PER,administrative territory,58.8231929,56.5872481,2025-05-20 19:18:29.649,1,2025-05-20 19:18:29.649,1,,-05:00:00,-05:00:00,2025-05-20 19:18:29.649,2025-05-20 19:18:29.649
1833,Primorsky,182,RU,Russia,PRI,administrative territory,45.0525641,135,2025-05-20 19:18:29.649,1,2025-05-20 19:18:29.649,1,,-05:00:00,-05:00:00,2025-05-20 19:18:29.649,2025-05-20 19:18:29.649
1863,Pskov,182,RU,Russia,PSK,administrative region,56.7708599,29.094009,2025-05-20 19:18:29.649,1,2025-05-20 19:18:29.649,1,,-05:00:00,-05:00:00,2025-05-20 19:18:29.649,2025-05-20 19:18:29.649
1837,Rostov,182,RU,Russia,ROS,administrative region,47.6853247,41.8258952,2025-05-20 19:18:29.649,1,2025-05-20 19:18:29.649,1,,-05:00:00,-05:00:00,2025-05-20 19:18:29.649,2025-05-20 19:18:29.649
1905,Ryazan,182,RU,Russia,RYA,administrative region,54.3875964,41.2595661,2025-05-20 19:18:29.649,1,2025-05-20 19:18:29.649,1,,-05:00:00,-05:00:00,2025-05-20 19:18:29.649,2025-05-20 19:18:29.649
1879,Saint Petersburg,182,RU,Russia,SPE,autonomous city,59.9310584,30.3609096,2025-05-20 19:18:29.649,1,2025-05-20 19:18:29.649,1,,-05:00:00,-05:00:00,2025-05-20 19:18:29.649,2025-05-20 19:18:29.649
1848,Sakha,182,RU,Russia,SA,republic,66.7613451,124.123753,2025-05-20 19:18:29.649,1,2025-05-20 19:18:29.649,1,,-05:00:00,-05:00:00,2025-05-20 19:18:29.649,2025-05-20 19:18:29.649
1875,Sakhalin,182,RU,Russia,SAK,administrative region,50.6909848,142.9505689,2025-05-20 19:18:29.649,1,2025-05-20 19:18:29.649,1,,-05:00:00,-05:00:00,2025-05-20 19:18:29.649,2025-05-20 19:18:29.649
1862,Samara,182,RU,Russia,SAM,administrative region,53.4183839,50.4725528,2025-05-20 19:18:29.649,1,2025-05-20 19:18:29.649,1,,-05:00:00,-05:00:00,2025-05-20 19:18:29.649,2025-05-20 19:18:29.649
1887,Saratov,182,RU,Russia,SAR,administrative region,51.8369263,46.7539397,2025-05-20 19:18:29.649,1,2025-05-20 19:18:29.649,1,,-05:00:00,-05:00:00,2025-05-20 19:18:29.649,2025-05-20 19:18:29.649
1885,Smolensk,182,RU,Russia,SMO,administrative region,54.9882994,32.6677378,2025-05-20 19:18:29.649,1,2025-05-20 19:18:29.649,1,,-05:00:00,-05:00:00,2025-05-20 19:18:29.649,2025-05-20 19:18:29.649
1868,Stavropol,182,RU,Russia,STA,administrative territory,44.6680993,43.520214,2025-05-20 19:18:29.649,1,2025-05-20 19:18:29.649,1,,-05:00:00,-05:00:00,2025-05-20 19:18:29.649,2025-05-20 19:18:29.649
1894,Sverdlovsk,182,RU,Russia,SVE,administrative region,56.8430993,60.6454086,2025-05-20 19:18:29.649,1,2025-05-20 19:18:29.649,1,,-05:00:00,-05:00:00,2025-05-20 19:18:29.649,2025-05-20 19:18:29.649
1878,Tambov,182,RU,Russia,TAM,administrative region,52.6416589,41.4216451,2025-05-20 19:18:29.649,1,2025-05-20 19:18:29.649,1,,-05:00:00,-05:00:00,2025-05-20 19:18:29.649,2025-05-20 19:18:29.649
1861,Tatarstan,182,RU,Russia,TA,republic,55.1802364,50.7263945,2025-05-20 19:18:29.649,1,2025-05-20 19:18:29.649,1,,-05:00:00,-05:00:00,2025-05-20 19:18:29.649,2025-05-20 19:18:29.649
1872,Tomsk,182,RU,Russia,TOM,administrative region,58.8969882,82.67655,2025-05-20 19:18:29.649,1,2025-05-20 19:18:29.649,1,,-05:00:00,-05:00:00,2025-05-20 19:18:29.649,2025-05-20 19:18:29.649
1895,Tula,182,RU,Russia,TUL,administrative region,54.163768,37.5649507,2025-05-20 19:18:29.649,1,2025-05-20 19:18:29.649,1,,-05:00:00,-05:00:00,2025-05-20 19:18:29.649,2025-05-20 19:18:29.649
1900,Tuva,182,RU,Russia,TY,republic,51.8872669,95.6260172,2025-05-20 19:18:29.649,1,2025-05-20 19:18:29.649,1,,-05:00:00,-05:00:00,2025-05-20 19:18:29.649,2025-05-20 19:18:29.649
1860,Tver,182,RU,Russia,TVE,administrative region,57.0021654,33.9853142,2025-05-20 19:18:29.649,1,2025-05-20 19:18:29.649,1,,-05:00:00,-05:00:00,2025-05-20 19:18:29.649,2025-05-20 19:18:29.649
1907,Tyumen,182,RU,Russia,TYU,administrative region,56.9634387,66.948278,2025-05-20 19:18:29.649,1,2025-05-20 19:18:29.649,1,,-05:00:00,-05:00:00,2025-05-20 19:18:29.649,2025-05-20 19:18:29.649
1913,Udmurt,182,RU,Russia,UD,republic,57.0670218,53.0277948,2025-05-20 19:18:29.649,1,2025-05-20 19:18:29.649,1,,-05:00:00,-05:00:00,2025-05-20 19:18:29.649,2025-05-20 19:18:29.649
1856,Ulyanovsk,182,RU,Russia,ULY,administrative region,53.9793357,47.7762425,2025-05-20 19:18:29.649,1,2025-05-20 19:18:29.649,1,,-05:00:00,-05:00:00,2025-05-20 19:18:29.649,2025-05-20 19:18:29.649
1881,Vladimir,182,RU,Russia,VLA,administrative region,56.1553465,40.5926685,2025-05-20 19:18:29.649,1,2025-05-20 19:18:29.649,1,,-05:00:00,-05:00:00,2025-05-20 19:18:29.649,2025-05-20 19:18:29.649
4916,Volgograd Oblast,182,RU,Russia,VGG,administrative region,49.2587393,39.8154463,2025-05-20 19:18:29.649,1,2025-05-20 19:18:29.649,1,,-05:00:00,-05:00:00,2025-05-20 19:18:29.649,2025-05-20 19:18:29.649
1874,Vologda,182,RU,Russia,VLG,administrative region,59.8706711,40.6555411,2025-05-20 19:18:29.649,1,2025-05-20 19:18:29.649,1,,-05:00:00,-05:00:00,2025-05-20 19:18:29.649,2025-05-20 19:18:29.649
1906,Voronezh,182,RU,Russia,VOR,administrative region,50.8589713,39.8644374,2025-05-20 19:18:29.649,1,2025-05-20 19:18:29.649,1,,-05:00:00,-05:00:00,2025-05-20 19:18:29.649,2025-05-20 19:18:29.649
1847,Yamalo-Nenets,182,RU,Russia,YAN,autonomous district,66.0653057,76.9345193,2025-05-20 19:18:29.649,1,2025-05-20 19:18:29.649,1,,-05:00:00,-05:00:00,2025-05-20 19:18:29.649,2025-05-20 19:18:29.649
1851,Yaroslavl,182,RU,Russia,YAR,administrative region,57.8991523,38.8388633,2025-05-20 19:18:29.649,1,2025-05-20 19:18:29.649,1,,-05:00:00,-05:00:00,2025-05-20 19:18:29.649,2025-05-20 19:18:29.649
1904,Zabaykalsky,182,RU,Russia,ZAB,administrative territory,53.0928771,116.9676561,2025-05-20 19:18:29.649,1,2025-05-20 19:18:29.649,1,,-05:00:00,-05:00:00,2025-05-20 19:18:29.649,2025-05-20 19:18:29.649
261,Eastern,183,RW,Rwanda,2,province,-1.7424451,29.7688698,2025-05-20 19:18:29.649,1,2025-05-20 19:18:29.649,1,,-05:00:00,-05:00:00,2025-05-20 19:18:29.649,2025-05-20 19:18:29.649
262,Kigali,183,RW,Rwanda,1,city,-1.9297626,29.9624332,2025-05-20 19:18:29.649,1,2025-05-20 19:18:29.649,1,,-05:00:00,-05:00:00,2025-05-20 19:18:29.649,2025-05-20 19:18:29.649
263,Northern,183,RW,Rwanda,3,province,-1.6108529,29.5332066,2025-05-20 19:18:29.649,1,2025-05-20 19:18:29.649,1,,-05:00:00,-05:00:00,2025-05-20 19:18:29.649,2025-05-20 19:18:29.649
259,Southern,183,RW,Rwanda,5,province,-2.2855202,29.3130756,2025-05-20 19:18:29.649,1,2025-05-20 19:18:29.649,1,,-05:00:00,-05:00:00,2025-05-20 19:18:29.649,2025-05-20 19:18:29.649
260,Western,183,RW,Rwanda,4,province,-2.1250057,28.6090117,2025-05-20 19:18:29.649,1,2025-05-20 19:18:29.649,1,,-05:00:00,-05:00:00,2025-05-20 19:18:29.649,2025-05-20 19:18:29.649
5440,Alarm Forest,184,SH,Saint Helena,1,district,-15.9467144,-5.7244752,2025-05-20 19:18:29.649,1,2025-05-20 19:18:29.649,1,,-05:00:00,-05:00:00,2025-05-20 19:18:29.649,2025-05-20 19:18:29.649
5441,Blue Hill,184,SH,Saint Helena,2,district,-15.9835472,-5.7965652,2025-05-20 19:18:29.649,1,2025-05-20 19:18:29.649,1,,-05:00:00,-05:00:00,2025-05-20 19:18:29.649,2025-05-20 19:18:29.649
5442,Half Tree Hollow,184,SH,Saint Helena,3,district,-15.9346845,-5.7313477,2025-05-20 19:18:29.649,1,2025-05-20 19:18:29.649,1,,-05:00:00,-05:00:00,2025-05-20 19:18:29.649,2025-05-20 19:18:29.649
5443,Jamestown,184,SH,Saint Helena,4,district,-15.9288308,-5.7203338,2025-05-20 19:18:29.649,1,2025-05-20 19:18:29.649,1,,-05:00:00,-05:00:00,2025-05-20 19:18:29.649,2025-05-20 19:18:29.649
5444,Levelwood,184,SH,Saint Helena,5,district,-15.9747543,-5.709608,2025-05-20 19:18:29.649,1,2025-05-20 19:18:29.649,1,,-05:00:00,-05:00:00,2025-05-20 19:18:29.649,2025-05-20 19:18:29.649
5445,Longwood,184,SH,Saint Helena,6,district,-15.9445863,-5.6950272,2025-05-20 19:18:29.649,1,2025-05-20 19:18:29.649,1,,-05:00:00,-05:00:00,2025-05-20 19:18:29.649,2025-05-20 19:18:29.649
5447,Saint Paul's,184,SH,Saint Helena,8,district,-15.9869581,-5.7809658,2025-05-20 19:18:29.649,1,2025-05-20 19:18:29.649,1,,-05:00:00,-05:00:00,2025-05-20 19:18:29.649,2025-05-20 19:18:29.649
5446,Sandy Bay,184,SH,Saint Helena,7,district,-15.9918741,-5.7399151,2025-05-20 19:18:29.649,1,2025-05-20 19:18:29.649,1,,-05:00:00,-05:00:00,2025-05-20 19:18:29.649,2025-05-20 19:18:29.649
3833,Christ Church Nichola Town,185,KN,Saint Kitts and Nevis,1,parish,17.3604812,-62.7617837,2025-05-20 19:18:29.649,1,2025-05-20 19:18:29.649,1,,-05:00:00,-05:00:00,2025-05-20 19:18:29.649,2025-05-20 19:18:29.649
3832,Nevis,185,KN,Saint Kitts and Nevis,N,state,17.1553558,-62.5796026,2025-05-20 19:18:29.649,1,2025-05-20 19:18:29.649,1,,-05:00:00,-05:00:00,2025-05-20 19:18:29.649,2025-05-20 19:18:29.649
3836,Saint Anne Sandy Point,185,KN,Saint Kitts and Nevis,2,parish,17.3725333,-62.8441133,2025-05-20 19:18:29.649,1,2025-05-20 19:18:29.649,1,,-05:00:00,-05:00:00,2025-05-20 19:18:29.649,2025-05-20 19:18:29.649
5348,Saint George Basseterre,185,KN,Saint Kitts and Nevis,3,parish,17.2671011,-62.7693001,2025-05-20 19:18:29.649,1,2025-05-20 19:18:29.649,1,,-05:00:00,-05:00:00,2025-05-20 19:18:29.649,2025-05-20 19:18:29.649
3837,Saint George Gingerland,185,KN,Saint Kitts and Nevis,4,parish,17.1257759,-62.5619811,2025-05-20 19:18:29.649,1,2025-05-20 19:18:29.649,1,,-05:00:00,-05:00:00,2025-05-20 19:18:29.649,2025-05-20 19:18:29.649
3835,Saint James Windward,185,KN,Saint Kitts and Nevis,5,parish,17.1769633,-62.5796026,2025-05-20 19:18:29.649,1,2025-05-20 19:18:29.649,1,,-05:00:00,-05:00:00,2025-05-20 19:18:29.649,2025-05-20 19:18:29.649
3845,Saint John Capisterre,185,KN,Saint Kitts and Nevis,6,parish,17.3810341,-62.7911833,2025-05-20 19:18:29.649,1,2025-05-20 19:18:29.649,1,,-05:00:00,-05:00:00,2025-05-20 19:18:29.649,2025-05-20 19:18:29.649
3840,Saint John Figtree,185,KN,Saint Kitts and Nevis,7,parish,17.1155748,-62.6031004,2025-05-20 19:18:29.649,1,2025-05-20 19:18:29.649,1,,-05:00:00,-05:00:00,2025-05-20 19:18:29.649,2025-05-20 19:18:29.649
3841,Saint Kitts,185,KN,Saint Kitts and Nevis,K,state,17.3433796,-62.7559043,2025-05-20 19:18:29.649,1,2025-05-20 19:18:29.649,1,,-05:00:00,-05:00:00,2025-05-20 19:18:29.649,2025-05-20 19:18:29.649
3844,Saint Mary Cayon,185,KN,Saint Kitts and Nevis,8,parish,17.3462071,-62.7382671,2025-05-20 19:18:29.649,1,2025-05-20 19:18:29.649,1,,-05:00:00,-05:00:00,2025-05-20 19:18:29.649,2025-05-20 19:18:29.649
3834,Saint Paul Capisterre,185,KN,Saint Kitts and Nevis,9,parish,17.4016683,-62.8257332,2025-05-20 19:18:29.649,1,2025-05-20 19:18:29.649,1,,-05:00:00,-05:00:00,2025-05-20 19:18:29.649,2025-05-20 19:18:29.649
3838,Saint Paul Charlestown,185,KN,Saint Kitts and Nevis,10,parish,17.1346297,-62.6133816,2025-05-20 19:18:29.649,1,2025-05-20 19:18:29.649,1,,-05:00:00,-05:00:00,2025-05-20 19:18:29.649,2025-05-20 19:18:29.649
3831,Saint Peter Basseterre,185,KN,Saint Kitts and Nevis,11,parish,17.3102911,-62.7147533,2025-05-20 19:18:29.649,1,2025-05-20 19:18:29.649,1,,-05:00:00,-05:00:00,2025-05-20 19:18:29.649,2025-05-20 19:18:29.649
3839,Saint Thomas Lowland,185,KN,Saint Kitts and Nevis,12,parish,17.1650513,-62.6089753,2025-05-20 19:18:29.649,1,2025-05-20 19:18:29.649,1,,-05:00:00,-05:00:00,2025-05-20 19:18:29.649,2025-05-20 19:18:29.649
3842,Saint Thomas Middle Island,185,KN,Saint Kitts and Nevis,13,parish,17.3348813,-62.8088251,2025-05-20 19:18:29.649,1,2025-05-20 19:18:29.649,1,,-05:00:00,-05:00:00,2025-05-20 19:18:29.649,2025-05-20 19:18:29.649
3843,Trinity Palmetto Point,185,KN,Saint Kitts and Nevis,15,parish,17.3063519,-62.7617837,2025-05-20 19:18:29.649,1,2025-05-20 19:18:29.649,1,,-05:00:00,-05:00:00,2025-05-20 19:18:29.649,2025-05-20 19:18:29.649
3757,Anse la Raye,186,LC,Saint Lucia,1,district,13.9459424,-61.0369468,2025-05-20 19:18:29.649,1,2025-05-20 19:18:29.649,1,,-05:00:00,-05:00:00,2025-05-20 19:18:29.649,2025-05-20 19:18:29.649
3761,Canaries,186,LC,Saint Lucia,12,district,13.9040024,-61.0718714,2025-05-20 19:18:29.649,1,2025-05-20 19:18:29.649,1,,-05:00:00,-05:00:00,2025-05-20 19:18:29.649,2025-05-20 19:18:29.649
3758,Castries,186,LC,Saint Lucia,2,district,14.0101094,-60.9874687,2025-05-20 19:18:29.649,1,2025-05-20 19:18:29.649,1,,-05:00:00,-05:00:00,2025-05-20 19:18:29.649,2025-05-20 19:18:29.649
3760,Choiseul,186,LC,Saint Lucia,3,district,13.7750154,-61.048591,2025-05-20 19:18:29.649,1,2025-05-20 19:18:29.649,1,,-05:00:00,-05:00:00,2025-05-20 19:18:29.649,2025-05-20 19:18:29.649
3767,Dauphin,186,LC,Saint Lucia,4,district,14.0103396,-60.9190988,2025-05-20 19:18:29.649,1,2025-05-20 19:18:29.649,1,,-05:00:00,-05:00:00,2025-05-20 19:18:29.649,2025-05-20 19:18:29.649
3756,Dennery,186,LC,Saint Lucia,5,district,13.9267393,-60.9190988,2025-05-20 19:18:29.649,1,2025-05-20 19:18:29.649,1,,-05:00:00,-05:00:00,2025-05-20 19:18:29.649,2025-05-20 19:18:29.649
3766,Gros Islet,186,LC,Saint Lucia,6,district,14.0843578,-60.9452794,2025-05-20 19:18:29.649,1,2025-05-20 19:18:29.649,1,,-05:00:00,-05:00:00,2025-05-20 19:18:29.649,2025-05-20 19:18:29.649
3759,Laborie,186,LC,Saint Lucia,7,district,13.7522783,-60.9932889,2025-05-20 19:18:29.649,1,2025-05-20 19:18:29.649,1,,-05:00:00,-05:00:00,2025-05-20 19:18:29.649,2025-05-20 19:18:29.649
3762,Micoud,186,LC,Saint Lucia,8,district,13.8211871,-60.9001934,2025-05-20 19:18:29.649,1,2025-05-20 19:18:29.649,1,,-05:00:00,-05:00:00,2025-05-20 19:18:29.649,2025-05-20 19:18:29.649
3765,Praslin,186,LC,Saint Lucia,9,district,13.8752392,-60.8994663,2025-05-20 19:18:29.649,1,2025-05-20 19:18:29.649,1,,-05:00:00,-05:00:00,2025-05-20 19:18:29.649,2025-05-20 19:18:29.649
3764,Soufrière,186,LC,Saint Lucia,10,district,13.8570986,-61.0573248,2025-05-20 19:18:29.649,1,2025-05-20 19:18:29.649,1,,-05:00:00,-05:00:00,2025-05-20 19:18:29.649,2025-05-20 19:18:29.649
3763,Vieux Fort,186,LC,Saint Lucia,11,district,13.720608,-60.9496433,2025-05-20 19:18:29.649,1,2025-05-20 19:18:29.649,1,,-05:00:00,-05:00:00,2025-05-20 19:18:29.649,2025-05-20 19:18:29.649
3389,Charlotte,188,VC,Saint Vincent and the Grenadines,1,parish,13.2175451,-61.1636244,2025-05-20 19:18:29.649,1,2025-05-20 19:18:29.649,1,,-05:00:00,-05:00:00,2025-05-20 19:18:29.649,2025-05-20 19:18:29.649
3388,Grenadines,188,VC,Saint Vincent and the Grenadines,6,parish,13.0122965,-61.2277301,2025-05-20 19:18:29.649,1,2025-05-20 19:18:29.649,1,,-05:00:00,-05:00:00,2025-05-20 19:18:29.649,2025-05-20 19:18:29.649
3386,Saint Andrew,188,VC,Saint Vincent and the Grenadines,2,parish,43.0242999,-81.2025,2025-05-20 19:18:29.649,1,2025-05-20 19:18:29.649,1,,-05:00:00,-05:00:00,2025-05-20 19:18:29.649,2025-05-20 19:18:29.649
3387,Saint David,188,VC,Saint Vincent and the Grenadines,3,parish,43.8523095,-79.5236654,2025-05-20 19:18:29.649,1,2025-05-20 19:18:29.649,1,,-05:00:00,-05:00:00,2025-05-20 19:18:29.649,2025-05-20 19:18:29.649
3384,Saint George,188,VC,Saint Vincent and the Grenadines,4,parish,42.957609,-81.326705,2025-05-20 19:18:29.649,1,2025-05-20 19:18:29.649,1,,-05:00:00,-05:00:00,2025-05-20 19:18:29.649,2025-05-20 19:18:29.649
3385,Saint Patrick,188,VC,Saint Vincent and the Grenadines,5,parish,39.7509186,-94.8450556,2025-05-20 19:18:29.649,1,2025-05-20 19:18:29.649,1,,-05:00:00,-05:00:00,2025-05-20 19:18:29.649,2025-05-20 19:18:29.649
4763,A'ana,191,WS,Samoa,AA,district,-13.898418,-171.9752995,2025-05-20 19:18:29.649,1,2025-05-20 19:18:29.649,1,,-05:00:00,-05:00:00,2025-05-20 19:18:29.649,2025-05-20 19:18:29.649
4761,Aiga-i-le-Tai,191,WS,Samoa,AL,district,-13.8513791,-172.0325401,2025-05-20 19:18:29.649,1,2025-05-20 19:18:29.649,1,,-05:00:00,-05:00:00,2025-05-20 19:18:29.649,2025-05-20 19:18:29.649
4765,Atua,191,WS,Samoa,AT,district,-13.9787053,-171.6254283,2025-05-20 19:18:29.649,1,2025-05-20 19:18:29.649,1,,-05:00:00,-05:00:00,2025-05-20 19:18:29.649,2025-05-20 19:18:29.649
4764,Fa'asaleleaga,191,WS,Samoa,FA,district,-13.6307638,-172.2365981,2025-05-20 19:18:29.649,1,2025-05-20 19:18:29.649,1,,-05:00:00,-05:00:00,2025-05-20 19:18:29.649,2025-05-20 19:18:29.649
4769,Gaga'emauga,191,WS,Samoa,GE,district,-13.5428666,-172.366887,2025-05-20 19:18:29.649,1,2025-05-20 19:18:29.649,1,,-05:00:00,-05:00:00,2025-05-20 19:18:29.649,2025-05-20 19:18:29.649
4771,Gaga'ifomauga,191,WS,Samoa,GI,district,-13.5468007,-172.4969331,2025-05-20 19:18:29.649,1,2025-05-20 19:18:29.649,1,,-05:00:00,-05:00:00,2025-05-20 19:18:29.649,2025-05-20 19:18:29.649
4767,Palauli,191,WS,Samoa,PA,district,-13.7294579,-172.4536115,2025-05-20 19:18:29.649,1,2025-05-20 19:18:29.649,1,,-05:00:00,-05:00:00,2025-05-20 19:18:29.649,2025-05-20 19:18:29.649
4762,Satupa'itea,191,WS,Samoa,SA,district,-13.6538214,-172.6159271,2025-05-20 19:18:29.649,1,2025-05-20 19:18:29.649,1,,-05:00:00,-05:00:00,2025-05-20 19:18:29.649,2025-05-20 19:18:29.649
4770,Tuamasaga,191,WS,Samoa,TU,district,-13.9163592,-171.8224362,2025-05-20 19:18:29.649,1,2025-05-20 19:18:29.649,1,,-05:00:00,-05:00:00,2025-05-20 19:18:29.649,2025-05-20 19:18:29.649
4768,Va'a-o-Fonoti,191,WS,Samoa,VF,district,-13.9470903,-171.5431872,2025-05-20 19:18:29.649,1,2025-05-20 19:18:29.649,1,,-05:00:00,-05:00:00,2025-05-20 19:18:29.649,2025-05-20 19:18:29.649
4766,Vaisigano,191,WS,Samoa,VS,district,-13.5413827,-172.7023383,2025-05-20 19:18:29.649,1,2025-05-20 19:18:29.649,1,,-05:00:00,-05:00:00,2025-05-20 19:18:29.649,2025-05-20 19:18:29.649
59,Acquaviva,192,SM,San Marino,1,municipality,41.8671597,14.7469479,2025-05-20 19:18:29.649,1,2025-05-20 19:18:29.649,1,,-05:00:00,-05:00:00,2025-05-20 19:18:29.649,2025-05-20 19:18:29.649
61,Borgo Maggiore,192,SM,San Marino,6,municipality,43.9574882,12.4552546,2025-05-20 19:18:29.649,1,2025-05-20 19:18:29.649,1,,-05:00:00,-05:00:00,2025-05-20 19:18:29.649,2025-05-20 19:18:29.649
60,Chiesanuova,192,SM,San Marino,2,municipality,45.4226172,7.6503854,2025-05-20 19:18:29.649,1,2025-05-20 19:18:29.649,1,,-05:00:00,-05:00:00,2025-05-20 19:18:29.649,2025-05-20 19:18:29.649
64,Domagnano,192,SM,San Marino,3,municipality,43.9501929,12.4681537,2025-05-20 19:18:29.649,1,2025-05-20 19:18:29.649,1,,-05:00:00,-05:00:00,2025-05-20 19:18:29.649,2025-05-20 19:18:29.649
62,Faetano,192,SM,San Marino,4,municipality,43.9348967,12.4896554,2025-05-20 19:18:29.649,1,2025-05-20 19:18:29.649,1,,-05:00:00,-05:00:00,2025-05-20 19:18:29.649,2025-05-20 19:18:29.649
66,Fiorentino,192,SM,San Marino,5,municipality,43.9078337,12.4581209,2025-05-20 19:18:29.649,1,2025-05-20 19:18:29.649,1,,-05:00:00,-05:00:00,2025-05-20 19:18:29.649,2025-05-20 19:18:29.649
63,Montegiardino,192,SM,San Marino,8,municipality,43.9052999,12.4810542,2025-05-20 19:18:29.649,1,2025-05-20 19:18:29.649,1,,-05:00:00,-05:00:00,2025-05-20 19:18:29.649,2025-05-20 19:18:29.649
58,San Marino,192,SM,San Marino,7,municipality,43.94236,12.457777,2025-05-20 19:18:29.649,1,2025-05-20 19:18:29.649,1,,-05:00:00,-05:00:00,2025-05-20 19:18:29.649,2025-05-20 19:18:29.649
65,Serravalle,192,SM,San Marino,9,municipality,44.7232084,8.8574005,2025-05-20 19:18:29.649,1,2025-05-20 19:18:29.649,1,,-05:00:00,-05:00:00,2025-05-20 19:18:29.649,2025-05-20 19:18:29.649
270,Príncipe,193,ST,Sao Tome and Principe,P,province,1.6139381,7.4056928,2025-05-20 19:18:29.649,1,2025-05-20 19:18:29.649,1,,-05:00:00,-05:00:00,2025-05-20 19:18:29.649,2025-05-20 19:18:29.649
271,São Tomé,193,ST,Sao Tome and Principe,S,province,0.3301924,6.733343,2025-05-20 19:18:29.649,1,2025-05-20 19:18:29.649,1,,-05:00:00,-05:00:00,2025-05-20 19:18:29.649,2025-05-20 19:18:29.649
2853,'Asir,194,SA,Saudi Arabia,14,region,19.0969062,42.8637875,2025-05-20 19:18:29.649,1,2025-05-20 19:18:29.649,1,,-05:00:00,-05:00:00,2025-05-20 19:18:29.649,2025-05-20 19:18:29.649
2859,Al Bahah,194,SA,Saudi Arabia,11,region,20.2722739,41.441251,2025-05-20 19:18:29.649,1,2025-05-20 19:18:29.649,1,,-05:00:00,-05:00:00,2025-05-20 19:18:29.649,2025-05-20 19:18:29.649
2857,Al Jawf,194,SA,Saudi Arabia,12,region,29.887356,39.3206241,2025-05-20 19:18:29.649,1,2025-05-20 19:18:29.649,1,,-05:00:00,-05:00:00,2025-05-20 19:18:29.649,2025-05-20 19:18:29.649
2851,Al Madinah,194,SA,Saudi Arabia,3,region,24.8403977,39.3206241,2025-05-20 19:18:29.649,1,2025-05-20 19:18:29.649,1,,-05:00:00,-05:00:00,2025-05-20 19:18:29.649,2025-05-20 19:18:29.649
2861,Al-Qassim,194,SA,Saudi Arabia,5,region,26.207826,43.483738,2025-05-20 19:18:29.649,1,2025-05-20 19:18:29.649,1,,-05:00:00,-05:00:00,2025-05-20 19:18:29.649,2025-05-20 19:18:29.649
2856,Eastern Province,194,SA,Saudi Arabia,4,region,24.0439932,45.6589225,2025-05-20 19:18:29.649,1,2025-05-20 19:18:29.649,1,,-05:00:00,-05:00:00,2025-05-20 19:18:29.649,2025-05-20 19:18:29.649
2855,Ha'il,194,SA,Saudi Arabia,6,region,27.7076143,41.9196471,2025-05-20 19:18:29.649,1,2025-05-20 19:18:29.649,1,,-05:00:00,-05:00:00,2025-05-20 19:18:29.649,2025-05-20 19:18:29.649
2858,Jizan,194,SA,Saudi Arabia,9,region,17.1738176,42.7076107,2025-05-20 19:18:29.649,1,2025-05-20 19:18:29.649,1,,-05:00:00,-05:00:00,2025-05-20 19:18:29.649,2025-05-20 19:18:29.649
2850,Makkah,194,SA,Saudi Arabia,2,region,21.5235584,41.9196471,2025-05-20 19:18:29.649,1,2025-05-20 19:18:29.649,1,,-05:00:00,-05:00:00,2025-05-20 19:18:29.649,2025-05-20 19:18:29.649
2860,Najran,194,SA,Saudi Arabia,10,region,18.3514664,45.6007108,2025-05-20 19:18:29.649,1,2025-05-20 19:18:29.649,1,,-05:00:00,-05:00:00,2025-05-20 19:18:29.649,2025-05-20 19:18:29.649
2854,Northern Borders,194,SA,Saudi Arabia,8,region,30.0799162,42.8637875,2025-05-20 19:18:29.649,1,2025-05-20 19:18:29.649,1,,-05:00:00,-05:00:00,2025-05-20 19:18:29.649,2025-05-20 19:18:29.649
2849,Riyadh,194,SA,Saudi Arabia,1,region,22.7554385,46.2091547,2025-05-20 19:18:29.649,1,2025-05-20 19:18:29.649,1,,-05:00:00,-05:00:00,2025-05-20 19:18:29.649,2025-05-20 19:18:29.649
2852,Tabuk,194,SA,Saudi Arabia,7,region,28.2453335,37.6386622,2025-05-20 19:18:29.649,1,2025-05-20 19:18:29.649,1,,-05:00:00,-05:00:00,2025-05-20 19:18:29.649,2025-05-20 19:18:29.649
473,Dakar,195,SN,Senegal,DK,region,14.716677,-17.4676861,2025-05-20 19:18:29.649,1,2025-05-20 19:18:29.649,1,,-05:00:00,-05:00:00,2025-05-20 19:18:29.649,2025-05-20 19:18:29.649
480,Diourbel Region,195,SN,Senegal,DB,region,14.7283085,-16.2522143,2025-05-20 19:18:29.649,1,2025-05-20 19:18:29.649,1,,-05:00:00,-05:00:00,2025-05-20 19:18:29.649,2025-05-20 19:18:29.649
479,Fatick,195,SN,Senegal,FK,region,14.3390167,-16.4111425,2025-05-20 19:18:29.649,1,2025-05-20 19:18:29.649,1,,-05:00:00,-05:00:00,2025-05-20 19:18:29.649,2025-05-20 19:18:29.649
475,Kaffrine,195,SN,Senegal,KA,region,14.105202,-15.5415755,2025-05-20 19:18:29.649,1,2025-05-20 19:18:29.649,1,,-05:00:00,-05:00:00,2025-05-20 19:18:29.649,2025-05-20 19:18:29.649
483,Kaolack,195,SN,Senegal,KL,region,14.1652083,-16.0757749,2025-05-20 19:18:29.649,1,2025-05-20 19:18:29.649,1,,-05:00:00,-05:00:00,2025-05-20 19:18:29.649,2025-05-20 19:18:29.649
481,Kédougou,195,SN,Senegal,KE,region,12.5604607,-12.1747077,2025-05-20 19:18:29.649,1,2025-05-20 19:18:29.649,1,,-05:00:00,-05:00:00,2025-05-20 19:18:29.649,2025-05-20 19:18:29.649
474,Kolda,195,SN,Senegal,KD,region,12.9107495,-14.9505671,2025-05-20 19:18:29.649,1,2025-05-20 19:18:29.649,1,,-05:00:00,-05:00:00,2025-05-20 19:18:29.649,2025-05-20 19:18:29.649
485,Louga,195,SN,Senegal,LG,region,15.6141768,-16.22868,2025-05-20 19:18:29.649,1,2025-05-20 19:18:29.649,1,,-05:00:00,-05:00:00,2025-05-20 19:18:29.649,2025-05-20 19:18:29.649
476,Matam,195,SN,Senegal,MT,region,15.6600225,-13.2576906,2025-05-20 19:18:29.649,1,2025-05-20 19:18:29.649,1,,-05:00:00,-05:00:00,2025-05-20 19:18:29.649,2025-05-20 19:18:29.649
477,Saint-Louis,195,SN,Senegal,SL,region,16.0825254,-17.7490778,2025-05-20 19:18:29.649,1,2025-05-20 19:18:29.649,1,,-05:00:00,-05:00:00,2025-05-20 19:18:29.649,2025-05-20 19:18:29.649
482,Sédhiou,195,SN,Senegal,SE,region,12.704604,-15.5562304,2025-05-20 19:18:29.649,1,2025-05-20 19:18:29.649,1,,-05:00:00,-05:00:00,2025-05-20 19:18:29.649,2025-05-20 19:18:29.649
486,Tambacounda Region,195,SN,Senegal,TC,region,13.5619011,-13.1740348,2025-05-20 19:18:29.649,1,2025-05-20 19:18:29.649,1,,-05:00:00,-05:00:00,2025-05-20 19:18:29.649,2025-05-20 19:18:29.649
484,Thiès Region,195,SN,Senegal,TH,region,14.7910052,-16.9358604,2025-05-20 19:18:29.649,1,2025-05-20 19:18:29.649,1,,-05:00:00,-05:00:00,2025-05-20 19:18:29.649,2025-05-20 19:18:29.649
478,Ziguinchor,195,SN,Senegal,ZG,region,12.5641479,-16.2639825,2025-05-20 19:18:29.649,1,2025-05-20 19:18:29.649,1,,-05:00:00,-05:00:00,2025-05-20 19:18:29.649,2025-05-20 19:18:29.649
3728,Belgrade,196,RS,Serbia,0,city,44.786568,20.4489216,2025-05-20 19:18:29.649,1,2025-05-20 19:18:29.649,1,,-05:00:00,-05:00:00,2025-05-20 19:18:29.649,2025-05-20 19:18:29.649
3717,Bor,196,RS,Serbia,14,district,44.0698918,22.0985086,2025-05-20 19:18:29.649,1,2025-05-20 19:18:29.649,1,,-05:00:00,-05:00:00,2025-05-20 19:18:29.649,2025-05-20 19:18:29.649
3732,Braničevo,196,RS,Serbia,11,district,44.6982246,21.5446775,2025-05-20 19:18:29.649,1,2025-05-20 19:18:29.649,1,,-05:00:00,-05:00:00,2025-05-20 19:18:29.649,2025-05-20 19:18:29.649
3716,Central Banat,196,RS,Serbia,2,district,45.4788485,20.6082522,2025-05-20 19:18:29.649,1,2025-05-20 19:18:29.649,1,,-05:00:00,-05:00:00,2025-05-20 19:18:29.649,2025-05-20 19:18:29.649
3715,Jablanica,196,RS,Serbia,23,district,42.948156,21.8129321,2025-05-20 19:18:29.649,1,2025-05-20 19:18:29.649,1,,-05:00:00,-05:00:00,2025-05-20 19:18:29.649,2025-05-20 19:18:29.649
3724,Kolubara,196,RS,Serbia,9,district,44.3509811,20.0004305,2025-05-20 19:18:29.649,1,2025-05-20 19:18:29.649,1,,-05:00:00,-05:00:00,2025-05-20 19:18:29.649,2025-05-20 19:18:29.649
3719,Mačva,196,RS,Serbia,8,district,44.5925314,19.5082246,2025-05-20 19:18:29.649,1,2025-05-20 19:18:29.649,1,,-05:00:00,-05:00:00,2025-05-20 19:18:29.649,2025-05-20 19:18:29.649
3727,Moravica,196,RS,Serbia,17,district,43.84147,20.2904987,2025-05-20 19:18:29.649,1,2025-05-20 19:18:29.649,1,,-05:00:00,-05:00:00,2025-05-20 19:18:29.649,2025-05-20 19:18:29.649
3722,Nišava,196,RS,Serbia,20,district,43.3738902,21.9322331,2025-05-20 19:18:29.649,1,2025-05-20 19:18:29.649,1,,-05:00:00,-05:00:00,2025-05-20 19:18:29.649,2025-05-20 19:18:29.649
3714,North Bačka,196,RS,Serbia,1,district,45.9803394,19.5907001,2025-05-20 19:18:29.649,1,2025-05-20 19:18:29.649,1,,-05:00:00,-05:00:00,2025-05-20 19:18:29.649,2025-05-20 19:18:29.649
3736,North Banat,196,RS,Serbia,3,district,45.906839,19.9993417,2025-05-20 19:18:29.649,1,2025-05-20 19:18:29.649,1,,-05:00:00,-05:00:00,2025-05-20 19:18:29.649,2025-05-20 19:18:29.649
3721,Pčinja,196,RS,Serbia,24,district,42.5836362,22.1430215,2025-05-20 19:18:29.649,1,2025-05-20 19:18:29.649,1,,-05:00:00,-05:00:00,2025-05-20 19:18:29.649,2025-05-20 19:18:29.649
3712,Pirot,196,RS,Serbia,22,district,43.0874036,22.5983044,2025-05-20 19:18:29.649,1,2025-05-20 19:18:29.649,1,,-05:00:00,-05:00:00,2025-05-20 19:18:29.649,2025-05-20 19:18:29.649
3741,Podunavlje,196,RS,Serbia,10,district,44.4729156,20.9901426,2025-05-20 19:18:29.649,1,2025-05-20 19:18:29.649,1,,-05:00:00,-05:00:00,2025-05-20 19:18:29.649,2025-05-20 19:18:29.649
3737,Pomoravlje,196,RS,Serbia,13,district,43.9591379,21.271353,2025-05-20 19:18:29.649,1,2025-05-20 19:18:29.649,1,,-05:00:00,-05:00:00,2025-05-20 19:18:29.649,2025-05-20 19:18:29.649
3720,Rasina,196,RS,Serbia,19,district,43.5263525,21.1588178,2025-05-20 19:18:29.649,1,2025-05-20 19:18:29.649,1,,-05:00:00,-05:00:00,2025-05-20 19:18:29.649,2025-05-20 19:18:29.649
3725,Raška,196,RS,Serbia,18,district,43.3373461,20.5734005,2025-05-20 19:18:29.649,1,2025-05-20 19:18:29.649,1,,-05:00:00,-05:00:00,2025-05-20 19:18:29.649,2025-05-20 19:18:29.649
3711,South Bačka,196,RS,Serbia,6,district,45.4890344,19.6976187,2025-05-20 19:18:29.649,1,2025-05-20 19:18:29.649,1,,-05:00:00,-05:00:00,2025-05-20 19:18:29.649,2025-05-20 19:18:29.649
3713,South Banat,196,RS,Serbia,4,district,45.0027457,21.0542509,2025-05-20 19:18:29.649,1,2025-05-20 19:18:29.649,1,,-05:00:00,-05:00:00,2025-05-20 19:18:29.649,2025-05-20 19:18:29.649
3740,Srem,196,RS,Serbia,7,district,45.0029171,19.8013773,2025-05-20 19:18:29.649,1,2025-05-20 19:18:29.649,1,,-05:00:00,-05:00:00,2025-05-20 19:18:29.649,2025-05-20 19:18:29.649
3734,Šumadija,196,RS,Serbia,12,district,44.2050678,20.7856565,2025-05-20 19:18:29.649,1,2025-05-20 19:18:29.649,1,,-05:00:00,-05:00:00,2025-05-20 19:18:29.649,2025-05-20 19:18:29.649
3718,Toplica,196,RS,Serbia,21,district,43.1906592,21.3407762,2025-05-20 19:18:29.649,1,2025-05-20 19:18:29.649,1,,-05:00:00,-05:00:00,2025-05-20 19:18:29.649,2025-05-20 19:18:29.649
3733,Vojvodina,196,RS,Serbia,VO,province,45.2608651,19.8319338,2025-05-20 19:18:29.649,1,2025-05-20 19:18:29.649,1,,-05:00:00,-05:00:00,2025-05-20 19:18:29.649,2025-05-20 19:18:29.649
3726,West Bačka,196,RS,Serbia,5,district,45.7355385,19.1897364,2025-05-20 19:18:29.649,1,2025-05-20 19:18:29.649,1,,-05:00:00,-05:00:00,2025-05-20 19:18:29.649,2025-05-20 19:18:29.649
3731,Zaječar,196,RS,Serbia,15,district,43.9015048,22.2738011,2025-05-20 19:18:29.649,1,2025-05-20 19:18:29.649,1,,-05:00:00,-05:00:00,2025-05-20 19:18:29.649,2025-05-20 19:18:29.649
3729,Zlatibor,196,RS,Serbia,16,district,43.645417,19.7101455,2025-05-20 19:18:29.649,1,2025-05-20 19:18:29.649,1,,-05:00:00,-05:00:00,2025-05-20 19:18:29.649,2025-05-20 19:18:29.649
513,Anse Boileau,197,SC,Seychelles,2,district,-4.7047268,55.4859363,2025-05-20 19:18:29.649,1,2025-05-20 19:18:29.649,1,,-05:00:00,-05:00:00,2025-05-20 19:18:29.649,2025-05-20 19:18:29.649
502,Anse Royale,197,SC,Seychelles,5,district,-4.7407988,55.5081012,2025-05-20 19:18:29.649,1,2025-05-20 19:18:29.649,1,,-05:00:00,-05:00:00,2025-05-20 19:18:29.649,2025-05-20 19:18:29.649
506,Anse-aux-Pins,197,SC,Seychelles,1,district,-4.6900443,55.5150289,2025-05-20 19:18:29.649,1,2025-05-20 19:18:29.649,1,,-05:00:00,-05:00:00,2025-05-20 19:18:29.649,2025-05-20 19:18:29.649
508,Au Cap,197,SC,Seychelles,4,district,-4.7059723,55.5081012,2025-05-20 19:18:29.649,1,2025-05-20 19:18:29.649,1,,-05:00:00,-05:00:00,2025-05-20 19:18:29.649,2025-05-20 19:18:29.649
497,Baie Lazare,197,SC,Seychelles,6,district,-4.7482525,55.4859363,2025-05-20 19:18:29.649,1,2025-05-20 19:18:29.649,1,,-05:00:00,-05:00:00,2025-05-20 19:18:29.649,2025-05-20 19:18:29.649
514,Baie Sainte Anne,197,SC,Seychelles,7,district,47.05259,-64.9524579,2025-05-20 19:18:29.649,1,2025-05-20 19:18:29.649,1,,-05:00:00,-05:00:00,2025-05-20 19:18:29.649,2025-05-20 19:18:29.649
512,Beau Vallon,197,SC,Seychelles,8,district,-4.6210967,55.4277802,2025-05-20 19:18:29.649,1,2025-05-20 19:18:29.649,1,,-05:00:00,-05:00:00,2025-05-20 19:18:29.649,2025-05-20 19:18:29.649
515,Bel Air,197,SC,Seychelles,9,district,34.1002455,-118.459463,2025-05-20 19:18:29.649,1,2025-05-20 19:18:29.649,1,,-05:00:00,-05:00:00,2025-05-20 19:18:29.649,2025-05-20 19:18:29.649
505,Bel Ombre,197,SC,Seychelles,10,district,-20.5010095,57.4259624,2025-05-20 19:18:29.649,1,2025-05-20 19:18:29.649,1,,-05:00:00,-05:00:00,2025-05-20 19:18:29.649,2025-05-20 19:18:29.649
517,Cascade,197,SC,Seychelles,11,district,44.5162821,-116.0417983,2025-05-20 19:18:29.649,1,2025-05-20 19:18:29.649,1,,-05:00:00,-05:00:00,2025-05-20 19:18:29.649,2025-05-20 19:18:29.649
503,Glacis,197,SC,Seychelles,12,district,47.1157303,-70.3028183,2025-05-20 19:18:29.649,1,2025-05-20 19:18:29.649,1,,-05:00:00,-05:00:00,2025-05-20 19:18:29.649,2025-05-20 19:18:29.649
500,Grand'Anse Mahé,197,SC,Seychelles,13,district,-4.677392,55.463777,2025-05-20 19:18:29.649,1,2025-05-20 19:18:29.649,1,,-05:00:00,-05:00:00,2025-05-20 19:18:29.649,2025-05-20 19:18:29.649
504,Grand'Anse Praslin,197,SC,Seychelles,14,district,-4.3176219,55.7078363,2025-05-20 19:18:29.649,1,2025-05-20 19:18:29.649,1,,-05:00:00,-05:00:00,2025-05-20 19:18:29.649,2025-05-20 19:18:29.649
495,La Digue,197,SC,Seychelles,15,district,49.7666922,-97.1546629,2025-05-20 19:18:29.649,1,2025-05-20 19:18:29.649,1,,-05:00:00,-05:00:00,2025-05-20 19:18:29.649,2025-05-20 19:18:29.649
516,La Rivière Anglaise,197,SC,Seychelles,16,district,-4.610615,55.4540841,2025-05-20 19:18:29.649,1,2025-05-20 19:18:29.649,1,,-05:00:00,-05:00:00,2025-05-20 19:18:29.649,2025-05-20 19:18:29.649
499,Les Mamelles,197,SC,Seychelles,24,district,38.8250505,-90.4834517,2025-05-20 19:18:29.649,1,2025-05-20 19:18:29.649,1,,-05:00:00,-05:00:00,2025-05-20 19:18:29.649,2025-05-20 19:18:29.649
494,Mont Buxton,197,SC,Seychelles,17,district,-4.6166667,55.4457768,2025-05-20 19:18:29.649,1,2025-05-20 19:18:29.649,1,,-05:00:00,-05:00:00,2025-05-20 19:18:29.649,2025-05-20 19:18:29.649
498,Mont Fleuri,197,SC,Seychelles,18,district,-4.6356543,55.4554688,2025-05-20 19:18:29.649,1,2025-05-20 19:18:29.649,1,,-05:00:00,-05:00:00,2025-05-20 19:18:29.649,2025-05-20 19:18:29.649
511,Plaisance,197,SC,Seychelles,19,district,45.607095,-75.1142745,2025-05-20 19:18:29.649,1,2025-05-20 19:18:29.649,1,,-05:00:00,-05:00:00,2025-05-20 19:18:29.649,2025-05-20 19:18:29.649
510,Pointe La Rue,197,SC,Seychelles,20,district,-4.680489,55.5191857,2025-05-20 19:18:29.649,1,2025-05-20 19:18:29.649,1,,-05:00:00,-05:00:00,2025-05-20 19:18:29.649,2025-05-20 19:18:29.649
507,Port Glaud,197,SC,Seychelles,21,district,-4.6488523,55.4194753,2025-05-20 19:18:29.649,1,2025-05-20 19:18:29.649,1,,-05:00:00,-05:00:00,2025-05-20 19:18:29.649,2025-05-20 19:18:29.649
501,Roche Caiman,197,SC,Seychelles,25,district,-4.6396028,55.4679315,2025-05-20 19:18:29.649,1,2025-05-20 19:18:29.649,1,,-05:00:00,-05:00:00,2025-05-20 19:18:29.649,2025-05-20 19:18:29.649
496,Saint Louis,197,SC,Seychelles,22,district,-4.6243805,55.4301016,2025-05-20 19:18:29.649,1,2025-05-20 19:18:29.649,1,,-05:00:00,-05:00:00,2025-05-20 19:18:29.649,2025-05-20 19:18:29.649
509,Takamaka,197,SC,Seychelles,23,district,37.9645917,-1.2217727,2025-05-20 19:18:29.649,1,2025-05-20 19:18:29.649,1,,-05:00:00,-05:00:00,2025-05-20 19:18:29.649,2025-05-20 19:18:29.649
914,Eastern,198,SL,Sierra Leone,E,province,8.2101601,-11.5921809,2025-05-20 19:18:29.649,1,2025-05-20 19:18:29.649,1,,-05:00:00,-05:00:00,2025-05-20 19:18:29.649,2025-05-20 19:18:29.649
911,Northern,198,SL,Sierra Leone,N,province,9.1177571,-12.9330153,2025-05-20 19:18:29.649,1,2025-05-20 19:18:29.649,1,,-05:00:00,-05:00:00,2025-05-20 19:18:29.649,2025-05-20 19:18:29.649
912,Southern,198,SL,Sierra Leone,S,province,7.7054093,-13.4250766,2025-05-20 19:18:29.649,1,2025-05-20 19:18:29.649,1,,-05:00:00,-05:00:00,2025-05-20 19:18:29.649,2025-05-20 19:18:29.649
913,Western,198,SL,Sierra Leone,W,area,8.2967871,-13.2699761,2025-05-20 19:18:29.649,1,2025-05-20 19:18:29.649,1,,-05:00:00,-05:00:00,2025-05-20 19:18:29.649,2025-05-20 19:18:29.649
4651,Central Singapore,199,SG,Singapore,1,district,1.2884,103.8535,2025-05-20 19:18:29.649,1,2025-05-20 19:18:29.649,1,,-05:00:00,-05:00:00,2025-05-20 19:18:29.649,2025-05-20 19:18:29.649
4649,North East,199,SG,Singapore,2,district,1.3824,103.8972,2025-05-20 19:18:29.649,1,2025-05-20 19:18:29.649,1,,-05:00:00,-05:00:00,2025-05-20 19:18:29.649,2025-05-20 19:18:29.649
4653,North West,199,SG,Singapore,3,district,1.418,103.8275,2025-05-20 19:18:29.649,1,2025-05-20 19:18:29.649,1,,-05:00:00,-05:00:00,2025-05-20 19:18:29.649,2025-05-20 19:18:29.649
4650,South East,199,SG,Singapore,4,district,1.3571,103.7004,2025-05-20 19:18:29.649,1,2025-05-20 19:18:29.649,1,,-05:00:00,-05:00:00,2025-05-20 19:18:29.649,2025-05-20 19:18:29.649
4652,South West,199,SG,Singapore,5,district,1.3571,103.9451,2025-05-20 19:18:29.649,1,2025-05-20 19:18:29.649,1,,-05:00:00,-05:00:00,2025-05-20 19:18:29.649,2025-05-20 19:18:29.649
4352,Banská Bystrica,200,SK,Slovakia,BC,region,48.5312499,19.382874,2025-05-20 19:18:29.649,1,2025-05-20 19:18:29.649,1,,-05:00:00,-05:00:00,2025-05-20 19:18:29.649,2025-05-20 19:18:29.649
4356,Bratislava,200,SK,Slovakia,BL,region,48.3118304,17.1973299,2025-05-20 19:18:29.649,1,2025-05-20 19:18:29.649,1,,-05:00:00,-05:00:00,2025-05-20 19:18:29.649,2025-05-20 19:18:29.649
4353,Košice,200,SK,Slovakia,KI,region,48.6375737,21.0834225,2025-05-20 19:18:29.649,1,2025-05-20 19:18:29.649,1,,-05:00:00,-05:00:00,2025-05-20 19:18:29.649,2025-05-20 19:18:29.649
4357,Nitra,200,SK,Slovakia,NI,region,48.0143765,18.5416504,2025-05-20 19:18:29.649,1,2025-05-20 19:18:29.649,1,,-05:00:00,-05:00:00,2025-05-20 19:18:29.649,2025-05-20 19:18:29.649
4354,Prešov,200,SK,Slovakia,PV,region,49.1716773,21.3742001,2025-05-20 19:18:29.649,1,2025-05-20 19:18:29.649,1,,-05:00:00,-05:00:00,2025-05-20 19:18:29.649,2025-05-20 19:18:29.649
4358,Trenčín,200,SK,Slovakia,TC,region,48.8086758,18.2324026,2025-05-20 19:18:29.649,1,2025-05-20 19:18:29.649,1,,-05:00:00,-05:00:00,2025-05-20 19:18:29.649,2025-05-20 19:18:29.649
4355,Trnava,200,SK,Slovakia,TA,region,48.3943898,17.7216205,2025-05-20 19:18:29.649,1,2025-05-20 19:18:29.649,1,,-05:00:00,-05:00:00,2025-05-20 19:18:29.649,2025-05-20 19:18:29.649
4359,Žilina,200,SK,Slovakia,ZI,region,49.2031435,19.3645733,2025-05-20 19:18:29.649,1,2025-05-20 19:18:29.649,1,,-05:00:00,-05:00:00,2025-05-20 19:18:29.649,2025-05-20 19:18:29.649
4183,Ajdovščina,201,SI,Slovenia,1,municipality,45.8870776,13.9042818,2025-05-20 19:18:29.649,1,2025-05-20 19:18:29.649,1,,-05:00:00,-05:00:00,2025-05-20 19:18:29.649,2025-05-20 19:18:29.649
4326,Ankaran,201,SI,Slovenia,213,municipality,45.578451,13.7369174,2025-05-20 19:18:29.649,1,2025-05-20 19:18:29.649,1,,-05:00:00,-05:00:00,2025-05-20 19:18:29.649,2025-05-20 19:18:29.649
4318,Apače,201,SI,Slovenia,195,municipality,46.6974679,15.9102534,2025-05-20 19:18:29.649,1,2025-05-20 19:18:29.649,1,,-05:00:00,-05:00:00,2025-05-20 19:18:29.649,2025-05-20 19:18:29.649
4301,Beltinci,201,SI,Slovenia,2,municipality,46.6079153,16.2365127,2025-05-20 19:18:29.649,1,2025-05-20 19:18:29.649,1,,-05:00:00,-05:00:00,2025-05-20 19:18:29.649,2025-05-20 19:18:29.649
4166,Benedikt,201,SI,Slovenia,148,municipality,46.6155841,15.8957281,2025-05-20 19:18:29.649,1,2025-05-20 19:18:29.649,1,,-05:00:00,-05:00:00,2025-05-20 19:18:29.649,2025-05-20 19:18:29.649
4179,Bistrica ob Sotli,201,SI,Slovenia,149,municipality,46.0565579,15.6625947,2025-05-20 19:18:29.649,1,2025-05-20 19:18:29.649,1,,-05:00:00,-05:00:00,2025-05-20 19:18:29.649,2025-05-20 19:18:29.649
4202,Bled,201,SI,Slovenia,3,municipality,46.3683266,14.1145798,2025-05-20 19:18:29.649,1,2025-05-20 19:18:29.649,1,,-05:00:00,-05:00:00,2025-05-20 19:18:29.649,2025-05-20 19:18:29.649
4278,Bloke,201,SI,Slovenia,150,municipality,45.7728141,14.5063459,2025-05-20 19:18:29.649,1,2025-05-20 19:18:29.649,1,,-05:00:00,-05:00:00,2025-05-20 19:18:29.649,2025-05-20 19:18:29.649
4282,Bohinj,201,SI,Slovenia,4,municipality,46.3005652,13.9427195,2025-05-20 19:18:29.649,1,2025-05-20 19:18:29.649,1,,-05:00:00,-05:00:00,2025-05-20 19:18:29.649,2025-05-20 19:18:29.649
4200,Borovnica,201,SI,Slovenia,5,municipality,45.9044525,14.3824189,2025-05-20 19:18:29.649,1,2025-05-20 19:18:29.649,1,,-05:00:00,-05:00:00,2025-05-20 19:18:29.649,2025-05-20 19:18:29.649
4181,Bovec,201,SI,Slovenia,6,municipality,46.3380495,13.5524174,2025-05-20 19:18:29.649,1,2025-05-20 19:18:29.649,1,,-05:00:00,-05:00:00,2025-05-20 19:18:29.649,2025-05-20 19:18:29.649
4141,Braslovče,201,SI,Slovenia,151,municipality,46.2836192,15.041832,2025-05-20 19:18:29.649,1,2025-05-20 19:18:29.649,1,,-05:00:00,-05:00:00,2025-05-20 19:18:29.649,2025-05-20 19:18:29.649
4240,Brda,201,SI,Slovenia,7,municipality,45.9975652,13.5270474,2025-05-20 19:18:29.649,1,2025-05-20 19:18:29.649,1,,-05:00:00,-05:00:00,2025-05-20 19:18:29.649,2025-05-20 19:18:29.649
4215,Brežice,201,SI,Slovenia,9,municipality,45.9041096,15.5943639,2025-05-20 19:18:29.649,1,2025-05-20 19:18:29.649,1,,-05:00:00,-05:00:00,2025-05-20 19:18:29.649,2025-05-20 19:18:29.649
4165,Brezovica,201,SI,Slovenia,8,municipality,45.9559351,14.4349952,2025-05-20 19:18:29.649,1,2025-05-20 19:18:29.649,1,,-05:00:00,-05:00:00,2025-05-20 19:18:29.649,2025-05-20 19:18:29.649
4147,Cankova,201,SI,Slovenia,152,municipality,46.718237,16.0197222,2025-05-20 19:18:29.649,1,2025-05-20 19:18:29.649,1,,-05:00:00,-05:00:00,2025-05-20 19:18:29.649,2025-05-20 19:18:29.649
4191,Celje,201,SI,Slovenia,11,urban municipality,46.2397495,15.2677063,2025-05-20 19:18:29.649,1,2025-05-20 19:18:29.649,1,,-05:00:00,-05:00:00,2025-05-20 19:18:29.649,2025-05-20 19:18:29.649
4310,Cerklje na Gorenjskem,201,SI,Slovenia,12,municipality,46.2517054,14.4857979,2025-05-20 19:18:29.649,1,2025-05-20 19:18:29.649,1,,-05:00:00,-05:00:00,2025-05-20 19:18:29.649,2025-05-20 19:18:29.649
4162,Cerknica,201,SI,Slovenia,13,municipality,45.7966255,14.392177,2025-05-20 19:18:29.649,1,2025-05-20 19:18:29.649,1,,-05:00:00,-05:00:00,2025-05-20 19:18:29.649,2025-05-20 19:18:29.649
4178,Cerkno,201,SI,Slovenia,14,municipality,46.1288414,13.9894027,2025-05-20 19:18:29.649,1,2025-05-20 19:18:29.649,1,,-05:00:00,-05:00:00,2025-05-20 19:18:29.649,2025-05-20 19:18:29.649
4176,Cerkvenjak,201,SI,Slovenia,153,municipality,46.5670711,15.9429753,2025-05-20 19:18:29.649,1,2025-05-20 19:18:29.649,1,,-05:00:00,-05:00:00,2025-05-20 19:18:29.649,2025-05-20 19:18:29.649
4309,Cirkulane,201,SI,Slovenia,196,municipality,46.3298322,15.9980666,2025-05-20 19:18:29.649,1,2025-05-20 19:18:29.649,1,,-05:00:00,-05:00:00,2025-05-20 19:18:29.649,2025-05-20 19:18:29.649
4151,Črenšovci,201,SI,Slovenia,15,municipality,46.5720029,16.2877346,2025-05-20 19:18:29.649,1,2025-05-20 19:18:29.649,1,,-05:00:00,-05:00:00,2025-05-20 19:18:29.649,2025-05-20 19:18:29.649
4232,Črna na Koroškem,201,SI,Slovenia,16,municipality,46.4704529,14.8499998,2025-05-20 19:18:29.649,1,2025-05-20 19:18:29.649,1,,-05:00:00,-05:00:00,2025-05-20 19:18:29.649,2025-05-20 19:18:29.649
4291,Črnomelj,201,SI,Slovenia,17,municipality,45.5361225,15.1944143,2025-05-20 19:18:29.649,1,2025-05-20 19:18:29.649,1,,-05:00:00,-05:00:00,2025-05-20 19:18:29.649,2025-05-20 19:18:29.649
4304,Destrnik,201,SI,Slovenia,18,municipality,46.4922368,15.8777956,2025-05-20 19:18:29.649,1,2025-05-20 19:18:29.649,1,,-05:00:00,-05:00:00,2025-05-20 19:18:29.649,2025-05-20 19:18:29.649
4167,Divača,201,SI,Slovenia,19,municipality,45.6806069,13.9720312,2025-05-20 19:18:29.649,1,2025-05-20 19:18:29.649,1,,-05:00:00,-05:00:00,2025-05-20 19:18:29.649,2025-05-20 19:18:29.649
4295,Dobje,201,SI,Slovenia,154,municipality,46.1370037,15.394129,2025-05-20 19:18:29.649,1,2025-05-20 19:18:29.649,1,,-05:00:00,-05:00:00,2025-05-20 19:18:29.649,2025-05-20 19:18:29.649
4216,Dobrepolje,201,SI,Slovenia,20,municipality,45.8524951,14.7083109,2025-05-20 19:18:29.649,1,2025-05-20 19:18:29.649,1,,-05:00:00,-05:00:00,2025-05-20 19:18:29.649,2025-05-20 19:18:29.649
4252,Dobrna,201,SI,Slovenia,155,municipality,46.3356141,15.2259732,2025-05-20 19:18:29.649,1,2025-05-20 19:18:29.649,1,,-05:00:00,-05:00:00,2025-05-20 19:18:29.649,2025-05-20 19:18:29.649
4308,Dobrova–Polhov Gradec,201,SI,Slovenia,21,municipality,46.0648896,14.3168195,2025-05-20 19:18:29.649,1,2025-05-20 19:18:29.649,1,,-05:00:00,-05:00:00,2025-05-20 19:18:29.649,2025-05-20 19:18:29.649
4189,Dobrovnik,201,SI,Slovenia,156,municipality,46.6538662,16.3506594,2025-05-20 19:18:29.649,1,2025-05-20 19:18:29.649,1,,-05:00:00,-05:00:00,2025-05-20 19:18:29.649,2025-05-20 19:18:29.649
4173,Dol pri Ljubljani,201,SI,Slovenia,22,municipality,46.0884386,14.6424792,2025-05-20 19:18:29.649,1,2025-05-20 19:18:29.649,1,,-05:00:00,-05:00:00,2025-05-20 19:18:29.649,2025-05-20 19:18:29.649
4281,Dolenjske Toplice,201,SI,Slovenia,157,municipality,45.7345711,15.0129493,2025-05-20 19:18:29.649,1,2025-05-20 19:18:29.649,1,,-05:00:00,-05:00:00,2025-05-20 19:18:29.649,2025-05-20 19:18:29.649
4159,Domžale,201,SI,Slovenia,23,municipality,46.1438269,14.6375279,2025-05-20 19:18:29.649,1,2025-05-20 19:18:29.649,1,,-05:00:00,-05:00:00,2025-05-20 19:18:29.649,2025-05-20 19:18:29.649
4290,Dornava,201,SI,Slovenia,24,municipality,46.4443513,15.9889159,2025-05-20 19:18:29.649,1,2025-05-20 19:18:29.649,1,,-05:00:00,-05:00:00,2025-05-20 19:18:29.649,2025-05-20 19:18:29.649
4345,Dravograd,201,SI,Slovenia,25,municipality,46.589219,15.0246021,2025-05-20 19:18:29.649,1,2025-05-20 19:18:29.649,1,,-05:00:00,-05:00:00,2025-05-20 19:18:29.649,2025-05-20 19:18:29.649
4213,Duplek,201,SI,Slovenia,26,municipality,46.5010016,15.7546307,2025-05-20 19:18:29.649,1,2025-05-20 19:18:29.649,1,,-05:00:00,-05:00:00,2025-05-20 19:18:29.649,2025-05-20 19:18:29.649
4293,Gorenja Vas–Poljane,201,SI,Slovenia,27,municipality,46.1116582,14.1149348,2025-05-20 19:18:29.649,1,2025-05-20 19:18:29.649,1,,-05:00:00,-05:00:00,2025-05-20 19:18:29.649,2025-05-20 19:18:29.649
4210,Gorišnica,201,SI,Slovenia,28,municipality,46.4120271,16.0133089,2025-05-20 19:18:29.649,1,2025-05-20 19:18:29.649,1,,-05:00:00,-05:00:00,2025-05-20 19:18:29.649,2025-05-20 19:18:29.649
4284,Gorje,201,SI,Slovenia,207,municipality,46.3802458,14.0685339,2025-05-20 19:18:29.649,1,2025-05-20 19:18:29.649,1,,-05:00:00,-05:00:00,2025-05-20 19:18:29.649,2025-05-20 19:18:29.649
4343,Gornja Radgona,201,SI,Slovenia,29,municipality,46.6767099,15.9910847,2025-05-20 19:18:29.649,1,2025-05-20 19:18:29.649,1,,-05:00:00,-05:00:00,2025-05-20 19:18:29.649,2025-05-20 19:18:29.649
4339,Gornji Grad,201,SI,Slovenia,30,municipality,46.2961712,14.8062347,2025-05-20 19:18:29.649,1,2025-05-20 19:18:29.649,1,,-05:00:00,-05:00:00,2025-05-20 19:18:29.649,2025-05-20 19:18:29.649
4271,Gornji Petrovci,201,SI,Slovenia,31,municipality,46.8037128,16.2191379,2025-05-20 19:18:29.649,1,2025-05-20 19:18:29.649,1,,-05:00:00,-05:00:00,2025-05-20 19:18:29.649,2025-05-20 19:18:29.649
4217,Grad,201,SI,Slovenia,158,municipality,46.808732,16.109206,2025-05-20 19:18:29.649,1,2025-05-20 19:18:29.649,1,,-05:00:00,-05:00:00,2025-05-20 19:18:29.649,2025-05-20 19:18:29.649
4336,Grosuplje,201,SI,Slovenia,32,municipality,45.9557645,14.658899,2025-05-20 19:18:29.649,1,2025-05-20 19:18:29.649,1,,-05:00:00,-05:00:00,2025-05-20 19:18:29.649,2025-05-20 19:18:29.649
4145,Hajdina,201,SI,Slovenia,159,municipality,46.4185014,15.8244722,2025-05-20 19:18:29.649,1,2025-05-20 19:18:29.649,1,,-05:00:00,-05:00:00,2025-05-20 19:18:29.649,2025-05-20 19:18:29.649
4175,Hoče–Slivnica,201,SI,Slovenia,160,municipality,46.477858,15.6476005,2025-05-20 19:18:29.649,1,2025-05-20 19:18:29.649,1,,-05:00:00,-05:00:00,2025-05-20 19:18:29.649,2025-05-20 19:18:29.649
4327,Hodoš,201,SI,Slovenia,161,municipality,46.8314134,16.321068,2025-05-20 19:18:29.649,1,2025-05-20 19:18:29.649,1,,-05:00:00,-05:00:00,2025-05-20 19:18:29.649,2025-05-20 19:18:29.649
4193,Horjul,201,SI,Slovenia,162,municipality,46.0225378,14.2986269,2025-05-20 19:18:29.649,1,2025-05-20 19:18:29.649,1,,-05:00:00,-05:00:00,2025-05-20 19:18:29.649,2025-05-20 19:18:29.649
4341,Hrastnik,201,SI,Slovenia,34,municipality,46.1417288,15.0844894,2025-05-20 19:18:29.649,1,2025-05-20 19:18:29.649,1,,-05:00:00,-05:00:00,2025-05-20 19:18:29.649,2025-05-20 19:18:29.649
4321,Hrpelje–Kozina,201,SI,Slovenia,35,municipality,45.6091192,13.9379148,2025-05-20 19:18:29.649,1,2025-05-20 19:18:29.649,1,,-05:00:00,-05:00:00,2025-05-20 19:18:29.649,2025-05-20 19:18:29.649
4152,Idrija,201,SI,Slovenia,36,municipality,46.0040939,13.9775493,2025-05-20 19:18:29.649,1,2025-05-20 19:18:29.649,1,,-05:00:00,-05:00:00,2025-05-20 19:18:29.649,2025-05-20 19:18:29.649
4286,Ig,201,SI,Slovenia,37,municipality,45.9588868,14.5270528,2025-05-20 19:18:29.649,1,2025-05-20 19:18:29.649,1,,-05:00:00,-05:00:00,2025-05-20 19:18:29.649,2025-05-20 19:18:29.649
4344,Ilirska Bistrica,201,SI,Slovenia,38,municipality,45.5791323,14.2809729,2025-05-20 19:18:29.649,1,2025-05-20 19:18:29.649,1,,-05:00:00,-05:00:00,2025-05-20 19:18:29.649,2025-05-20 19:18:29.649
4305,Ivančna Gorica,201,SI,Slovenia,39,municipality,45.9395841,14.8047626,2025-05-20 19:18:29.649,1,2025-05-20 19:18:29.649,1,,-05:00:00,-05:00:00,2025-05-20 19:18:29.649,2025-05-20 19:18:29.649
4322,Izola,201,SI,Slovenia,40,municipality,45.5313557,13.6664649,2025-05-20 19:18:29.649,1,2025-05-20 19:18:29.649,1,,-05:00:00,-05:00:00,2025-05-20 19:18:29.649,2025-05-20 19:18:29.649
4337,Jesenice,201,SI,Slovenia,41,municipality,46.4367047,14.0526057,2025-05-20 19:18:29.649,1,2025-05-20 19:18:29.649,1,,-05:00:00,-05:00:00,2025-05-20 19:18:29.649,2025-05-20 19:18:29.649
4203,Jezersko,201,SI,Slovenia,163,municipality,46.3942794,14.4985559,2025-05-20 19:18:29.649,1,2025-05-20 19:18:29.649,1,,-05:00:00,-05:00:00,2025-05-20 19:18:29.649,2025-05-20 19:18:29.649
4266,Juršinci,201,SI,Slovenia,42,municipality,46.4898651,15.980923,2025-05-20 19:18:29.649,1,2025-05-20 19:18:29.649,1,,-05:00:00,-05:00:00,2025-05-20 19:18:29.649,2025-05-20 19:18:29.649
4180,Kamnik,201,SI,Slovenia,43,municipality,46.2221666,14.6070727,2025-05-20 19:18:29.649,1,2025-05-20 19:18:29.649,1,,-05:00:00,-05:00:00,2025-05-20 19:18:29.649,2025-05-20 19:18:29.649
4227,Kanal ob Soči,201,SI,Slovenia,44,municipality,46.067353,13.620335,2025-05-20 19:18:29.649,1,2025-05-20 19:18:29.649,1,,-05:00:00,-05:00:00,2025-05-20 19:18:29.649,2025-05-20 19:18:29.649
4150,Kidričevo,201,SI,Slovenia,45,municipality,46.3957572,15.7925906,2025-05-20 19:18:29.649,1,2025-05-20 19:18:29.649,1,,-05:00:00,-05:00:00,2025-05-20 19:18:29.649,2025-05-20 19:18:29.649
4243,Kobarid,201,SI,Slovenia,46,municipality,46.2456971,13.5786949,2025-05-20 19:18:29.649,1,2025-05-20 19:18:29.649,1,,-05:00:00,-05:00:00,2025-05-20 19:18:29.649,2025-05-20 19:18:29.649
4325,Kobilje,201,SI,Slovenia,47,municipality,46.68518,16.3936719,2025-05-20 19:18:29.649,1,2025-05-20 19:18:29.649,1,,-05:00:00,-05:00:00,2025-05-20 19:18:29.649,2025-05-20 19:18:29.649
4335,Kočevje,201,SI,Slovenia,48,municipality,45.6428,14.8615838,2025-05-20 19:18:29.649,1,2025-05-20 19:18:29.649,1,,-05:00:00,-05:00:00,2025-05-20 19:18:29.649,2025-05-20 19:18:29.649
4315,Komen,201,SI,Slovenia,49,municipality,45.8175235,13.7482711,2025-05-20 19:18:29.649,1,2025-05-20 19:18:29.649,1,,-05:00:00,-05:00:00,2025-05-20 19:18:29.649,2025-05-20 19:18:29.649
4283,Komenda,201,SI,Slovenia,164,municipality,46.206488,14.5382499,2025-05-20 19:18:29.649,1,2025-05-20 19:18:29.649,1,,-05:00:00,-05:00:00,2025-05-20 19:18:29.649,2025-05-20 19:18:29.649
4319,Koper,201,SI,Slovenia,50,urban municipality,45.548059,13.7301877,2025-05-20 19:18:29.649,1,2025-05-20 19:18:29.649,1,,-05:00:00,-05:00:00,2025-05-20 19:18:29.649,2025-05-20 19:18:29.649
4254,Kostanjevica na Krki,201,SI,Slovenia,197,municipality,45.8316638,15.4411906,2025-05-20 19:18:29.649,1,2025-05-20 19:18:29.649,1,,-05:00:00,-05:00:00,2025-05-20 19:18:29.649,2025-05-20 19:18:29.649
4331,Kostel,201,SI,Slovenia,165,municipality,45.4928255,14.8708235,2025-05-20 19:18:29.649,1,2025-05-20 19:18:29.649,1,,-05:00:00,-05:00:00,2025-05-20 19:18:29.649,2025-05-20 19:18:29.649
4186,Kozje,201,SI,Slovenia,51,municipality,46.0733211,15.5596719,2025-05-20 19:18:29.649,1,2025-05-20 19:18:29.649,1,,-05:00:00,-05:00:00,2025-05-20 19:18:29.649,2025-05-20 19:18:29.649
4287,Kranj,201,SI,Slovenia,52,urban municipality,46.2585021,14.3543569,2025-05-20 19:18:29.649,1,2025-05-20 19:18:29.649,1,,-05:00:00,-05:00:00,2025-05-20 19:18:29.649,2025-05-20 19:18:29.649
4340,Kranjska Gora,201,SI,Slovenia,53,municipality,46.4845293,13.7857145,2025-05-20 19:18:29.649,1,2025-05-20 19:18:29.649,1,,-05:00:00,-05:00:00,2025-05-20 19:18:29.649,2025-05-20 19:18:29.649
4238,Križevci,201,SI,Slovenia,166,municipality,46.5701821,16.1092653,2025-05-20 19:18:29.649,1,2025-05-20 19:18:29.649,1,,-05:00:00,-05:00:00,2025-05-20 19:18:29.649,2025-05-20 19:18:29.649
4314,Krško,201,SI,Slovenia,54,urban municipality,45.9589609,15.4923555,2025-05-20 19:18:29.649,1,2025-05-20 19:18:29.649,1,,-05:00:00,-05:00:00,2025-05-20 19:18:29.649,2025-05-20 19:18:29.649
4197,Kungota,201,SI,Slovenia,55,municipality,46.6418793,15.6036288,2025-05-20 19:18:29.649,1,2025-05-20 19:18:29.649,1,,-05:00:00,-05:00:00,2025-05-20 19:18:29.649,2025-05-20 19:18:29.649
4211,Kuzma,201,SI,Slovenia,56,municipality,46.8351038,16.08071,2025-05-20 19:18:29.649,1,2025-05-20 19:18:29.649,1,,-05:00:00,-05:00:00,2025-05-20 19:18:29.649,2025-05-20 19:18:29.649
4338,Laško,201,SI,Slovenia,57,municipality,46.1542236,15.2361491,2025-05-20 19:18:29.649,1,2025-05-20 19:18:29.649,1,,-05:00:00,-05:00:00,2025-05-20 19:18:29.649,2025-05-20 19:18:29.649
4142,Lenart,201,SI,Slovenia,58,municipality,46.5834424,15.8262125,2025-05-20 19:18:29.649,1,2025-05-20 19:18:29.649,1,,-05:00:00,-05:00:00,2025-05-20 19:18:29.649,2025-05-20 19:18:29.649
4225,Lendava,201,SI,Slovenia,59,municipality,46.5513483,16.4419839,2025-05-20 19:18:29.649,1,2025-05-20 19:18:29.649,1,,-05:00:00,-05:00:00,2025-05-20 19:18:29.649,2025-05-20 19:18:29.649
4347,Litija,201,SI,Slovenia,60,municipality,46.0573226,14.8309636,2025-05-20 19:18:29.649,1,2025-05-20 19:18:29.649,1,,-05:00:00,-05:00:00,2025-05-20 19:18:29.649,2025-05-20 19:18:29.649
4270,Ljubljana,201,SI,Slovenia,61,urban municipality,46.0569465,14.5057515,2025-05-20 19:18:29.649,1,2025-05-20 19:18:29.649,1,,-05:00:00,-05:00:00,2025-05-20 19:18:29.649,2025-05-20 19:18:29.649
4294,Ljubno,201,SI,Slovenia,62,municipality,46.3443125,14.8335492,2025-05-20 19:18:29.649,1,2025-05-20 19:18:29.649,1,,-05:00:00,-05:00:00,2025-05-20 19:18:29.649,2025-05-20 19:18:29.649
4351,Ljutomer,201,SI,Slovenia,63,municipality,46.5190848,16.1893216,2025-05-20 19:18:29.649,1,2025-05-20 19:18:29.649,1,,-05:00:00,-05:00:00,2025-05-20 19:18:29.649,2025-05-20 19:18:29.649
4306,Log–Dragomer,201,SI,Slovenia,208,municipality,46.0178747,14.3687767,2025-05-20 19:18:29.649,1,2025-05-20 19:18:29.649,1,,-05:00:00,-05:00:00,2025-05-20 19:18:29.649,2025-05-20 19:18:29.649
4350,Logatec,201,SI,Slovenia,64,municipality,45.917611,14.2351451,2025-05-20 19:18:29.649,1,2025-05-20 19:18:29.649,1,,-05:00:00,-05:00:00,2025-05-20 19:18:29.649,2025-05-20 19:18:29.649
4174,Loška Dolina,201,SI,Slovenia,65,municipality,45.6477908,14.4973147,2025-05-20 19:18:29.649,1,2025-05-20 19:18:29.649,1,,-05:00:00,-05:00:00,2025-05-20 19:18:29.649,2025-05-20 19:18:29.649
4158,Loški Potok,201,SI,Slovenia,66,municipality,45.6909637,14.598597,2025-05-20 19:18:29.649,1,2025-05-20 19:18:29.649,1,,-05:00:00,-05:00:00,2025-05-20 19:18:29.649,2025-05-20 19:18:29.649
4156,Lovrenc na Pohorju,201,SI,Slovenia,167,municipality,46.5419638,15.4000443,2025-05-20 19:18:29.649,1,2025-05-20 19:18:29.649,1,,-05:00:00,-05:00:00,2025-05-20 19:18:29.649,2025-05-20 19:18:29.649
4219,Luče,201,SI,Slovenia,67,municipality,46.3544925,14.7471504,2025-05-20 19:18:29.649,1,2025-05-20 19:18:29.649,1,,-05:00:00,-05:00:00,2025-05-20 19:18:29.649,2025-05-20 19:18:29.649
4302,Lukovica,201,SI,Slovenia,68,municipality,46.1696293,14.6907259,2025-05-20 19:18:29.649,1,2025-05-20 19:18:29.649,1,,-05:00:00,-05:00:00,2025-05-20 19:18:29.649,2025-05-20 19:18:29.649
4157,Majšperk,201,SI,Slovenia,69,municipality,46.3503019,15.7340595,2025-05-20 19:18:29.649,1,2025-05-20 19:18:29.649,1,,-05:00:00,-05:00:00,2025-05-20 19:18:29.649,2025-05-20 19:18:29.649
4224,Makole,201,SI,Slovenia,198,municipality,46.3168697,15.6664126,2025-05-20 19:18:29.649,1,2025-05-20 19:18:29.649,1,,-05:00:00,-05:00:00,2025-05-20 19:18:29.649,2025-05-20 19:18:29.649
4242,Maribor,201,SI,Slovenia,70,urban municipality,46.5506496,15.6205439,2025-05-20 19:18:29.649,1,2025-05-20 19:18:29.649,1,,-05:00:00,-05:00:00,2025-05-20 19:18:29.649,2025-05-20 19:18:29.649
4244,Markovci,201,SI,Slovenia,168,municipality,46.3879309,15.9586014,2025-05-20 19:18:29.649,1,2025-05-20 19:18:29.649,1,,-05:00:00,-05:00:00,2025-05-20 19:18:29.649,2025-05-20 19:18:29.649
4349,Medvode,201,SI,Slovenia,71,municipality,46.141908,14.4032596,2025-05-20 19:18:29.649,1,2025-05-20 19:18:29.649,1,,-05:00:00,-05:00:00,2025-05-20 19:18:29.649,2025-05-20 19:18:29.649
4348,Mengeš,201,SI,Slovenia,72,municipality,46.1659122,14.5719694,2025-05-20 19:18:29.649,1,2025-05-20 19:18:29.649,1,,-05:00:00,-05:00:00,2025-05-20 19:18:29.649,2025-05-20 19:18:29.649
4323,Metlika,201,SI,Slovenia,73,municipality,45.6480715,15.3177838,2025-05-20 19:18:29.649,1,2025-05-20 19:18:29.649,1,,-05:00:00,-05:00:00,2025-05-20 19:18:29.649,2025-05-20 19:18:29.649
4265,Mežica,201,SI,Slovenia,74,municipality,46.5215027,14.852134,2025-05-20 19:18:29.649,1,2025-05-20 19:18:29.649,1,,-05:00:00,-05:00:00,2025-05-20 19:18:29.649,2025-05-20 19:18:29.649
4223,Miklavž na Dravskem Polju,201,SI,Slovenia,169,municipality,46.5082628,15.6952065,2025-05-20 19:18:29.649,1,2025-05-20 19:18:29.649,1,,-05:00:00,-05:00:00,2025-05-20 19:18:29.649,2025-05-20 19:18:29.649
4220,Miren–Kostanjevica,201,SI,Slovenia,75,municipality,45.8436029,13.6276647,2025-05-20 19:18:29.649,1,2025-05-20 19:18:29.649,1,,-05:00:00,-05:00:00,2025-05-20 19:18:29.649,2025-05-20 19:18:29.649
4298,Mirna,201,SI,Slovenia,212,municipality,45.9515647,15.0620977,2025-05-20 19:18:29.649,1,2025-05-20 19:18:29.649,1,,-05:00:00,-05:00:00,2025-05-20 19:18:29.649,2025-05-20 19:18:29.649
4237,Mirna Peč,201,SI,Slovenia,170,municipality,45.8481574,15.087945,2025-05-20 19:18:29.649,1,2025-05-20 19:18:29.649,1,,-05:00:00,-05:00:00,2025-05-20 19:18:29.649,2025-05-20 19:18:29.649
4212,Mislinja,201,SI,Slovenia,76,municipality,46.4429403,15.1987678,2025-05-20 19:18:29.649,1,2025-05-20 19:18:29.649,1,,-05:00:00,-05:00:00,2025-05-20 19:18:29.649,2025-05-20 19:18:29.649
4297,Mokronog–Trebelno,201,SI,Slovenia,199,municipality,45.9088529,15.1596736,2025-05-20 19:18:29.649,1,2025-05-20 19:18:29.649,1,,-05:00:00,-05:00:00,2025-05-20 19:18:29.649,2025-05-20 19:18:29.649
4168,Moravče,201,SI,Slovenia,77,municipality,46.1362781,14.746001,2025-05-20 19:18:29.649,1,2025-05-20 19:18:29.649,1,,-05:00:00,-05:00:00,2025-05-20 19:18:29.649,2025-05-20 19:18:29.649
4218,Moravske Toplice,201,SI,Slovenia,78,municipality,46.6856932,16.2224582,2025-05-20 19:18:29.649,1,2025-05-20 19:18:29.649,1,,-05:00:00,-05:00:00,2025-05-20 19:18:29.649,2025-05-20 19:18:29.649
4190,Mozirje,201,SI,Slovenia,79,municipality,46.339435,14.9602413,2025-05-20 19:18:29.649,1,2025-05-20 19:18:29.649,1,,-05:00:00,-05:00:00,2025-05-20 19:18:29.649,2025-05-20 19:18:29.649
4313,Murska Sobota,201,SI,Slovenia,80,urban municipality,46.6432147,16.1515754,2025-05-20 19:18:29.649,1,2025-05-20 19:18:29.649,1,,-05:00:00,-05:00:00,2025-05-20 19:18:29.649,2025-05-20 19:18:29.649
4208,Muta,201,SI,Slovenia,81,municipality,46.6097366,15.1629995,2025-05-20 19:18:29.649,1,2025-05-20 19:18:29.649,1,,-05:00:00,-05:00:00,2025-05-20 19:18:29.649,2025-05-20 19:18:29.649
4177,Naklo,201,SI,Slovenia,82,municipality,46.2718663,14.3156932,2025-05-20 19:18:29.649,1,2025-05-20 19:18:29.649,1,,-05:00:00,-05:00:00,2025-05-20 19:18:29.649,2025-05-20 19:18:29.649
4329,Nazarje,201,SI,Slovenia,83,municipality,46.2821741,14.9225629,2025-05-20 19:18:29.649,1,2025-05-20 19:18:29.649,1,,-05:00:00,-05:00:00,2025-05-20 19:18:29.649,2025-05-20 19:18:29.649
4205,Nova Gorica,201,SI,Slovenia,84,urban municipality,45.976276,13.7308881,2025-05-20 19:18:29.649,1,2025-05-20 19:18:29.649,1,,-05:00:00,-05:00:00,2025-05-20 19:18:29.649,2025-05-20 19:18:29.649
4236,Novo Mesto,201,SI,Slovenia,85,urban municipality,45.8010824,15.1710089,2025-05-20 19:18:29.649,1,2025-05-20 19:18:29.649,1,,-05:00:00,-05:00:00,2025-05-20 19:18:29.649,2025-05-20 19:18:29.649
4320,Odranci,201,SI,Slovenia,86,municipality,46.5901017,16.2788165,2025-05-20 19:18:29.649,1,2025-05-20 19:18:29.649,1,,-05:00:00,-05:00:00,2025-05-20 19:18:29.649,2025-05-20 19:18:29.649
4143,Oplotnica,201,SI,Slovenia,171,municipality,46.387163,15.4458131,2025-05-20 19:18:29.649,1,2025-05-20 19:18:29.649,1,,-05:00:00,-05:00:00,2025-05-20 19:18:29.649,2025-05-20 19:18:29.649
4221,Ormož,201,SI,Slovenia,87,municipality,46.4353333,16.154374,2025-05-20 19:18:29.649,1,2025-05-20 19:18:29.649,1,,-05:00:00,-05:00:00,2025-05-20 19:18:29.649,2025-05-20 19:18:29.649
4199,Osilnica,201,SI,Slovenia,88,municipality,45.5418467,14.7156303,2025-05-20 19:18:29.649,1,2025-05-20 19:18:29.649,1,,-05:00:00,-05:00:00,2025-05-20 19:18:29.649,2025-05-20 19:18:29.649
4172,Pesnica,201,SI,Slovenia,89,municipality,46.6088755,15.6757051,2025-05-20 19:18:29.649,1,2025-05-20 19:18:29.649,1,,-05:00:00,-05:00:00,2025-05-20 19:18:29.649,2025-05-20 19:18:29.649
4201,Piran,201,SI,Slovenia,90,municipality,45.5288856,13.5680735,2025-05-20 19:18:29.649,1,2025-05-20 19:18:29.649,1,,-05:00:00,-05:00:00,2025-05-20 19:18:29.649,2025-05-20 19:18:29.649
4184,Pivka,201,SI,Slovenia,91,municipality,45.6789296,14.2542689,2025-05-20 19:18:29.649,1,2025-05-20 19:18:29.649,1,,-05:00:00,-05:00:00,2025-05-20 19:18:29.649,2025-05-20 19:18:29.649
4146,Podčetrtek,201,SI,Slovenia,92,municipality,46.1739542,15.6013816,2025-05-20 19:18:29.649,1,2025-05-20 19:18:29.649,1,,-05:00:00,-05:00:00,2025-05-20 19:18:29.649,2025-05-20 19:18:29.649
4161,Podlehnik,201,SI,Slovenia,172,municipality,46.3310782,15.8785836,2025-05-20 19:18:29.649,1,2025-05-20 19:18:29.649,1,,-05:00:00,-05:00:00,2025-05-20 19:18:29.649,2025-05-20 19:18:29.649
4234,Podvelka,201,SI,Slovenia,93,municipality,46.6221952,15.3889922,2025-05-20 19:18:29.649,1,2025-05-20 19:18:29.649,1,,-05:00:00,-05:00:00,2025-05-20 19:18:29.649,2025-05-20 19:18:29.649
4239,Poljčane,201,SI,Slovenia,200,municipality,46.3139853,15.5784791,2025-05-20 19:18:29.649,1,2025-05-20 19:18:29.649,1,,-05:00:00,-05:00:00,2025-05-20 19:18:29.649,2025-05-20 19:18:29.649
4272,Polzela,201,SI,Slovenia,173,municipality,46.280897,15.0737321,2025-05-20 19:18:29.649,1,2025-05-20 19:18:29.649,1,,-05:00:00,-05:00:00,2025-05-20 19:18:29.649,2025-05-20 19:18:29.649
4330,Postojna,201,SI,Slovenia,94,municipality,45.774939,14.2134263,2025-05-20 19:18:29.649,1,2025-05-20 19:18:29.649,1,,-05:00:00,-05:00:00,2025-05-20 19:18:29.649,2025-05-20 19:18:29.649
4188,Prebold,201,SI,Slovenia,174,municipality,46.2359136,15.0936912,2025-05-20 19:18:29.649,1,2025-05-20 19:18:29.649,1,,-05:00:00,-05:00:00,2025-05-20 19:18:29.649,2025-05-20 19:18:29.649
4303,Preddvor,201,SI,Slovenia,95,municipality,46.3017139,14.4218165,2025-05-20 19:18:29.649,1,2025-05-20 19:18:29.649,1,,-05:00:00,-05:00:00,2025-05-20 19:18:29.649,2025-05-20 19:18:29.649
4274,Prevalje,201,SI,Slovenia,175,municipality,46.5621146,14.8847861,2025-05-20 19:18:29.649,1,2025-05-20 19:18:29.649,1,,-05:00:00,-05:00:00,2025-05-20 19:18:29.649,2025-05-20 19:18:29.649
4228,Ptuj,201,SI,Slovenia,96,urban municipality,46.4199535,15.8696884,2025-05-20 19:18:29.649,1,2025-05-20 19:18:29.649,1,,-05:00:00,-05:00:00,2025-05-20 19:18:29.649,2025-05-20 19:18:29.649
4288,Puconci,201,SI,Slovenia,97,municipality,46.7200418,16.0997792,2025-05-20 19:18:29.649,1,2025-05-20 19:18:29.649,1,,-05:00:00,-05:00:00,2025-05-20 19:18:29.649,2025-05-20 19:18:29.649
4204,Rače–Fram,201,SI,Slovenia,98,municipality,46.4542083,15.6329467,2025-05-20 19:18:29.649,1,2025-05-20 19:18:29.649,1,,-05:00:00,-05:00:00,2025-05-20 19:18:29.649,2025-05-20 19:18:29.649
4195,Radeče,201,SI,Slovenia,99,municipality,46.0666954,15.1820438,2025-05-20 19:18:29.649,1,2025-05-20 19:18:29.649,1,,-05:00:00,-05:00:00,2025-05-20 19:18:29.649,2025-05-20 19:18:29.649
4292,Radenci,201,SI,Slovenia,100,municipality,46.6231121,16.0506903,2025-05-20 19:18:29.649,1,2025-05-20 19:18:29.649,1,,-05:00:00,-05:00:00,2025-05-20 19:18:29.649,2025-05-20 19:18:29.649
4275,Radlje ob Dravi,201,SI,Slovenia,101,municipality,46.6135732,15.2354438,2025-05-20 19:18:29.649,1,2025-05-20 19:18:29.649,1,,-05:00:00,-05:00:00,2025-05-20 19:18:29.649,2025-05-20 19:18:29.649
4231,Radovljica,201,SI,Slovenia,102,municipality,46.3355827,14.2094534,2025-05-20 19:18:29.649,1,2025-05-20 19:18:29.649,1,,-05:00:00,-05:00:00,2025-05-20 19:18:29.649,2025-05-20 19:18:29.649
4155,Ravne na Koroškem,201,SI,Slovenia,103,municipality,46.5521194,14.9599084,2025-05-20 19:18:29.649,1,2025-05-20 19:18:29.649,1,,-05:00:00,-05:00:00,2025-05-20 19:18:29.649,2025-05-20 19:18:29.649
4206,Razkrižje,201,SI,Slovenia,176,municipality,46.5226339,16.2668638,2025-05-20 19:18:29.649,1,2025-05-20 19:18:29.649,1,,-05:00:00,-05:00:00,2025-05-20 19:18:29.649,2025-05-20 19:18:29.649
4160,Rečica ob Savinji,201,SI,Slovenia,209,municipality,46.323379,14.922367,2025-05-20 19:18:29.649,1,2025-05-20 19:18:29.649,1,,-05:00:00,-05:00:00,2025-05-20 19:18:29.649,2025-05-20 19:18:29.649
4253,Renče–Vogrsko,201,SI,Slovenia,201,municipality,45.8954617,13.6785673,2025-05-20 19:18:29.649,1,2025-05-20 19:18:29.649,1,,-05:00:00,-05:00:00,2025-05-20 19:18:29.649,2025-05-20 19:18:29.649
4235,Ribnica,201,SI,Slovenia,104,municipality,45.7400303,14.7265782,2025-05-20 19:18:29.649,1,2025-05-20 19:18:29.649,1,,-05:00:00,-05:00:00,2025-05-20 19:18:29.649,2025-05-20 19:18:29.649
4207,Ribnica na Pohorju,201,SI,Slovenia,177,municipality,46.5356145,15.2674538,2025-05-20 19:18:29.649,1,2025-05-20 19:18:29.649,1,,-05:00:00,-05:00:00,2025-05-20 19:18:29.649,2025-05-20 19:18:29.649
4233,Rogaška Slatina,201,SI,Slovenia,106,municipality,46.2453973,15.6265014,2025-05-20 19:18:29.649,1,2025-05-20 19:18:29.649,1,,-05:00:00,-05:00:00,2025-05-20 19:18:29.649,2025-05-20 19:18:29.649
4264,Rogašovci,201,SI,Slovenia,105,municipality,46.8055785,16.0345237,2025-05-20 19:18:29.649,1,2025-05-20 19:18:29.649,1,,-05:00:00,-05:00:00,2025-05-20 19:18:29.649,2025-05-20 19:18:29.649
4209,Rogatec,201,SI,Slovenia,107,municipality,46.2286626,15.6991338,2025-05-20 19:18:29.649,1,2025-05-20 19:18:29.649,1,,-05:00:00,-05:00:00,2025-05-20 19:18:29.649,2025-05-20 19:18:29.649
4280,Ruše,201,SI,Slovenia,108,municipality,46.5206265,15.4817869,2025-05-20 19:18:29.649,1,2025-05-20 19:18:29.649,1,,-05:00:00,-05:00:00,2025-05-20 19:18:29.649,2025-05-20 19:18:29.649
4222,Šalovci,201,SI,Slovenia,33,municipality,46.8533568,16.2591791,2025-05-20 19:18:29.649,1,2025-05-20 19:18:29.649,1,,-05:00:00,-05:00:00,2025-05-20 19:18:29.649,2025-05-20 19:18:29.649
4230,Selnica ob Dravi,201,SI,Slovenia,178,municipality,46.5513918,15.492941,2025-05-20 19:18:29.649,1,2025-05-20 19:18:29.649,1,,-05:00:00,-05:00:00,2025-05-20 19:18:29.649,2025-05-20 19:18:29.649
4346,Semič,201,SI,Slovenia,109,municipality,45.6520534,15.1820701,2025-05-20 19:18:29.649,1,2025-05-20 19:18:29.649,1,,-05:00:00,-05:00:00,2025-05-20 19:18:29.649,2025-05-20 19:18:29.649
4317,Šempeter–Vrtojba,201,SI,Slovenia,183,municipality,45.9290095,13.6415594,2025-05-20 19:18:29.649,1,2025-05-20 19:18:29.649,1,,-05:00:00,-05:00:00,2025-05-20 19:18:29.649,2025-05-20 19:18:29.649
4299,Šenčur,201,SI,Slovenia,117,municipality,46.2433699,14.4192223,2025-05-20 19:18:29.649,1,2025-05-20 19:18:29.649,1,,-05:00:00,-05:00:00,2025-05-20 19:18:29.649,2025-05-20 19:18:29.649
4324,Šentilj,201,SI,Slovenia,118,municipality,46.6862839,15.7103567,2025-05-20 19:18:29.649,1,2025-05-20 19:18:29.649,1,,-05:00:00,-05:00:00,2025-05-20 19:18:29.649,2025-05-20 19:18:29.649
4241,Šentjernej,201,SI,Slovenia,119,municipality,45.843413,15.3378312,2025-05-20 19:18:29.649,1,2025-05-20 19:18:29.649,1,,-05:00:00,-05:00:00,2025-05-20 19:18:29.649,2025-05-20 19:18:29.649
4171,Šentjur,201,SI,Slovenia,120,municipality,46.2654339,15.408,2025-05-20 19:18:29.649,1,2025-05-20 19:18:29.649,1,,-05:00:00,-05:00:00,2025-05-20 19:18:29.649,2025-05-20 19:18:29.649
4311,Šentrupert,201,SI,Slovenia,211,municipality,45.9873142,15.0829783,2025-05-20 19:18:29.649,1,2025-05-20 19:18:29.649,1,,-05:00:00,-05:00:00,2025-05-20 19:18:29.649,2025-05-20 19:18:29.649
4268,Sevnica,201,SI,Slovenia,110,municipality,46.0070317,15.3045679,2025-05-20 19:18:29.649,1,2025-05-20 19:18:29.649,1,,-05:00:00,-05:00:00,2025-05-20 19:18:29.649,2025-05-20 19:18:29.649
4149,Sežana,201,SI,Slovenia,111,municipality,45.7275109,13.8661931,2025-05-20 19:18:29.649,1,2025-05-20 19:18:29.649,1,,-05:00:00,-05:00:00,2025-05-20 19:18:29.649,2025-05-20 19:18:29.649
4170,Škocjan,201,SI,Slovenia,121,municipality,45.9175454,15.3101736,2025-05-20 19:18:29.649,1,2025-05-20 19:18:29.649,1,,-05:00:00,-05:00:00,2025-05-20 19:18:29.649,2025-05-20 19:18:29.649
4316,Škofja Loka,201,SI,Slovenia,122,municipality,46.1409844,14.2811873,2025-05-20 19:18:29.649,1,2025-05-20 19:18:29.649,1,,-05:00:00,-05:00:00,2025-05-20 19:18:29.649,2025-05-20 19:18:29.649
4187,Škofljica,201,SI,Slovenia,123,municipality,45.9840962,14.5746626,2025-05-20 19:18:29.649,1,2025-05-20 19:18:29.649,1,,-05:00:00,-05:00:00,2025-05-20 19:18:29.649,2025-05-20 19:18:29.649
4169,Slovenj Gradec,201,SI,Slovenia,112,urban municipality,46.4877718,15.0729478,2025-05-20 19:18:29.649,1,2025-05-20 19:18:29.649,1,,-05:00:00,-05:00:00,2025-05-20 19:18:29.649,2025-05-20 19:18:29.649
4332,Slovenska Bistrica,201,SI,Slovenia,113,municipality,46.3919813,15.5727869,2025-05-20 19:18:29.649,1,2025-05-20 19:18:29.649,1,,-05:00:00,-05:00:00,2025-05-20 19:18:29.649,2025-05-20 19:18:29.649
4198,Slovenske Konjice,201,SI,Slovenia,114,municipality,46.3369191,15.4214708,2025-05-20 19:18:29.649,1,2025-05-20 19:18:29.649,1,,-05:00:00,-05:00:00,2025-05-20 19:18:29.649,2025-05-20 19:18:29.649
4285,Šmarje pri Jelšah,201,SI,Slovenia,124,municipality,46.2287025,15.5190353,2025-05-20 19:18:29.649,1,2025-05-20 19:18:29.649,1,,-05:00:00,-05:00:00,2025-05-20 19:18:29.649,2025-05-20 19:18:29.649
4289,Šmarješke Toplice,201,SI,Slovenia,206,municipality,45.8680377,15.2347422,2025-05-20 19:18:29.649,1,2025-05-20 19:18:29.649,1,,-05:00:00,-05:00:00,2025-05-20 19:18:29.649,2025-05-20 19:18:29.649
4296,Šmartno ob Paki,201,SI,Slovenia,125,municipality,46.3290372,15.0333937,2025-05-20 19:18:29.649,1,2025-05-20 19:18:29.649,1,,-05:00:00,-05:00:00,2025-05-20 19:18:29.649,2025-05-20 19:18:29.649
4279,Šmartno pri Litiji,201,SI,Slovenia,194,municipality,46.0454971,14.8410133,2025-05-20 19:18:29.649,1,2025-05-20 19:18:29.649,1,,-05:00:00,-05:00:00,2025-05-20 19:18:29.649,2025-05-20 19:18:29.649
4277,Sodražica,201,SI,Slovenia,179,municipality,45.7616565,14.6352853,2025-05-20 19:18:29.649,1,2025-05-20 19:18:29.649,1,,-05:00:00,-05:00:00,2025-05-20 19:18:29.649,2025-05-20 19:18:29.649
4261,Solčava,201,SI,Slovenia,180,municipality,46.4023526,14.6802304,2025-05-20 19:18:29.649,1,2025-05-20 19:18:29.649,1,,-05:00:00,-05:00:00,2025-05-20 19:18:29.649,2025-05-20 19:18:29.649
4248,Šoštanj,201,SI,Slovenia,126,municipality,46.3782836,15.0461378,2025-05-20 19:18:29.649,1,2025-05-20 19:18:29.649,1,,-05:00:00,-05:00:00,2025-05-20 19:18:29.649,2025-05-20 19:18:29.649
4263,Središče ob Dravi,201,SI,Slovenia,202,municipality,46.3959282,16.2704915,2025-05-20 19:18:29.649,1,2025-05-20 19:18:29.649,1,,-05:00:00,-05:00:00,2025-05-20 19:18:29.649,2025-05-20 19:18:29.649
4259,Starše,201,SI,Slovenia,115,municipality,46.4674331,15.7640546,2025-05-20 19:18:29.649,1,2025-05-20 19:18:29.649,1,,-05:00:00,-05:00:00,2025-05-20 19:18:29.649,2025-05-20 19:18:29.649
4185,Štore,201,SI,Slovenia,127,municipality,46.2222514,15.3126116,2025-05-20 19:18:29.649,1,2025-05-20 19:18:29.649,1,,-05:00:00,-05:00:00,2025-05-20 19:18:29.649,2025-05-20 19:18:29.649
4333,Straža,201,SI,Slovenia,203,municipality,45.7768428,15.0948694,2025-05-20 19:18:29.649,1,2025-05-20 19:18:29.649,1,,-05:00:00,-05:00:00,2025-05-20 19:18:29.649,2025-05-20 19:18:29.649
4164,Sveta Ana,201,SI,Slovenia,181,municipality,46.65,15.845278,2025-05-20 19:18:29.649,1,2025-05-20 19:18:29.649,1,,-05:00:00,-05:00:00,2025-05-20 19:18:29.649,2025-05-20 19:18:29.649
4260,Sveta Trojica v Slovenskih Goricah,201,SI,Slovenia,204,municipality,46.5680809,15.8823064,2025-05-20 19:18:29.649,1,2025-05-20 19:18:29.649,1,,-05:00:00,-05:00:00,2025-05-20 19:18:29.649,2025-05-20 19:18:29.649
4229,Sveti Andraž v Slovenskih Goricah,201,SI,Slovenia,182,municipality,46.5189747,15.9498262,2025-05-20 19:18:29.649,1,2025-05-20 19:18:29.649,1,,-05:00:00,-05:00:00,2025-05-20 19:18:29.649,2025-05-20 19:18:29.649
4255,Sveti Jurij ob Ščavnici,201,SI,Slovenia,116,municipality,46.5687452,16.0222528,2025-05-20 19:18:29.649,1,2025-05-20 19:18:29.649,1,,-05:00:00,-05:00:00,2025-05-20 19:18:29.649,2025-05-20 19:18:29.649
4328,Sveti Jurij v Slovenskih Goricah,201,SI,Slovenia,210,municipality,46.6170791,15.7804677,2025-05-20 19:18:29.649,1,2025-05-20 19:18:29.649,1,,-05:00:00,-05:00:00,2025-05-20 19:18:29.649,2025-05-20 19:18:29.649
4273,Sveti Tomaž,201,SI,Slovenia,205,municipality,46.4835283,16.079442,2025-05-20 19:18:29.649,1,2025-05-20 19:18:29.649,1,,-05:00:00,-05:00:00,2025-05-20 19:18:29.649,2025-05-20 19:18:29.649
4194,Tabor,201,SI,Slovenia,184,municipality,46.2107921,15.0174249,2025-05-20 19:18:29.649,1,2025-05-20 19:18:29.649,1,,-05:00:00,-05:00:00,2025-05-20 19:18:29.649,2025-05-20 19:18:29.649
4312,Tišina,201,SI,Slovenia,10,municipality,46.6541884,16.0754781,2025-05-20 19:18:29.649,1,2025-05-20 19:18:29.649,1,,-05:00:00,-05:00:00,2025-05-20 19:18:29.649,2025-05-20 19:18:29.649
4247,Tolmin,201,SI,Slovenia,128,municipality,46.1857188,13.7319838,2025-05-20 19:18:29.649,1,2025-05-20 19:18:29.649,1,,-05:00:00,-05:00:00,2025-05-20 19:18:29.649,2025-05-20 19:18:29.649
4246,Trbovlje,201,SI,Slovenia,129,municipality,46.1503563,15.0453137,2025-05-20 19:18:29.649,1,2025-05-20 19:18:29.649,1,,-05:00:00,-05:00:00,2025-05-20 19:18:29.649,2025-05-20 19:18:29.649
4214,Trebnje,201,SI,Slovenia,130,municipality,45.9080163,15.0131905,2025-05-20 19:18:29.649,1,2025-05-20 19:18:29.649,1,,-05:00:00,-05:00:00,2025-05-20 19:18:29.649,2025-05-20 19:18:29.649
4153,Trnovska Vas,201,SI,Slovenia,185,municipality,46.5294035,15.8853118,2025-05-20 19:18:29.649,1,2025-05-20 19:18:29.649,1,,-05:00:00,-05:00:00,2025-05-20 19:18:29.649,2025-05-20 19:18:29.649
4250,Tržič,201,SI,Slovenia,131,municipality,46.3593514,14.3006623,2025-05-20 19:18:29.649,1,2025-05-20 19:18:29.649,1,,-05:00:00,-05:00:00,2025-05-20 19:18:29.649,2025-05-20 19:18:29.649
4334,Trzin,201,SI,Slovenia,186,municipality,46.1298241,14.5577637,2025-05-20 19:18:29.649,1,2025-05-20 19:18:29.649,1,,-05:00:00,-05:00:00,2025-05-20 19:18:29.649,2025-05-20 19:18:29.649
4251,Turnišče,201,SI,Slovenia,132,municipality,46.6137504,16.32021,2025-05-20 19:18:29.649,1,2025-05-20 19:18:29.649,1,,-05:00:00,-05:00:00,2025-05-20 19:18:29.649,2025-05-20 19:18:29.649
4267,Velika Polana,201,SI,Slovenia,187,municipality,46.5731715,16.3444126,2025-05-20 19:18:29.649,1,2025-05-20 19:18:29.649,1,,-05:00:00,-05:00:00,2025-05-20 19:18:29.649,2025-05-20 19:18:29.649
4144,Velike Lašče,201,SI,Slovenia,134,municipality,45.8336591,14.6362363,2025-05-20 19:18:29.649,1,2025-05-20 19:18:29.649,1,,-05:00:00,-05:00:00,2025-05-20 19:18:29.649,2025-05-20 19:18:29.649
4257,Veržej,201,SI,Slovenia,188,municipality,46.5841135,16.16208,2025-05-20 19:18:29.649,1,2025-05-20 19:18:29.649,1,,-05:00:00,-05:00:00,2025-05-20 19:18:29.649,2025-05-20 19:18:29.649
4300,Videm,201,SI,Slovenia,135,municipality,46.363833,15.8781212,2025-05-20 19:18:29.649,1,2025-05-20 19:18:29.649,1,,-05:00:00,-05:00:00,2025-05-20 19:18:29.649,2025-05-20 19:18:29.649
4196,Vipava,201,SI,Slovenia,136,municipality,45.8412674,13.9609613,2025-05-20 19:18:29.649,1,2025-05-20 19:18:29.649,1,,-05:00:00,-05:00:00,2025-05-20 19:18:29.649,2025-05-20 19:18:29.649
4148,Vitanje,201,SI,Slovenia,137,municipality,46.3815323,15.2950687,2025-05-20 19:18:29.649,1,2025-05-20 19:18:29.649,1,,-05:00:00,-05:00:00,2025-05-20 19:18:29.649,2025-05-20 19:18:29.649
4154,Vodice,201,SI,Slovenia,138,municipality,46.1896643,14.4938539,2025-05-20 19:18:29.649,1,2025-05-20 19:18:29.649,1,,-05:00:00,-05:00:00,2025-05-20 19:18:29.649,2025-05-20 19:18:29.649
4245,Vojnik,201,SI,Slovenia,139,municipality,46.2920581,15.302058,2025-05-20 19:18:29.649,1,2025-05-20 19:18:29.649,1,,-05:00:00,-05:00:00,2025-05-20 19:18:29.649,2025-05-20 19:18:29.649
4163,Vransko,201,SI,Slovenia,189,municipality,46.239006,14.9527249,2025-05-20 19:18:29.649,1,2025-05-20 19:18:29.649,1,,-05:00:00,-05:00:00,2025-05-20 19:18:29.649,2025-05-20 19:18:29.649
4262,Vrhnika,201,SI,Slovenia,140,municipality,45.9502719,14.3276422,2025-05-20 19:18:29.649,1,2025-05-20 19:18:29.649,1,,-05:00:00,-05:00:00,2025-05-20 19:18:29.649,2025-05-20 19:18:29.649
4226,Vuzenica,201,SI,Slovenia,141,municipality,46.5980836,15.1657237,2025-05-20 19:18:29.649,1,2025-05-20 19:18:29.649,1,,-05:00:00,-05:00:00,2025-05-20 19:18:29.649,2025-05-20 19:18:29.649
4269,Zagorje ob Savi,201,SI,Slovenia,142,municipality,46.1345202,14.9964384,2025-05-20 19:18:29.649,1,2025-05-20 19:18:29.649,1,,-05:00:00,-05:00:00,2025-05-20 19:18:29.649,2025-05-20 19:18:29.649
4258,Žalec,201,SI,Slovenia,190,municipality,46.2519712,15.1650072,2025-05-20 19:18:29.649,1,2025-05-20 19:18:29.649,1,,-05:00:00,-05:00:00,2025-05-20 19:18:29.649,2025-05-20 19:18:29.649
4182,Zavrč,201,SI,Slovenia,143,municipality,46.35713,16.0477747,2025-05-20 19:18:29.649,1,2025-05-20 19:18:29.649,1,,-05:00:00,-05:00:00,2025-05-20 19:18:29.649,2025-05-20 19:18:29.649
4256,Železniki,201,SI,Slovenia,146,municipality,46.2256377,14.1693617,2025-05-20 19:18:29.649,1,2025-05-20 19:18:29.649,1,,-05:00:00,-05:00:00,2025-05-20 19:18:29.649,2025-05-20 19:18:29.649
4249,Žetale,201,SI,Slovenia,191,municipality,46.2742833,15.7913359,2025-05-20 19:18:29.649,1,2025-05-20 19:18:29.649,1,,-05:00:00,-05:00:00,2025-05-20 19:18:29.649,2025-05-20 19:18:29.649
4192,Žiri,201,SI,Slovenia,147,municipality,46.0472499,14.1098451,2025-05-20 19:18:29.649,1,2025-05-20 19:18:29.649,1,,-05:00:00,-05:00:00,2025-05-20 19:18:29.649,2025-05-20 19:18:29.649
4276,Žirovnica,201,SI,Slovenia,192,municipality,46.3954403,14.1539632,2025-05-20 19:18:29.649,1,2025-05-20 19:18:29.649,1,,-05:00:00,-05:00:00,2025-05-20 19:18:29.649,2025-05-20 19:18:29.649
4342,Zreče,201,SI,Slovenia,144,municipality,46.4177786,15.3709431,2025-05-20 19:18:29.649,1,2025-05-20 19:18:29.649,1,,-05:00:00,-05:00:00,2025-05-20 19:18:29.649,2025-05-20 19:18:29.649
4307,Žužemberk,201,SI,Slovenia,193,municipality,45.820035,14.9535919,2025-05-20 19:18:29.649,1,2025-05-20 19:18:29.649,1,,-05:00:00,-05:00:00,2025-05-20 19:18:29.649,2025-05-20 19:18:29.649
4784,Central,202,SB,Solomon Islands,CE,province,-9.0202593,158.251183,2025-05-20 19:18:29.649,1,2025-05-20 19:18:29.649,1,,-05:00:00,-05:00:00,2025-05-20 19:18:29.649,2025-05-20 19:18:29.649
4781,Choiseul,202,SB,Solomon Islands,CH,province,-7.0501494,156.9511459,2025-05-20 19:18:29.649,1,2025-05-20 19:18:29.649,1,,-05:00:00,-05:00:00,2025-05-20 19:18:29.649,2025-05-20 19:18:29.649
4785,Guadalcanal,202,SB,Solomon Islands,GU,province,-9.5773284,160.1455805,2025-05-20 19:18:29.649,1,2025-05-20 19:18:29.649,1,,-05:00:00,-05:00:00,2025-05-20 19:18:29.649,2025-05-20 19:18:29.649
4778,Honiara,202,SB,Solomon Islands,CT,capital territory,-9.4456381,159.9728999,2025-05-20 19:18:29.649,1,2025-05-20 19:18:29.649,1,,-05:00:00,-05:00:00,2025-05-20 19:18:29.649,2025-05-20 19:18:29.649
4780,Isabel,202,SB,Solomon Islands,IS,province,-8.0592353,159.1447081,2025-05-20 19:18:29.649,1,2025-05-20 19:18:29.649,1,,-05:00:00,-05:00:00,2025-05-20 19:18:29.649,2025-05-20 19:18:29.649
4782,Makira-Ulawa,202,SB,Solomon Islands,MK,province,-10.5737447,161.8096941,2025-05-20 19:18:29.649,1,2025-05-20 19:18:29.649,1,,-05:00:00,-05:00:00,2025-05-20 19:18:29.649,2025-05-20 19:18:29.649
4783,Malaita,202,SB,Solomon Islands,ML,province,-8.9446168,160.9071236,2025-05-20 19:18:29.649,1,2025-05-20 19:18:29.649,1,,-05:00:00,-05:00:00,2025-05-20 19:18:29.649,2025-05-20 19:18:29.649
4787,Rennell and Bellona,202,SB,Solomon Islands,RB,province,-11.6131435,160.1693949,2025-05-20 19:18:29.649,1,2025-05-20 19:18:29.649,1,,-05:00:00,-05:00:00,2025-05-20 19:18:29.649,2025-05-20 19:18:29.649
4779,Temotu,202,SB,Solomon Islands,TE,province,-10.686929,166.0623979,2025-05-20 19:18:29.649,1,2025-05-20 19:18:29.649,1,,-05:00:00,-05:00:00,2025-05-20 19:18:29.649,2025-05-20 19:18:29.649
4786,Western,202,SB,Solomon Islands,WE,province,-7.7499869,155.5642361,2025-05-20 19:18:29.649,1,2025-05-20 19:18:29.649,1,,-05:00:00,-05:00:00,2025-05-20 19:18:29.649,2025-05-20 19:18:29.649
925,Awdal,203,SO,Somalia,AW,region,10.6334285,43.329466,2025-05-20 19:18:29.649,1,2025-05-20 19:18:29.649,1,,-05:00:00,-05:00:00,2025-05-20 19:18:29.649,2025-05-20 19:18:29.649
917,Bakool,203,SO,Somalia,BK,region,4.3657221,44.0960311,2025-05-20 19:18:29.649,1,2025-05-20 19:18:29.649,1,,-05:00:00,-05:00:00,2025-05-20 19:18:29.649,2025-05-20 19:18:29.649
927,Banaadir,203,SO,Somalia,BN,region,2.1187375,45.3369459,2025-05-20 19:18:29.649,1,2025-05-20 19:18:29.649,1,,-05:00:00,-05:00:00,2025-05-20 19:18:29.649,2025-05-20 19:18:29.649
930,Bari,203,SO,Somalia,BR,region,41.1171432,16.8718715,2025-05-20 19:18:29.649,1,2025-05-20 19:18:29.649,1,,-05:00:00,-05:00:00,2025-05-20 19:18:29.649,2025-05-20 19:18:29.649
926,Bay,203,SO,Somalia,BY,region,37.0365534,-95.6174767,2025-05-20 19:18:29.649,1,2025-05-20 19:18:29.649,1,,-05:00:00,-05:00:00,2025-05-20 19:18:29.649,2025-05-20 19:18:29.649
918,Galguduud,203,SO,Somalia,GA,region,5.1850128,46.8252838,2025-05-20 19:18:29.649,1,2025-05-20 19:18:29.649,1,,-05:00:00,-05:00:00,2025-05-20 19:18:29.649,2025-05-20 19:18:29.649
928,Gedo,203,SO,Somalia,GE,region,3.5039227,42.2362435,2025-05-20 19:18:29.649,1,2025-05-20 19:18:29.649,1,,-05:00:00,-05:00:00,2025-05-20 19:18:29.649,2025-05-20 19:18:29.649
915,Hiran,203,SO,Somalia,HI,region,4.321015,45.2993862,2025-05-20 19:18:29.649,1,2025-05-20 19:18:29.649,1,,-05:00:00,-05:00:00,2025-05-20 19:18:29.649,2025-05-20 19:18:29.649
924,Lower Juba,203,SO,Somalia,JH,region,0.224021,41.6011814,2025-05-20 19:18:29.649,1,2025-05-20 19:18:29.649,1,,-05:00:00,-05:00:00,2025-05-20 19:18:29.649,2025-05-20 19:18:29.649
921,Lower Shebelle,203,SO,Somalia,SH,region,1.8766458,44.2479015,2025-05-20 19:18:29.649,1,2025-05-20 19:18:29.649,1,,-05:00:00,-05:00:00,2025-05-20 19:18:29.649,2025-05-20 19:18:29.649
922,Middle Juba,203,SO,Somalia,JD,region,2.0780488,41.6011814,2025-05-20 19:18:29.649,1,2025-05-20 19:18:29.649,1,,-05:00:00,-05:00:00,2025-05-20 19:18:29.649,2025-05-20 19:18:29.649
923,Middle Shebelle,203,SO,Somalia,SD,region,2.9250247,45.9039689,2025-05-20 19:18:29.649,1,2025-05-20 19:18:29.649,1,,-05:00:00,-05:00:00,2025-05-20 19:18:29.649,2025-05-20 19:18:29.649
916,Mudug,203,SO,Somalia,MU,region,6.5656726,47.7637565,2025-05-20 19:18:29.649,1,2025-05-20 19:18:29.649,1,,-05:00:00,-05:00:00,2025-05-20 19:18:29.649,2025-05-20 19:18:29.649
920,Nugal,203,SO,Somalia,NU,region,43.2793861,17.0339205,2025-05-20 19:18:29.649,1,2025-05-20 19:18:29.649,1,,-05:00:00,-05:00:00,2025-05-20 19:18:29.649,2025-05-20 19:18:29.649
919,Sanaag,203,SO,Somalia,SA,region,10.3938218,47.7637565,2025-05-20 19:18:29.649,1,2025-05-20 19:18:29.649,1,,-05:00:00,-05:00:00,2025-05-20 19:18:29.649,2025-05-20 19:18:29.649
929,Togdheer,203,SO,Somalia,TO,region,9.4460587,45.2993862,2025-05-20 19:18:29.649,1,2025-05-20 19:18:29.649,1,,-05:00:00,-05:00:00,2025-05-20 19:18:29.649,2025-05-20 19:18:29.649
938,Eastern Cape,204,ZA,South Africa,EC,province,-32.2968402,26.419389,2025-05-20 19:18:29.649,1,2025-05-20 19:18:29.649,1,,-05:00:00,-05:00:00,2025-05-20 19:18:29.649,2025-05-20 19:18:29.649
932,Free State,204,ZA,South Africa,FS,province,37.6858525,-97.2811256,2025-05-20 19:18:29.649,1,2025-05-20 19:18:29.649,1,,-05:00:00,-05:00:00,2025-05-20 19:18:29.649,2025-05-20 19:18:29.649
936,Gauteng,204,ZA,South Africa,GP,province,-26.2707593,28.1122679,2025-05-20 19:18:29.649,1,2025-05-20 19:18:29.649,1,,-05:00:00,-05:00:00,2025-05-20 19:18:29.649,2025-05-20 19:18:29.649
935,KwaZulu-Natal,204,ZA,South Africa,KZN,province,-28.5305539,30.8958242,2025-05-20 19:18:29.649,1,2025-05-20 19:18:29.649,1,,-05:00:00,-05:00:00,2025-05-20 19:18:29.649,2025-05-20 19:18:29.649
933,Limpopo,204,ZA,South Africa,LP,province,-23.4012946,29.4179324,2025-05-20 19:18:29.649,1,2025-05-20 19:18:29.649,1,,-05:00:00,-05:00:00,2025-05-20 19:18:29.649,2025-05-20 19:18:29.649
937,Mpumalanga,204,ZA,South Africa,MP,province,-25.565336,30.5279096,2025-05-20 19:18:29.649,1,2025-05-20 19:18:29.649,1,,-05:00:00,-05:00:00,2025-05-20 19:18:29.649,2025-05-20 19:18:29.649
934,North West,204,ZA,South Africa,NW,province,32.758852,-97.328806,2025-05-20 19:18:29.649,1,2025-05-20 19:18:29.649,1,,-05:00:00,-05:00:00,2025-05-20 19:18:29.649,2025-05-20 19:18:29.649
931,Northern Cape,204,ZA,South Africa,NC,province,-29.0466808,21.8568586,2025-05-20 19:18:29.649,1,2025-05-20 19:18:29.649,1,,-05:00:00,-05:00:00,2025-05-20 19:18:29.649,2025-05-20 19:18:29.649
939,Western Cape,204,ZA,South Africa,WC,province,-33.2277918,21.8568586,2025-05-20 19:18:29.649,1,2025-05-20 19:18:29.649,1,,-05:00:00,-05:00:00,2025-05-20 19:18:29.649,2025-05-20 19:18:29.649
3860,Busan,116,KR,South Korea,26,metropolitan city,35.1795543,129.0756416,2025-05-20 19:18:29.649,1,2025-05-20 19:18:29.649,1,,-05:00:00,-05:00:00,2025-05-20 19:18:29.649,2025-05-20 19:18:29.649
3846,Daegu,116,KR,South Korea,27,metropolitan city,35.8714354,128.601445,2025-05-20 19:18:29.649,1,2025-05-20 19:18:29.649,1,,-05:00:00,-05:00:00,2025-05-20 19:18:29.649,2025-05-20 19:18:29.649
3850,Daejeon,116,KR,South Korea,30,metropolitan city,36.3504119,127.3845475,2025-05-20 19:18:29.649,1,2025-05-20 19:18:29.649,1,,-05:00:00,-05:00:00,2025-05-20 19:18:29.649,2025-05-20 19:18:29.649
3862,Gangwon,116,KR,South Korea,42,special self-governing province,37.8228,128.1555,2025-05-20 19:18:29.649,1,2025-05-20 19:18:29.649,1,,-05:00:00,-05:00:00,2025-05-20 19:18:29.649,2025-05-20 19:18:29.649
3858,Gwangju,116,KR,South Korea,29,metropolitan city,35.1595454,126.8526012,2025-05-20 19:18:29.649,1,2025-05-20 19:18:29.649,1,,-05:00:00,-05:00:00,2025-05-20 19:18:29.649,2025-05-20 19:18:29.649
3847,Gyeonggi,116,KR,South Korea,41,province,37.4138,127.5183,2025-05-20 19:18:29.649,1,2025-05-20 19:18:29.649,1,,-05:00:00,-05:00:00,2025-05-20 19:18:29.649,2025-05-20 19:18:29.649
3848,Incheon,116,KR,South Korea,28,metropolitan city,37.4562557,126.7052062,2025-05-20 19:18:29.649,1,2025-05-20 19:18:29.649,1,,-05:00:00,-05:00:00,2025-05-20 19:18:29.649,2025-05-20 19:18:29.649
3853,Jeju,116,KR,South Korea,49,special self-governing province,33.9568278,-84.13135,2025-05-20 19:18:29.649,1,2025-05-20 19:18:29.649,1,,-05:00:00,-05:00:00,2025-05-20 19:18:29.649,2025-05-20 19:18:29.649
3854,North Chungcheong,116,KR,South Korea,43,province,36.8,127.7,2025-05-20 19:18:29.649,1,2025-05-20 19:18:29.649,1,,-05:00:00,-05:00:00,2025-05-20 19:18:29.649,2025-05-20 19:18:29.649
3855,North Gyeongsang,116,KR,South Korea,47,province,36.4919,128.8889,2025-05-20 19:18:29.649,1,2025-05-20 19:18:29.649,1,,-05:00:00,-05:00:00,2025-05-20 19:18:29.649,2025-05-20 19:18:29.649
3851,North Jeolla,116,KR,South Korea,45,province,35.7175,127.153,2025-05-20 19:18:29.649,1,2025-05-20 19:18:29.649,1,,-05:00:00,-05:00:00,2025-05-20 19:18:29.649,2025-05-20 19:18:29.649
3861,Sejong City,116,KR,South Korea,50,special self-governing city,34.0523323,-118.3084897,2025-05-20 19:18:29.649,1,2025-05-20 19:18:29.649,1,,-05:00:00,-05:00:00,2025-05-20 19:18:29.649,2025-05-20 19:18:29.649
3849,Seoul,116,KR,South Korea,11,special city,37.566535,126.9779692,2025-05-20 19:18:29.649,1,2025-05-20 19:18:29.649,1,,-05:00:00,-05:00:00,2025-05-20 19:18:29.649,2025-05-20 19:18:29.649
3859,South Chungcheong,116,KR,South Korea,44,province,36.5184,126.8,2025-05-20 19:18:29.649,1,2025-05-20 19:18:29.649,1,,-05:00:00,-05:00:00,2025-05-20 19:18:29.649,2025-05-20 19:18:29.649
3857,South Gyeongsang,116,KR,South Korea,48,province,35.4606,128.2132,2025-05-20 19:18:29.649,1,2025-05-20 19:18:29.649,1,,-05:00:00,-05:00:00,2025-05-20 19:18:29.649,2025-05-20 19:18:29.649
3856,South Jeolla,116,KR,South Korea,46,province,34.8679,126.991,2025-05-20 19:18:29.649,1,2025-05-20 19:18:29.649,1,,-05:00:00,-05:00:00,2025-05-20 19:18:29.649,2025-05-20 19:18:29.649
3852,Ulsan,116,KR,South Korea,31,metropolitan city,35.5383773,129.3113596,2025-05-20 19:18:29.649,1,2025-05-20 19:18:29.649,1,,-05:00:00,-05:00:00,2025-05-20 19:18:29.649,2025-05-20 19:18:29.649
2092,Central Equatoria,206,SS,South Sudan,EC,state,4.6144063,31.2626366,2025-05-20 19:18:29.649,1,2025-05-20 19:18:29.649,1,,-05:00:00,-05:00:00,2025-05-20 19:18:29.649,2025-05-20 19:18:29.649
2093,Eastern Equatoria,206,SS,South Sudan,EE,state,5.0692995,33.438353,2025-05-20 19:18:29.649,1,2025-05-20 19:18:29.649,1,,-05:00:00,-05:00:00,2025-05-20 19:18:29.649,2025-05-20 19:18:29.649
2094,Jonglei State,206,SS,South Sudan,JG,state,7.1819619,32.3560952,2025-05-20 19:18:29.649,1,2025-05-20 19:18:29.649,1,,-05:00:00,-05:00:00,2025-05-20 19:18:29.649,2025-05-20 19:18:29.649
2090,Lakes,206,SS,South Sudan,LK,state,37.1628255,-95.6911623,2025-05-20 19:18:29.649,1,2025-05-20 19:18:29.649,1,,-05:00:00,-05:00:00,2025-05-20 19:18:29.649,2025-05-20 19:18:29.649
2088,Northern Bahr el Ghazal,206,SS,South Sudan,BN,state,8.5360449,26.7967849,2025-05-20 19:18:29.649,1,2025-05-20 19:18:29.649,1,,-05:00:00,-05:00:00,2025-05-20 19:18:29.649,2025-05-20 19:18:29.649
2085,Unity,206,SS,South Sudan,UY,state,37.7871276,-122.4034079,2025-05-20 19:18:29.649,1,2025-05-20 19:18:29.649,1,,-05:00:00,-05:00:00,2025-05-20 19:18:29.649,2025-05-20 19:18:29.649
2086,Upper Nile,206,SS,South Sudan,NU,state,9.8894202,32.7181375,2025-05-20 19:18:29.649,1,2025-05-20 19:18:29.649,1,,-05:00:00,-05:00:00,2025-05-20 19:18:29.649,2025-05-20 19:18:29.649
2087,Warrap,206,SS,South Sudan,WR,state,8.0886238,28.6410641,2025-05-20 19:18:29.649,1,2025-05-20 19:18:29.649,1,,-05:00:00,-05:00:00,2025-05-20 19:18:29.649,2025-05-20 19:18:29.649
2091,Western Bahr el Ghazal,206,SS,South Sudan,BW,state,8.6452399,25.2837585,2025-05-20 19:18:29.649,1,2025-05-20 19:18:29.649,1,,-05:00:00,-05:00:00,2025-05-20 19:18:29.649,2025-05-20 19:18:29.649
2089,Western Equatoria,206,SS,South Sudan,EW,state,5.3471799,28.299435,2025-05-20 19:18:29.649,1,2025-05-20 19:18:29.649,1,,-05:00:00,-05:00:00,2025-05-20 19:18:29.649,2025-05-20 19:18:29.649
5089,A Coruña,207,ES,Spain,C,province,43.361904,-8.4301932,2025-05-20 19:18:29.649,1,2025-05-20 19:18:29.649,1,,-05:00:00,-05:00:00,2025-05-20 19:18:29.649,2025-05-20 19:18:29.649
5109,Albacete,207,ES,Spain,AB,province,38.9922312,-1.8780989,2025-05-20 19:18:29.649,1,2025-05-20 19:18:29.649,1,,-05:00:00,-05:00:00,2025-05-20 19:18:29.649,2025-05-20 19:18:29.649
5108,Alicante,207,ES,Spain,A,province,38.3579546,-0.5425634,2025-05-20 19:18:29.649,1,2025-05-20 19:18:29.649,1,,-05:00:00,-05:00:00,2025-05-20 19:18:29.649,2025-05-20 19:18:29.649
5095,Almeria,207,ES,Spain,AL,province,36.8415268,-2.4746261,2025-05-20 19:18:29.649,1,2025-05-20 19:18:29.649,1,,-05:00:00,-05:00:00,2025-05-20 19:18:29.649,2025-05-20 19:18:29.649
5325,Andalusia,207,ES,Spain,AN,autonomous community,37.3084061,-7.2164446,2025-05-20 19:18:29.649,1,2025-05-20 19:18:29.649,1,,-05:00:00,-05:00:00,2025-05-20 19:18:29.649,2025-05-20 19:18:29.649
5093,Araba,207,ES,Spain,VI,province,42.8395119,-3.8423774,2025-05-20 19:18:29.649,1,2025-05-20 19:18:29.649,1,,-05:00:00,-05:00:00,2025-05-20 19:18:29.649,2025-05-20 19:18:29.649
5326,Aragon,207,ES,Spain,AR,autonomous community,41.3801114,-2.0203159,2025-05-20 19:18:29.649,1,2025-05-20 19:18:29.649,1,,-05:00:00,-05:00:00,2025-05-20 19:18:29.649,2025-05-20 19:18:29.649
5327,Asturias,207,ES,Spain,AS,autonomous community,43.2689279,-7.1683212,2025-05-20 19:18:29.649,1,2025-05-20 19:18:29.649,1,,-05:00:00,-05:00:00,2025-05-20 19:18:29.649,2025-05-20 19:18:29.649
1160,Asturias,207,ES,Spain,O,province,43.3613953,-5.8593267,2025-05-20 19:18:29.649,1,2025-05-20 19:18:29.649,1,,-05:00:00,-05:00:00,2025-05-20 19:18:29.649,2025-05-20 19:18:29.649
1189,Ávila,207,ES,Spain,AV,province,40.6934511,-4.8935627,2025-05-20 19:18:29.649,1,2025-05-20 19:18:29.649,1,,-05:00:00,-05:00:00,2025-05-20 19:18:29.649,2025-05-20 19:18:29.649
5092,Badajoz,207,ES,Spain,BA,province,38.8793748,-7.0226983,2025-05-20 19:18:29.649,1,2025-05-20 19:18:29.649,1,,-05:00:00,-05:00:00,2025-05-20 19:18:29.649,2025-05-20 19:18:29.649
5335,Balearic Islands,207,ES,Spain,IB,autonomous community,39.3621586,1.4233452,2025-05-20 19:18:29.649,1,2025-05-20 19:18:29.649,1,,-05:00:00,-05:00:00,2025-05-20 19:18:29.649,2025-05-20 19:18:29.649
5102,Barcelona,207,ES,Spain,B,province,41.3926679,2.1401891,2025-05-20 19:18:29.649,1,2025-05-20 19:18:29.649,1,,-05:00:00,-05:00:00,2025-05-20 19:18:29.649,2025-05-20 19:18:29.649
5332,Basque Country,207,ES,Spain,PV,autonomous community,42.9639085,-3.2505823,2025-05-20 19:18:29.649,1,2025-05-20 19:18:29.649,1,,-05:00:00,-05:00:00,2025-05-20 19:18:29.649,2025-05-20 19:18:29.649
5094,Bizkaia,207,ES,Spain,BI,province,43.2192199,-3.2111087,2025-05-20 19:18:29.649,1,2025-05-20 19:18:29.649,1,,-05:00:00,-05:00:00,2025-05-20 19:18:29.649,2025-05-20 19:18:29.649
1146,Burgos,207,ES,Spain,BU,province,42.3380758,-3.5812692,2025-05-20 19:18:29.649,1,2025-05-20 19:18:29.649,1,,-05:00:00,-05:00:00,2025-05-20 19:18:29.649,2025-05-20 19:18:29.649
1190,Caceres,207,ES,Spain,CC,province,39.4716313,-6.4257384,2025-05-20 19:18:29.649,1,2025-05-20 19:18:29.649,1,,-05:00:00,-05:00:00,2025-05-20 19:18:29.649,2025-05-20 19:18:29.649
5096,Cádiz,207,ES,Spain,CA,province,36.5213349,-7.0958811,2025-05-20 19:18:29.649,1,2025-05-20 19:18:29.649,1,,-05:00:00,-05:00:00,2025-05-20 19:18:29.649,2025-05-20 19:18:29.649
5222,Canary Islands,207,ES,Spain,CN,autonomous community,28.2916,16.6291,2025-05-20 19:18:29.649,1,2025-05-20 19:18:29.649,1,,-05:00:00,-05:00:00,2025-05-20 19:18:29.649,2025-05-20 19:18:29.649
5328,Cantabria,207,ES,Spain,CB,autonomous community,43.1349728,-4.6614518,2025-05-20 19:18:29.649,1,2025-05-20 19:18:29.649,1,,-05:00:00,-05:00:00,2025-05-20 19:18:29.649,2025-05-20 19:18:29.649
1170,Cantabria,207,ES,Spain,S,province,43.1828396,-3.9878427,2025-05-20 19:18:29.649,1,2025-05-20 19:18:29.649,1,,-05:00:00,-05:00:00,2025-05-20 19:18:29.649,2025-05-20 19:18:29.649
5110,Castellón,207,ES,Spain,CS,province,39.9811435,0.0088407,2025-05-20 19:18:29.649,1,2025-05-20 19:18:29.649,1,,-05:00:00,-05:00:00,2025-05-20 19:18:29.649,2025-05-20 19:18:29.649
5329,Castile and Leon,207,ES,Spain,CL,autonomous community,41.6338445,-7.0713727,2025-05-20 19:18:29.649,1,2025-05-20 19:18:29.649,1,,-05:00:00,-05:00:00,2025-05-20 19:18:29.649,2025-05-20 19:18:29.649
5330,Castilla-La Mancha,207,ES,Spain,CM,autonomous community,39.6489544,-5.806324,2025-05-20 19:18:29.649,1,2025-05-20 19:18:29.649,1,,-05:00:00,-05:00:00,2025-05-20 19:18:29.649,2025-05-20 19:18:29.649
5331,Catalonia,207,ES,Spain,CT,autonomous community,41.6867211,0.4239344,2025-05-20 19:18:29.649,1,2025-05-20 19:18:29.649,1,,-05:00:00,-05:00:00,2025-05-20 19:18:29.649,2025-05-20 19:18:29.649
5223,Ceuta,207,ES,Spain,CE,autonomous city,35.889,-5.3187,2025-05-20 19:18:29.649,1,2025-05-20 19:18:29.649,1,,-05:00:00,-05:00:00,2025-05-20 19:18:29.649,2025-05-20 19:18:29.649
5105,Ciudad Real,207,ES,Spain,CR,province,38.9860758,-3.9444975,2025-05-20 19:18:29.649,1,2025-05-20 19:18:29.649,1,,-05:00:00,-05:00:00,2025-05-20 19:18:29.649,2025-05-20 19:18:29.649
5337,Community of Madrid,207,ES,Spain,MD,autonomous community,40.5244522,-4.4754103,2025-05-20 19:18:29.649,1,2025-05-20 19:18:29.649,1,,-05:00:00,-05:00:00,2025-05-20 19:18:29.649,2025-05-20 19:18:29.649
5097,Córdoba,207,ES,Spain,CO,province,37.9514114,-6.1098134,2025-05-20 19:18:29.649,1,2025-05-20 19:18:29.649,1,,-05:00:00,-05:00:00,2025-05-20 19:18:29.649,2025-05-20 19:18:29.649
5106,Cuenca,207,ES,Spain,CU,province,40.0620036,-2.1655344,2025-05-20 19:18:29.649,1,2025-05-20 19:18:29.649,1,,-05:00:00,-05:00:00,2025-05-20 19:18:29.649,2025-05-20 19:18:29.649
5333,Estremadura,207,ES,Spain,EX,autonomous community,39.2084979,-7.4165481,2025-05-20 19:18:29.649,1,2025-05-20 19:18:29.649,1,,-05:00:00,-05:00:00,2025-05-20 19:18:29.649,2025-05-20 19:18:29.649
5334,Galicia,207,ES,Spain,GA,autonomous community,42.7942875,-9.3395928,2025-05-20 19:18:29.649,1,2025-05-20 19:18:29.649,1,,-05:00:00,-05:00:00,2025-05-20 19:18:29.649,2025-05-20 19:18:29.649
1191,Gipuzkoa,207,ES,Spain,SS,province,43.145236,-2.4461825,2025-05-20 19:18:29.649,1,2025-05-20 19:18:29.649,1,,-05:00:00,-05:00:00,2025-05-20 19:18:29.649,2025-05-20 19:18:29.649
5103,Girona,207,ES,Spain,GI,province,41.9803445,2.8011577,2025-05-20 19:18:29.649,1,2025-05-20 19:18:29.649,1,,-05:00:00,-05:00:00,2025-05-20 19:18:29.649,2025-05-20 19:18:29.649
5098,Granada,207,ES,Spain,GR,province,37.1809411,-3.626291,2025-05-20 19:18:29.649,1,2025-05-20 19:18:29.649,1,,-05:00:00,-05:00:00,2025-05-20 19:18:29.649,2025-05-20 19:18:29.649
5107,Guadalajara,207,ES,Spain,GU,province,40.6322214,-3.190682,2025-05-20 19:18:29.649,1,2025-05-20 19:18:29.649,1,,-05:00:00,-05:00:00,2025-05-20 19:18:29.649,2025-05-20 19:18:29.649
5099,Huelva,207,ES,Spain,H,province,37.2708666,-6.9571999,2025-05-20 19:18:29.649,1,2025-05-20 19:18:29.649,1,,-05:00:00,-05:00:00,2025-05-20 19:18:29.649,2025-05-20 19:18:29.649
1177,Huesca,207,ES,Spain,HU,province,41.5976275,-0.9056623,2025-05-20 19:18:29.649,1,2025-05-20 19:18:29.649,1,,-05:00:00,-05:00:00,2025-05-20 19:18:29.649,2025-05-20 19:18:29.649
1174,Islas Baleares,207,ES,Spain,PM,province,39.3587759,2.7356328,2025-05-20 19:18:29.649,1,2025-05-20 19:18:29.649,1,,-05:00:00,-05:00:00,2025-05-20 19:18:29.649,2025-05-20 19:18:29.649
5100,Jaén,207,ES,Spain,J,province,37.7800931,-3.8143745,2025-05-20 19:18:29.649,1,2025-05-20 19:18:29.649,1,,-05:00:00,-05:00:00,2025-05-20 19:18:29.649,2025-05-20 19:18:29.649
5336,La Rioja,207,ES,Spain,RI,autonomous community,42.2807692,-3.0672348,2025-05-20 19:18:29.649,1,2025-05-20 19:18:29.649,1,,-05:00:00,-05:00:00,2025-05-20 19:18:29.649,2025-05-20 19:18:29.649
1171,La Rioja,207,ES,Spain,LO,province,42.2870733,-2.539603,2025-05-20 19:18:29.649,1,2025-05-20 19:18:29.649,1,,-05:00:00,-05:00:00,2025-05-20 19:18:29.649,2025-05-20 19:18:29.649
1185,Las Palmas,207,ES,Spain,GC,province,28.5715375,-15.9013795,2025-05-20 19:18:29.649,1,2025-05-20 19:18:29.649,1,,-05:00:00,-05:00:00,2025-05-20 19:18:29.649,2025-05-20 19:18:29.649
1200,León,207,ES,Spain,LE,province,42.5987041,-5.5670839,2025-05-20 19:18:29.649,1,2025-05-20 19:18:29.649,1,,-05:00:00,-05:00:00,2025-05-20 19:18:29.649,2025-05-20 19:18:29.649
5104,Lleida,207,ES,Spain,L,province,41.6183731,0.6024253,2025-05-20 19:18:29.649,1,2025-05-20 19:18:29.649,1,,-05:00:00,-05:00:00,2025-05-20 19:18:29.649,2025-05-20 19:18:29.649
5090,Lugo,207,ES,Spain,LU,province,43.0123137,-7.5740096,2025-05-20 19:18:29.649,1,2025-05-20 19:18:29.649,1,,-05:00:00,-05:00:00,2025-05-20 19:18:29.649,2025-05-20 19:18:29.649
1158,Madrid,207,ES,Spain,M,province,40.4167515,-3.7038322,2025-05-20 19:18:29.649,1,2025-05-20 19:18:29.649,1,,-05:00:00,-05:00:00,2025-05-20 19:18:29.649,2025-05-20 19:18:29.649
5101,Málaga,207,ES,Spain,MA,province,36.7182015,-4.519306,2025-05-20 19:18:29.649,1,2025-05-20 19:18:29.649,1,,-05:00:00,-05:00:00,2025-05-20 19:18:29.649,2025-05-20 19:18:29.649
5224,Melilla,207,ES,Spain,ML,autonomous city,35.2937,-2.9383,2025-05-20 19:18:29.649,1,2025-05-20 19:18:29.649,1,,-05:00:00,-05:00:00,2025-05-20 19:18:29.649,2025-05-20 19:18:29.649
1176,Murcia,207,ES,Spain,MU,province,38.1398141,-1.366216,2025-05-20 19:18:29.649,1,2025-05-20 19:18:29.649,1,,-05:00:00,-05:00:00,2025-05-20 19:18:29.649,2025-05-20 19:18:29.649
1204,Navarra,207,ES,Spain,NA,province,42.6953909,-1.6760691,2025-05-20 19:18:29.649,1,2025-05-20 19:18:29.649,1,,-05:00:00,-05:00:00,2025-05-20 19:18:29.649,2025-05-20 19:18:29.649
5339,Navarre,207,ES,Spain,NC,autonomous community,42.6114729,-2.2714543,2025-05-20 19:18:29.649,1,2025-05-20 19:18:29.649,1,,-05:00:00,-05:00:00,2025-05-20 19:18:29.649,2025-05-20 19:18:29.649
5091,Ourense,207,ES,Spain,OR,province,42.3383613,-7.8811951,2025-05-20 19:18:29.649,1,2025-05-20 19:18:29.649,1,,-05:00:00,-05:00:00,2025-05-20 19:18:29.649,2025-05-20 19:18:29.649
1157,Palencia,207,ES,Spain,P,province,42.0096832,-4.5287949,2025-05-20 19:18:29.649,1,2025-05-20 19:18:29.649,1,,-05:00:00,-05:00:00,2025-05-20 19:18:29.649,2025-05-20 19:18:29.649
1167,Pontevedra,207,ES,Spain,PO,province,42.4338595,-8.6568552,2025-05-20 19:18:29.649,1,2025-05-20 19:18:29.649,1,,-05:00:00,-05:00:00,2025-05-20 19:18:29.649,2025-05-20 19:18:29.649
5338,Region of Murcia,207,ES,Spain,MC,autonomous community,38.0636582,-2.1554725,2025-05-20 19:18:29.649,1,2025-05-20 19:18:29.649,1,,-05:00:00,-05:00:00,2025-05-20 19:18:29.649,2025-05-20 19:18:29.649
1147,Salamanca,207,ES,Spain,SA,province,40.9515263,-6.2375947,2025-05-20 19:18:29.649,1,2025-05-20 19:18:29.649,1,,-05:00:00,-05:00:00,2025-05-20 19:18:29.649,2025-05-20 19:18:29.649
5112,Santa Cruz de Tenerife,207,ES,Spain,TF,province,28.4578914,-16.3213539,2025-05-20 19:18:29.649,1,2025-05-20 19:18:29.649,1,,-05:00:00,-05:00:00,2025-05-20 19:18:29.649,2025-05-20 19:18:29.649
1192,Segovia,207,ES,Spain,SG,province,40.9429296,-4.1088942,2025-05-20 19:18:29.649,1,2025-05-20 19:18:29.649,1,,-05:00:00,-05:00:00,2025-05-20 19:18:29.649,2025-05-20 19:18:29.649
1193,Sevilla,207,ES,Spain,SE,province,37.3753501,-6.0250973,2025-05-20 19:18:29.649,1,2025-05-20 19:18:29.649,1,,-05:00:00,-05:00:00,2025-05-20 19:18:29.649,2025-05-20 19:18:29.649
1208,Soria,207,ES,Spain,SO,province,41.7665464,-2.4790306,2025-05-20 19:18:29.649,1,2025-05-20 19:18:29.649,1,,-05:00:00,-05:00:00,2025-05-20 19:18:29.649,2025-05-20 19:18:29.649
1203,Tarragona,207,ES,Spain,T,province,41.1258642,1.2035642,2025-05-20 19:18:29.649,1,2025-05-20 19:18:29.649,1,,-05:00:00,-05:00:00,2025-05-20 19:18:29.649,2025-05-20 19:18:29.649
5111,Teruel,207,ES,Spain,TE,province,40.345041,-1.1184744,2025-05-20 19:18:29.649,1,2025-05-20 19:18:29.649,1,,-05:00:00,-05:00:00,2025-05-20 19:18:29.649,2025-05-20 19:18:29.649
1205,Toledo,207,ES,Spain,TO,province,39.86232,-4.0694692,2025-05-20 19:18:29.649,1,2025-05-20 19:18:29.649,1,,-05:00:00,-05:00:00,2025-05-20 19:18:29.649,2025-05-20 19:18:29.649
1175,Valencia,207,ES,Spain,V,province,39.4840108,-0.7532809,2025-05-20 19:18:29.649,1,2025-05-20 19:18:29.649,1,,-05:00:00,-05:00:00,2025-05-20 19:18:29.649,2025-05-20 19:18:29.649
5340,Valencian Community,207,ES,Spain,VC,autonomous community,39.3108869,-1.7384172,2025-05-20 19:18:29.649,1,2025-05-20 19:18:29.649,1,,-05:00:00,-05:00:00,2025-05-20 19:18:29.649,2025-05-20 19:18:29.649
1183,Valladolid,207,ES,Spain,VA,province,41.6517375,-4.724495,2025-05-20 19:18:29.649,1,2025-05-20 19:18:29.649,1,,-05:00:00,-05:00:00,2025-05-20 19:18:29.649,2025-05-20 19:18:29.649
1161,Zamora,207,ES,Spain,ZA,province,41.6095744,-5.8987139,2025-05-20 19:18:29.649,1,2025-05-20 19:18:29.649,1,,-05:00:00,-05:00:00,2025-05-20 19:18:29.649,2025-05-20 19:18:29.649
5113,Zaragoza,207,ES,Spain,Z,province,41.6517501,-0.9300002,2025-05-20 19:18:29.649,1,2025-05-20 19:18:29.649,1,,-05:00:00,-05:00:00,2025-05-20 19:18:29.649,2025-05-20 19:18:29.649
2799,Ampara,208,LK,Sri Lanka,52,district,7.2911685,81.6723761,2025-05-20 19:18:29.649,1,2025-05-20 19:18:29.649,1,,-05:00:00,-05:00:00,2025-05-20 19:18:29.649,2025-05-20 19:18:29.649
2816,Anuradhapura,208,LK,Sri Lanka,71,district,8.3318305,80.4029017,2025-05-20 19:18:29.649,1,2025-05-20 19:18:29.649,1,,-05:00:00,-05:00:00,2025-05-20 19:18:29.649,2025-05-20 19:18:29.649
2790,Badulla,208,LK,Sri Lanka,81,district,6.9934009,81.0549815,2025-05-20 19:18:29.649,1,2025-05-20 19:18:29.649,1,,-05:00:00,-05:00:00,2025-05-20 19:18:29.649,2025-05-20 19:18:29.649
2818,Batticaloa,208,LK,Sri Lanka,51,district,7.8292781,81.4718387,2025-05-20 19:18:29.649,1,2025-05-20 19:18:29.649,1,,-05:00:00,-05:00:00,2025-05-20 19:18:29.649,2025-05-20 19:18:29.649
2798,Central,208,LK,Sri Lanka,2,province,7.3816445,80.0581296,2025-05-20 19:18:29.649,1,2025-05-20 19:18:29.649,1,,-05:00:00,-05:00:00,2025-05-20 19:18:29.649,2025-05-20 19:18:29.649
2815,Colombo,208,LK,Sri Lanka,11,district,6.9269557,79.8617306,2025-05-20 19:18:29.649,1,2025-05-20 19:18:29.649,1,,-05:00:00,-05:00:00,2025-05-20 19:18:29.649,2025-05-20 19:18:29.649
2808,Eastern,208,LK,Sri Lanka,5,province,7.7487176,79.9936266,2025-05-20 19:18:29.649,1,2025-05-20 19:18:29.649,1,,-05:00:00,-05:00:00,2025-05-20 19:18:29.649,2025-05-20 19:18:29.649
2792,Galle,208,LK,Sri Lanka,31,district,6.057749,80.2175572,2025-05-20 19:18:29.649,1,2025-05-20 19:18:29.649,1,,-05:00:00,-05:00:00,2025-05-20 19:18:29.649,2025-05-20 19:18:29.649
2804,Gampaha,208,LK,Sri Lanka,12,district,7.0712619,80.0087746,2025-05-20 19:18:29.649,1,2025-05-20 19:18:29.649,1,,-05:00:00,-05:00:00,2025-05-20 19:18:29.649,2025-05-20 19:18:29.649
2791,Hambantota,208,LK,Sri Lanka,33,district,6.1535816,81.127149,2025-05-20 19:18:29.649,1,2025-05-20 19:18:29.649,1,,-05:00:00,-05:00:00,2025-05-20 19:18:29.649,2025-05-20 19:18:29.649
2787,Jaffna,208,LK,Sri Lanka,41,district,9.6930468,80.1651854,2025-05-20 19:18:29.649,1,2025-05-20 19:18:29.649,1,,-05:00:00,-05:00:00,2025-05-20 19:18:29.649,2025-05-20 19:18:29.649
2789,Kalutara,208,LK,Sri Lanka,13,district,6.6084686,80.1428584,2025-05-20 19:18:29.649,1,2025-05-20 19:18:29.649,1,,-05:00:00,-05:00:00,2025-05-20 19:18:29.649,2025-05-20 19:18:29.649
2788,Kandy,208,LK,Sri Lanka,21,district,7.2931588,80.6350107,2025-05-20 19:18:29.649,1,2025-05-20 19:18:29.649,1,,-05:00:00,-05:00:00,2025-05-20 19:18:29.649,2025-05-20 19:18:29.649
2797,Kegalle,208,LK,Sri Lanka,92,district,7.1204053,80.3213106,2025-05-20 19:18:29.649,1,2025-05-20 19:18:29.649,1,,-05:00:00,-05:00:00,2025-05-20 19:18:29.649,2025-05-20 19:18:29.649
2793,Kilinochchi,208,LK,Sri Lanka,42,district,9.3677971,80.3213106,2025-05-20 19:18:29.649,1,2025-05-20 19:18:29.649,1,,-05:00:00,-05:00:00,2025-05-20 19:18:29.649,2025-05-20 19:18:29.649
5342,Kurunegala,208,LK,Sri Lanka,61,district,7.7285647,79.908917,2025-05-20 19:18:29.649,1,2025-05-20 19:18:29.649,1,,-05:00:00,-05:00:00,2025-05-20 19:18:29.649,2025-05-20 19:18:29.649
2805,Mannar,208,LK,Sri Lanka,43,district,8.9809531,79.9043975,2025-05-20 19:18:29.649,1,2025-05-20 19:18:29.649,1,,-05:00:00,-05:00:00,2025-05-20 19:18:29.649,2025-05-20 19:18:29.649
2810,Matale,208,LK,Sri Lanka,22,district,7.4659646,80.6234259,2025-05-20 19:18:29.649,1,2025-05-20 19:18:29.649,1,,-05:00:00,-05:00:00,2025-05-20 19:18:29.649,2025-05-20 19:18:29.649
2806,Matara,208,LK,Sri Lanka,32,district,5.9449348,80.5487997,2025-05-20 19:18:29.649,1,2025-05-20 19:18:29.649,1,,-05:00:00,-05:00:00,2025-05-20 19:18:29.649,2025-05-20 19:18:29.649
2819,Monaragala,208,LK,Sri Lanka,82,district,6.8727781,81.3506832,2025-05-20 19:18:29.649,1,2025-05-20 19:18:29.649,1,,-05:00:00,-05:00:00,2025-05-20 19:18:29.649,2025-05-20 19:18:29.649
2814,Mullaitivu,208,LK,Sri Lanka,45,district,9.2675388,80.8128254,2025-05-20 19:18:29.649,1,2025-05-20 19:18:29.649,1,,-05:00:00,-05:00:00,2025-05-20 19:18:29.649,2025-05-20 19:18:29.649
2800,North Central,208,LK,Sri Lanka,7,province,8.1995638,80.6326916,2025-05-20 19:18:29.649,1,2025-05-20 19:18:29.649,1,,-05:00:00,-05:00:00,2025-05-20 19:18:29.649,2025-05-20 19:18:29.649
2817,North Western,208,LK,Sri Lanka,6,province,7.7584091,80.1875065,2025-05-20 19:18:29.649,1,2025-05-20 19:18:29.649,1,,-05:00:00,-05:00:00,2025-05-20 19:18:29.649,2025-05-20 19:18:29.649
2813,Northern,208,LK,Sri Lanka,4,province,9.3723833,79.8471377,2025-05-20 19:18:29.649,1,2025-05-20 19:18:29.649,1,,-05:00:00,-05:00:00,2025-05-20 19:18:29.649,2025-05-20 19:18:29.649
2794,Nuwara Eliya,208,LK,Sri Lanka,23,district,6.9606532,80.7692758,2025-05-20 19:18:29.649,1,2025-05-20 19:18:29.649,1,,-05:00:00,-05:00:00,2025-05-20 19:18:29.649,2025-05-20 19:18:29.649
2812,Polonnaruwa,208,LK,Sri Lanka,72,district,7.9395567,81.0003403,2025-05-20 19:18:29.649,1,2025-05-20 19:18:29.649,1,,-05:00:00,-05:00:00,2025-05-20 19:18:29.649,2025-05-20 19:18:29.649
2796,Puttalam,208,LK,Sri Lanka,62,district,8.0259915,79.8471272,2025-05-20 19:18:29.649,1,2025-05-20 19:18:29.649,1,,-05:00:00,-05:00:00,2025-05-20 19:18:29.649,2025-05-20 19:18:29.649
2807,Ratnapura,208,LK,Sri Lanka,91,district,6.7055168,80.3848389,2025-05-20 19:18:29.649,1,2025-05-20 19:18:29.649,1,,-05:00:00,-05:00:00,2025-05-20 19:18:29.649,2025-05-20 19:18:29.649
2803,Sabaragamuwa,208,LK,Sri Lanka,9,province,6.7395941,80.365865,2025-05-20 19:18:29.649,1,2025-05-20 19:18:29.649,1,,-05:00:00,-05:00:00,2025-05-20 19:18:29.649,2025-05-20 19:18:29.649
2801,Southern,208,LK,Sri Lanka,3,province,6.250365,79.5250388,2025-05-20 19:18:29.649,1,2025-05-20 19:18:29.649,1,,-05:00:00,-05:00:00,2025-05-20 19:18:29.649,2025-05-20 19:18:29.649
2795,Trincomalee,208,LK,Sri Lanka,53,district,8.6013069,81.1196075,2025-05-20 19:18:29.649,1,2025-05-20 19:18:29.649,1,,-05:00:00,-05:00:00,2025-05-20 19:18:29.649,2025-05-20 19:18:29.649
2811,Uva,208,LK,Sri Lanka,8,province,6.8427612,81.3399414,2025-05-20 19:18:29.649,1,2025-05-20 19:18:29.649,1,,-05:00:00,-05:00:00,2025-05-20 19:18:29.649,2025-05-20 19:18:29.649
2809,Vavuniya,208,LK,Sri Lanka,44,district,8.7594739,80.5000334,2025-05-20 19:18:29.649,1,2025-05-20 19:18:29.649,1,,-05:00:00,-05:00:00,2025-05-20 19:18:29.649,2025-05-20 19:18:29.649
2802,Western,208,LK,Sri Lanka,1,province,6.828235,79.7686403,2025-05-20 19:18:29.649,1,2025-05-20 19:18:29.649,1,,-05:00:00,-05:00:00,2025-05-20 19:18:29.649,2025-05-20 19:18:29.649
885,Al Jazirah,209,SD,Sudan,GZ,state,14.8859611,33.438353,2025-05-20 19:18:29.649,1,2025-05-20 19:18:29.649,1,,-05:00:00,-05:00:00,2025-05-20 19:18:29.649,2025-05-20 19:18:29.649
886,Al Qadarif,209,SD,Sudan,GD,state,14.024307,35.3685679,2025-05-20 19:18:29.649,1,2025-05-20 19:18:29.649,1,,-05:00:00,-05:00:00,2025-05-20 19:18:29.649,2025-05-20 19:18:29.649
887,Blue Nile,209,SD,Sudan,NB,state,47.598673,-122.334419,2025-05-20 19:18:29.649,1,2025-05-20 19:18:29.649,1,,-05:00:00,-05:00:00,2025-05-20 19:18:29.649,2025-05-20 19:18:29.649
896,Central Darfur,209,SD,Sudan,DC,state,12.2921282,22.3156145,2025-05-20 19:18:29.649,1,2025-05-20 19:18:29.649,1,,-05:00:00,-05:00:00,2025-05-20 19:18:29.649,2025-05-20 19:18:29.649
892,East Darfur,209,SD,Sudan,DE,state,11.2305474,25.1139704,2025-05-20 19:18:29.649,1,2025-05-20 19:18:29.649,1,,-05:00:00,-05:00:00,2025-05-20 19:18:29.649,2025-05-20 19:18:29.649
884,Kassala,209,SD,Sudan,KA,state,15.4581332,36.4039629,2025-05-20 19:18:29.649,1,2025-05-20 19:18:29.649,1,,-05:00:00,-05:00:00,2025-05-20 19:18:29.649,2025-05-20 19:18:29.649
881,Khartoum,209,SD,Sudan,KH,state,15.5006544,32.5598994,2025-05-20 19:18:29.649,1,2025-05-20 19:18:29.649,1,,-05:00:00,-05:00:00,2025-05-20 19:18:29.649,2025-05-20 19:18:29.649
890,North Darfur,209,SD,Sudan,DN,state,15.7661969,24.9042208,2025-05-20 19:18:29.649,1,2025-05-20 19:18:29.649,1,,-05:00:00,-05:00:00,2025-05-20 19:18:29.649,2025-05-20 19:18:29.649
893,North Kordofan,209,SD,Sudan,KN,state,13.8306441,29.4179324,2025-05-20 19:18:29.649,1,2025-05-20 19:18:29.649,1,,-05:00:00,-05:00:00,2025-05-20 19:18:29.649,2025-05-20 19:18:29.649
895,Northern,209,SD,Sudan,NO,state,38.063817,-84.4628648,2025-05-20 19:18:29.649,1,2025-05-20 19:18:29.649,1,,-05:00:00,-05:00:00,2025-05-20 19:18:29.649,2025-05-20 19:18:29.649
880,Red Sea,209,SD,Sudan,RS,state,20.280232,38.512573,2025-05-20 19:18:29.649,1,2025-05-20 19:18:29.649,1,,-05:00:00,-05:00:00,2025-05-20 19:18:29.649,2025-05-20 19:18:29.649
891,River Nile,209,SD,Sudan,NR,state,23.9727595,32.8749206,2025-05-20 19:18:29.649,1,2025-05-20 19:18:29.649,1,,-05:00:00,-05:00:00,2025-05-20 19:18:29.649,2025-05-20 19:18:29.649
882,Sennar,209,SD,Sudan,SI,state,13.567469,33.5672045,2025-05-20 19:18:29.649,1,2025-05-20 19:18:29.649,1,,-05:00:00,-05:00:00,2025-05-20 19:18:29.649,2025-05-20 19:18:29.649
894,South Darfur,209,SD,Sudan,DS,state,11.6488639,24.9042208,2025-05-20 19:18:29.649,1,2025-05-20 19:18:29.649,1,,-05:00:00,-05:00:00,2025-05-20 19:18:29.649,2025-05-20 19:18:29.649
883,South Kordofan,209,SD,Sudan,KS,state,11.2285315,29.5272754,2025-05-20 19:18:29.649,1,2025-05-20 19:18:29.649,1,,-05:00:00,-05:00:00,2025-05-20 19:18:29.649,2025-05-20 19:18:29.649
888,West Darfur,209,SD,Sudan,DW,state,12.8463561,23.0011989,2025-05-20 19:18:29.649,1,2025-05-20 19:18:29.649,1,,-05:00:00,-05:00:00,2025-05-20 19:18:29.649,2025-05-20 19:18:29.649
889,West Kordofan,209,SD,Sudan,GK,state,11.8575683,25.8814356,2025-05-20 19:18:29.649,1,2025-05-20 19:18:29.649,1,,-05:00:00,-05:00:00,2025-05-20 19:18:29.649,2025-05-20 19:18:29.649
879,White Nile,209,SD,Sudan,NW,state,9.3321516,31.46153,2025-05-20 19:18:29.649,1,2025-05-20 19:18:29.649,1,,-05:00:00,-05:00:00,2025-05-20 19:18:29.649,2025-05-20 19:18:29.649
2846,Brokopondo,210,SR,Suriname,BR,district,4.7710247,-55.0493375,2025-05-20 19:18:29.649,1,2025-05-20 19:18:29.649,1,,-05:00:00,-05:00:00,2025-05-20 19:18:29.649,2025-05-20 19:18:29.649
2839,Commewijne,210,SR,Suriname,CM,district,5.740211,-54.8731219,2025-05-20 19:18:29.649,1,2025-05-20 19:18:29.649,1,,-05:00:00,-05:00:00,2025-05-20 19:18:29.649,2025-05-20 19:18:29.649
2842,Coronie,210,SR,Suriname,CR,district,5.6943271,-56.2929381,2025-05-20 19:18:29.649,1,2025-05-20 19:18:29.649,1,,-05:00:00,-05:00:00,2025-05-20 19:18:29.649,2025-05-20 19:18:29.649
2845,Marowijne,210,SR,Suriname,MA,district,5.6268128,-54.2593118,2025-05-20 19:18:29.649,1,2025-05-20 19:18:29.649,1,,-05:00:00,-05:00:00,2025-05-20 19:18:29.649,2025-05-20 19:18:29.649
2840,Nickerie,210,SR,Suriname,NI,district,5.5855469,-56.8311117,2025-05-20 19:18:29.649,1,2025-05-20 19:18:29.649,1,,-05:00:00,-05:00:00,2025-05-20 19:18:29.649,2025-05-20 19:18:29.649
2841,Para,210,SR,Suriname,PR,district,5.4817318,-55.2259207,2025-05-20 19:18:29.649,1,2025-05-20 19:18:29.649,1,,-05:00:00,-05:00:00,2025-05-20 19:18:29.649,2025-05-20 19:18:29.649
2843,Paramaribo,210,SR,Suriname,PM,district,5.8520355,-55.2038278,2025-05-20 19:18:29.649,1,2025-05-20 19:18:29.649,1,,-05:00:00,-05:00:00,2025-05-20 19:18:29.649,2025-05-20 19:18:29.649
2848,Saramacca,210,SR,Suriname,SA,district,5.7240813,-55.6689636,2025-05-20 19:18:29.649,1,2025-05-20 19:18:29.649,1,,-05:00:00,-05:00:00,2025-05-20 19:18:29.649,2025-05-20 19:18:29.649
2847,Sipaliwini,210,SR,Suriname,SI,district,3.6567382,-56.2035387,2025-05-20 19:18:29.649,1,2025-05-20 19:18:29.649,1,,-05:00:00,-05:00:00,2025-05-20 19:18:29.649,2025-05-20 19:18:29.649
2844,Wanica,210,SR,Suriname,WA,district,5.7323762,-55.2701235,2025-05-20 19:18:29.649,1,2025-05-20 19:18:29.649,1,,-05:00:00,-05:00:00,2025-05-20 19:18:29.649,2025-05-20 19:18:29.649
1537,Blekinge,213,SE,Sweden,K,county,56.28333333,15.11666666,2025-05-20 19:18:29.649,1,2025-05-20 19:18:29.649,1,,-05:00:00,-05:00:00,2025-05-20 19:18:29.649,2025-05-20 19:18:29.649
1534,Dalarna,213,SE,Sweden,W,county,61.0917012,14.6663653,2025-05-20 19:18:29.649,1,2025-05-20 19:18:29.649,1,,-05:00:00,-05:00:00,2025-05-20 19:18:29.649,2025-05-20 19:18:29.649
1533,Gävleborg,213,SE,Sweden,X,county,61.3011993,16.1534214,2025-05-20 19:18:29.649,1,2025-05-20 19:18:29.649,1,,-05:00:00,-05:00:00,2025-05-20 19:18:29.649,2025-05-20 19:18:29.649
1546,Gotland,213,SE,Sweden,I,county,57.4684121,18.4867447,2025-05-20 19:18:29.649,1,2025-05-20 19:18:29.649,1,,-05:00:00,-05:00:00,2025-05-20 19:18:29.649,2025-05-20 19:18:29.649
1548,Halland,213,SE,Sweden,N,county,56.8966805,12.8033993,2025-05-20 19:18:29.649,1,2025-05-20 19:18:29.649,1,,-05:00:00,-05:00:00,2025-05-20 19:18:29.649,2025-05-20 19:18:29.649
5117,Jämtland,213,SE,Sweden,Z,county,63.283062,14.238281,2025-05-20 19:18:29.649,1,2025-05-20 19:18:29.649,1,,-05:00:00,-05:00:00,2025-05-20 19:18:29.649,2025-05-20 19:18:29.649
1550,Jönköping,213,SE,Sweden,F,county,57.3708434,14.3439174,2025-05-20 19:18:29.649,1,2025-05-20 19:18:29.649,1,,-05:00:00,-05:00:00,2025-05-20 19:18:29.649,2025-05-20 19:18:29.649
1544,Kalmar,213,SE,Sweden,H,county,57.2350156,16.1849349,2025-05-20 19:18:29.649,1,2025-05-20 19:18:29.649,1,,-05:00:00,-05:00:00,2025-05-20 19:18:29.649,2025-05-20 19:18:29.649
1542,Kronoberg,213,SE,Sweden,G,county,56.7183403,14.4114673,2025-05-20 19:18:29.649,1,2025-05-20 19:18:29.649,1,,-05:00:00,-05:00:00,2025-05-20 19:18:29.649,2025-05-20 19:18:29.649
1538,Norrbotten,213,SE,Sweden,BD,county,66.8309216,20.3991966,2025-05-20 19:18:29.649,1,2025-05-20 19:18:29.649,1,,-05:00:00,-05:00:00,2025-05-20 19:18:29.649,2025-05-20 19:18:29.649
1539,Örebro,213,SE,Sweden,T,county,59.535036,15.0065731,2025-05-20 19:18:29.649,1,2025-05-20 19:18:29.649,1,,-05:00:00,-05:00:00,2025-05-20 19:18:29.649,2025-05-20 19:18:29.649
1536,Östergötland,213,SE,Sweden,E,county,58.3453635,15.5197844,2025-05-20 19:18:29.649,1,2025-05-20 19:18:29.649,1,,-05:00:00,-05:00:00,2025-05-20 19:18:29.649,2025-05-20 19:18:29.649
1541,Skåne,213,SE,Sweden,M,county,55.9902572,13.5957692,2025-05-20 19:18:29.649,1,2025-05-20 19:18:29.649,1,,-05:00:00,-05:00:00,2025-05-20 19:18:29.649,2025-05-20 19:18:29.649
1540,Södermanland,213,SE,Sweden,D,county,59.0336349,16.7518899,2025-05-20 19:18:29.649,1,2025-05-20 19:18:29.649,1,,-05:00:00,-05:00:00,2025-05-20 19:18:29.649,2025-05-20 19:18:29.649
1551,Stockholm,213,SE,Sweden,AB,county,59.6024958,18.1384383,2025-05-20 19:18:29.649,1,2025-05-20 19:18:29.649,1,,-05:00:00,-05:00:00,2025-05-20 19:18:29.649,2025-05-20 19:18:29.649
1545,Uppsala,213,SE,Sweden,C,county,60.0092262,17.2714588,2025-05-20 19:18:29.649,1,2025-05-20 19:18:29.649,1,,-05:00:00,-05:00:00,2025-05-20 19:18:29.649,2025-05-20 19:18:29.649
1535,Värmland,213,SE,Sweden,S,county,59.7294065,13.2354024,2025-05-20 19:18:29.649,1,2025-05-20 19:18:29.649,1,,-05:00:00,-05:00:00,2025-05-20 19:18:29.649,2025-05-20 19:18:29.649
1543,Västerbotten,213,SE,Sweden,AC,county,65.3337311,16.5161694,2025-05-20 19:18:29.649,1,2025-05-20 19:18:29.649,1,,-05:00:00,-05:00:00,2025-05-20 19:18:29.649,2025-05-20 19:18:29.649
1552,Västernorrland,213,SE,Sweden,Y,county,63.4276473,17.7292444,2025-05-20 19:18:29.649,1,2025-05-20 19:18:29.649,1,,-05:00:00,-05:00:00,2025-05-20 19:18:29.649,2025-05-20 19:18:29.649
1549,Västmanland,213,SE,Sweden,U,county,59.6713879,16.2158953,2025-05-20 19:18:29.649,1,2025-05-20 19:18:29.649,1,,-05:00:00,-05:00:00,2025-05-20 19:18:29.649,2025-05-20 19:18:29.649
1547,Västra Götaland,213,SE,Sweden,O,county,58.2527926,13.0596425,2025-05-20 19:18:29.649,1,2025-05-20 19:18:29.649,1,,-05:00:00,-05:00:00,2025-05-20 19:18:29.649,2025-05-20 19:18:29.649
1639,Aargau,214,CH,Switzerland,AG,canton,47.3876664,8.2554295,2025-05-20 19:18:29.649,1,2025-05-20 19:18:29.649,1,,-05:00:00,-05:00:00,2025-05-20 19:18:29.649,2025-05-20 19:18:29.649
1655,Appenzell Ausserrhoden,214,CH,Switzerland,AR,canton,47.366481,9.3000916,2025-05-20 19:18:29.649,1,2025-05-20 19:18:29.649,1,,-05:00:00,-05:00:00,2025-05-20 19:18:29.649,2025-05-20 19:18:29.649
1649,Appenzell Innerrhoden,214,CH,Switzerland,AI,canton,47.3161925,9.4316573,2025-05-20 19:18:29.649,1,2025-05-20 19:18:29.649,1,,-05:00:00,-05:00:00,2025-05-20 19:18:29.649,2025-05-20 19:18:29.649
1641,Basel-Land,214,CH,Switzerland,BL,canton,47.4418122,7.7644002,2025-05-20 19:18:29.649,1,2025-05-20 19:18:29.649,1,,-05:00:00,-05:00:00,2025-05-20 19:18:29.649,2025-05-20 19:18:29.649
4957,Basel-Stadt,214,CH,Switzerland,BS,canton,47.566667,7.6,2025-05-20 19:18:29.649,1,2025-05-20 19:18:29.649,1,,-05:00:00,-05:00:00,2025-05-20 19:18:29.649,2025-05-20 19:18:29.649
1645,Bern,214,CH,Switzerland,BE,canton,46.7988621,7.7080701,2025-05-20 19:18:29.649,1,2025-05-20 19:18:29.649,1,,-05:00:00,-05:00:00,2025-05-20 19:18:29.649,2025-05-20 19:18:29.649
1640,Fribourg,214,CH,Switzerland,FR,canton,46.6816748,7.1172635,2025-05-20 19:18:29.649,1,2025-05-20 19:18:29.649,1,,-05:00:00,-05:00:00,2025-05-20 19:18:29.649,2025-05-20 19:18:29.649
1647,Geneva,214,CH,Switzerland,GE,canton,46.2180073,6.1216925,2025-05-20 19:18:29.649,1,2025-05-20 19:18:29.649,1,,-05:00:00,-05:00:00,2025-05-20 19:18:29.649,2025-05-20 19:18:29.649
1661,Glarus,214,CH,Switzerland,GL,canton,47.0411232,9.0679,2025-05-20 19:18:29.649,1,2025-05-20 19:18:29.649,1,,-05:00:00,-05:00:00,2025-05-20 19:18:29.649,2025-05-20 19:18:29.649
1660,Graubünden,214,CH,Switzerland,GR,canton,46.6569871,9.5780257,2025-05-20 19:18:29.649,1,2025-05-20 19:18:29.649,1,,-05:00:00,-05:00:00,2025-05-20 19:18:29.649,2025-05-20 19:18:29.649
1658,Jura,214,CH,Switzerland,JU,canton,47.3444474,7.1430608,2025-05-20 19:18:29.649,1,2025-05-20 19:18:29.649,1,,-05:00:00,-05:00:00,2025-05-20 19:18:29.649,2025-05-20 19:18:29.649
1663,Lucerne,214,CH,Switzerland,LU,canton,47.0795671,8.1662445,2025-05-20 19:18:29.649,1,2025-05-20 19:18:29.649,1,,-05:00:00,-05:00:00,2025-05-20 19:18:29.649,2025-05-20 19:18:29.649
1659,Neuchâtel,214,CH,Switzerland,NE,canton,46.9899874,6.9292732,2025-05-20 19:18:29.649,1,2025-05-20 19:18:29.649,1,,-05:00:00,-05:00:00,2025-05-20 19:18:29.649,2025-05-20 19:18:29.649
1652,Nidwalden,214,CH,Switzerland,NW,canton,46.9267016,8.3849982,2025-05-20 19:18:29.649,1,2025-05-20 19:18:29.649,1,,-05:00:00,-05:00:00,2025-05-20 19:18:29.649,2025-05-20 19:18:29.649
1650,Obwalden,214,CH,Switzerland,OW,canton,46.877858,8.251249,2025-05-20 19:18:29.649,1,2025-05-20 19:18:29.649,1,,-05:00:00,-05:00:00,2025-05-20 19:18:29.649,2025-05-20 19:18:29.649
1654,Schaffhausen,214,CH,Switzerland,SH,canton,47.7009364,8.568004,2025-05-20 19:18:29.649,1,2025-05-20 19:18:29.649,1,,-05:00:00,-05:00:00,2025-05-20 19:18:29.649,2025-05-20 19:18:29.649
1653,Schwyz,214,CH,Switzerland,SZ,canton,47.0207138,8.6529884,2025-05-20 19:18:29.649,1,2025-05-20 19:18:29.649,1,,-05:00:00,-05:00:00,2025-05-20 19:18:29.649,2025-05-20 19:18:29.649
1662,Solothurn,214,CH,Switzerland,SO,canton,47.3320717,7.6388385,2025-05-20 19:18:29.649,1,2025-05-20 19:18:29.649,1,,-05:00:00,-05:00:00,2025-05-20 19:18:29.649,2025-05-20 19:18:29.649
1644,St. Gallen,214,CH,Switzerland,SG,canton,47.1456254,9.3504332,2025-05-20 19:18:29.649,1,2025-05-20 19:18:29.649,1,,-05:00:00,-05:00:00,2025-05-20 19:18:29.649,2025-05-20 19:18:29.649
1657,Thurgau,214,CH,Switzerland,TG,canton,47.6037856,9.0557371,2025-05-20 19:18:29.649,1,2025-05-20 19:18:29.649,1,,-05:00:00,-05:00:00,2025-05-20 19:18:29.649,2025-05-20 19:18:29.649
1643,Ticino,214,CH,Switzerland,TI,canton,46.331734,8.8004529,2025-05-20 19:18:29.649,1,2025-05-20 19:18:29.649,1,,-05:00:00,-05:00:00,2025-05-20 19:18:29.649,2025-05-20 19:18:29.649
1642,Uri,214,CH,Switzerland,UR,canton,41.4860647,-71.5308537,2025-05-20 19:18:29.649,1,2025-05-20 19:18:29.649,1,,-05:00:00,-05:00:00,2025-05-20 19:18:29.649,2025-05-20 19:18:29.649
1648,Valais,214,CH,Switzerland,VS,canton,46.1904614,7.5449226,2025-05-20 19:18:29.649,1,2025-05-20 19:18:29.649,1,,-05:00:00,-05:00:00,2025-05-20 19:18:29.649,2025-05-20 19:18:29.649
1651,Vaud,214,CH,Switzerland,VD,canton,46.5613135,6.536765,2025-05-20 19:18:29.649,1,2025-05-20 19:18:29.649,1,,-05:00:00,-05:00:00,2025-05-20 19:18:29.649,2025-05-20 19:18:29.649
1646,Zug,214,CH,Switzerland,ZG,canton,47.1661505,8.5154749,2025-05-20 19:18:29.649,1,2025-05-20 19:18:29.649,1,,-05:00:00,-05:00:00,2025-05-20 19:18:29.649,2025-05-20 19:18:29.649
1656,Zürich,214,CH,Switzerland,ZH,canton,47.359536,8.6356452,2025-05-20 19:18:29.649,1,2025-05-20 19:18:29.649,1,,-05:00:00,-05:00:00,2025-05-20 19:18:29.649,2025-05-20 19:18:29.649
2941,Al-Hasakah,215,SY,Syria,HA,province,36.405515,40.7969149,2025-05-20 19:18:29.649,1,2025-05-20 19:18:29.649,1,,-05:00:00,-05:00:00,2025-05-20 19:18:29.649,2025-05-20 19:18:29.649
2944,Al-Raqqah,215,SY,Syria,RA,province,35.9594106,38.9981052,2025-05-20 19:18:29.649,1,2025-05-20 19:18:29.649,1,,-05:00:00,-05:00:00,2025-05-20 19:18:29.649,2025-05-20 19:18:29.649
2946,Aleppo,215,SY,Syria,HL,province,36.2262393,37.4681396,2025-05-20 19:18:29.649,1,2025-05-20 19:18:29.649,1,,-05:00:00,-05:00:00,2025-05-20 19:18:29.649,2025-05-20 19:18:29.649
2936,As-Suwayda,215,SY,Syria,SU,province,32.7989156,36.7819505,2025-05-20 19:18:29.649,1,2025-05-20 19:18:29.649,1,,-05:00:00,-05:00:00,2025-05-20 19:18:29.649,2025-05-20 19:18:29.649
2939,Damascus,215,SY,Syria,DI,province,33.5151444,36.3931354,2025-05-20 19:18:29.649,1,2025-05-20 19:18:29.649,1,,-05:00:00,-05:00:00,2025-05-20 19:18:29.649,2025-05-20 19:18:29.649
2945,Daraa,215,SY,Syria,DR,province,32.9248813,36.1762615,2025-05-20 19:18:29.649,1,2025-05-20 19:18:29.649,1,,-05:00:00,-05:00:00,2025-05-20 19:18:29.649,2025-05-20 19:18:29.649
2937,Deir ez-Zor,215,SY,Syria,DY,province,35.2879798,40.3088626,2025-05-20 19:18:29.649,1,2025-05-20 19:18:29.649,1,,-05:00:00,-05:00:00,2025-05-20 19:18:29.649,2025-05-20 19:18:29.649
2934,Hama,215,SY,Syria,HM,province,35.1887865,37.2115829,2025-05-20 19:18:29.649,1,2025-05-20 19:18:29.649,1,,-05:00:00,-05:00:00,2025-05-20 19:18:29.649,2025-05-20 19:18:29.649
2942,Homs,215,SY,Syria,HI,province,34.2567123,38.3165725,2025-05-20 19:18:29.649,1,2025-05-20 19:18:29.649,1,,-05:00:00,-05:00:00,2025-05-20 19:18:29.649,2025-05-20 19:18:29.649
2940,Idlib,215,SY,Syria,ID,province,35.8268798,36.6957216,2025-05-20 19:18:29.649,1,2025-05-20 19:18:29.649,1,,-05:00:00,-05:00:00,2025-05-20 19:18:29.649,2025-05-20 19:18:29.649
2938,Latakia,215,SY,Syria,LA,province,35.6129791,36.0023225,2025-05-20 19:18:29.649,1,2025-05-20 19:18:29.649,1,,-05:00:00,-05:00:00,2025-05-20 19:18:29.649,2025-05-20 19:18:29.649
2943,Quneitra,215,SY,Syria,QU,province,33.0776318,35.8934136,2025-05-20 19:18:29.649,1,2025-05-20 19:18:29.649,1,,-05:00:00,-05:00:00,2025-05-20 19:18:29.649,2025-05-20 19:18:29.649
2935,Rif Dimashq,215,SY,Syria,RD,province,33.5167289,36.954107,2025-05-20 19:18:29.649,1,2025-05-20 19:18:29.649,1,,-05:00:00,-05:00:00,2025-05-20 19:18:29.649,2025-05-20 19:18:29.649
2947,Tartus,215,SY,Syria,TA,province,35.0006652,36.0023225,2025-05-20 19:18:29.649,1,2025-05-20 19:18:29.649,1,,-05:00:00,-05:00:00,2025-05-20 19:18:29.649,2025-05-20 19:18:29.649
3404,Changhua,216,TW,Taiwan,CHA,county,24.0517963,120.5161352,2025-05-20 19:18:29.649,1,2025-05-20 19:18:29.649,1,,-05:00:00,-05:00:00,2025-05-20 19:18:29.649,2025-05-20 19:18:29.649
3408,Chiayi,216,TW,Taiwan,CYI,city,23.4518428,120.2554615,2025-05-20 19:18:29.649,1,2025-05-20 19:18:29.649,1,,-05:00:00,-05:00:00,2025-05-20 19:18:29.649,2025-05-20 19:18:29.649
3418,Chiayi,216,TW,Taiwan,CYQ,county,23.4800751,120.4491113,2025-05-20 19:18:29.649,1,2025-05-20 19:18:29.649,1,,-05:00:00,-05:00:00,2025-05-20 19:18:29.649,2025-05-20 19:18:29.649
3423,Hsinchu,216,TW,Taiwan,HSQ,county,24.8387226,121.0177246,2025-05-20 19:18:29.649,1,2025-05-20 19:18:29.649,1,,-05:00:00,-05:00:00,2025-05-20 19:18:29.649,2025-05-20 19:18:29.649
3417,Hsinchu,216,TW,Taiwan,HSZ,city,24.8138287,120.9674798,2025-05-20 19:18:29.649,1,2025-05-20 19:18:29.649,1,,-05:00:00,-05:00:00,2025-05-20 19:18:29.649,2025-05-20 19:18:29.649
3411,Hualien,216,TW,Taiwan,HUA,county,23.9871589,121.6015714,2025-05-20 19:18:29.649,1,2025-05-20 19:18:29.649,1,,-05:00:00,-05:00:00,2025-05-20 19:18:29.649,2025-05-20 19:18:29.649
3412,Kaohsiung,216,TW,Taiwan,KHH,special municipality,22.6272784,120.3014353,2025-05-20 19:18:29.649,1,2025-05-20 19:18:29.649,1,,-05:00:00,-05:00:00,2025-05-20 19:18:29.649,2025-05-20 19:18:29.649
4965,Keelung,216,TW,Taiwan,KEE,city,25.1241862,121.6475834,2025-05-20 19:18:29.649,1,2025-05-20 19:18:29.649,1,,-05:00:00,-05:00:00,2025-05-20 19:18:29.649,2025-05-20 19:18:29.649
3415,Kinmen,216,TW,Taiwan,KIN,county,24.3487792,118.3285644,2025-05-20 19:18:29.649,1,2025-05-20 19:18:29.649,1,,-05:00:00,-05:00:00,2025-05-20 19:18:29.649,2025-05-20 19:18:29.649
3420,Lienchiang,216,TW,Taiwan,LIE,county,26.1505556,119.9288889,2025-05-20 19:18:29.649,1,2025-05-20 19:18:29.649,1,,-05:00:00,-05:00:00,2025-05-20 19:18:29.649,2025-05-20 19:18:29.649
3413,Miaoli,216,TW,Taiwan,MIA,county,24.560159,120.8214265,2025-05-20 19:18:29.649,1,2025-05-20 19:18:29.649,1,,-05:00:00,-05:00:00,2025-05-20 19:18:29.649,2025-05-20 19:18:29.649
3407,Nantou,216,TW,Taiwan,NAN,county,23.9609981,120.9718638,2025-05-20 19:18:29.649,1,2025-05-20 19:18:29.649,1,,-05:00:00,-05:00:00,2025-05-20 19:18:29.649,2025-05-20 19:18:29.649
4966,New Taipei,216,TW,Taiwan,NWT,special municipality,24.9875278,121.3645947,2025-05-20 19:18:29.649,1,2025-05-20 19:18:29.649,1,,-05:00:00,-05:00:00,2025-05-20 19:18:29.649,2025-05-20 19:18:29.649
3403,Penghu,216,TW,Taiwan,PEN,county,23.5711899,119.5793157,2025-05-20 19:18:29.649,1,2025-05-20 19:18:29.649,1,,-05:00:00,-05:00:00,2025-05-20 19:18:29.649,2025-05-20 19:18:29.649
3405,Pingtung,216,TW,Taiwan,PIF,county,22.5519759,120.5487597,2025-05-20 19:18:29.649,1,2025-05-20 19:18:29.649,1,,-05:00:00,-05:00:00,2025-05-20 19:18:29.649,2025-05-20 19:18:29.649
3406,Taichung,216,TW,Taiwan,TXG,special municipality,24.1477358,120.6736482,2025-05-20 19:18:29.649,1,2025-05-20 19:18:29.649,1,,-05:00:00,-05:00:00,2025-05-20 19:18:29.649,2025-05-20 19:18:29.649
3421,Tainan,216,TW,Taiwan,TNN,special municipality,22.9997281,120.2270277,2025-05-20 19:18:29.649,1,2025-05-20 19:18:29.649,1,,-05:00:00,-05:00:00,2025-05-20 19:18:29.649,2025-05-20 19:18:29.649
3422,Taipei,216,TW,Taiwan,TPE,special municipality,25.0329694,121.5654177,2025-05-20 19:18:29.649,1,2025-05-20 19:18:29.649,1,,-05:00:00,-05:00:00,2025-05-20 19:18:29.649,2025-05-20 19:18:29.649
3410,Taitung,216,TW,Taiwan,TTT,county,22.7972447,121.0713702,2025-05-20 19:18:29.649,1,2025-05-20 19:18:29.649,1,,-05:00:00,-05:00:00,2025-05-20 19:18:29.649,2025-05-20 19:18:29.649
3419,Taoyuan,216,TW,Taiwan,TAO,special municipality,24.9936281,121.3009798,2025-05-20 19:18:29.649,1,2025-05-20 19:18:29.649,1,,-05:00:00,-05:00:00,2025-05-20 19:18:29.649,2025-05-20 19:18:29.649
3402,Yilan,216,TW,Taiwan,ILA,county,24.7021073,121.7377502,2025-05-20 19:18:29.649,1,2025-05-20 19:18:29.649,1,,-05:00:00,-05:00:00,2025-05-20 19:18:29.649,2025-05-20 19:18:29.649
3416,Yunlin,216,TW,Taiwan,YUN,county,23.7092033,120.4313373,2025-05-20 19:18:29.649,1,2025-05-20 19:18:29.649,1,,-05:00:00,-05:00:00,2025-05-20 19:18:29.649,2025-05-20 19:18:29.649
3399,Gorno-Badakhshan,217,TJ,Tajikistan,GB,autonomous region,38.412732,73.087749,2025-05-20 19:18:29.649,1,2025-05-20 19:18:29.649,1,,-05:00:00,-05:00:00,2025-05-20 19:18:29.649,2025-05-20 19:18:29.649
3398,Khatlon,217,TJ,Tajikistan,KT,region,37.9113562,69.097023,2025-05-20 19:18:29.649,1,2025-05-20 19:18:29.649,1,,-05:00:00,-05:00:00,2025-05-20 19:18:29.649,2025-05-20 19:18:29.649
3397,Nohiyahoi Tobei Jumhurí ,217,TJ,Tajikistan,RA,districts under republic administration,39.0857902,70.2408325,2025-05-20 19:18:29.649,1,2025-05-20 19:18:29.649,1,,-05:00:00,-05:00:00,2025-05-20 19:18:29.649,2025-05-20 19:18:29.649
3400,Sughd ,217,TJ,Tajikistan,SU,region,39.5155326,69.097023,2025-05-20 19:18:29.649,1,2025-05-20 19:18:29.649,1,,-05:00:00,-05:00:00,2025-05-20 19:18:29.649,2025-05-20 19:18:29.649
1491,Arusha,218,TZ,Tanzania,1,region,-3.3869254,36.6829927,2025-05-20 19:18:29.649,1,2025-05-20 19:18:29.649,1,,-05:00:00,-05:00:00,2025-05-20 19:18:29.649,2025-05-20 19:18:29.649
1490,Dar es Salaam,218,TZ,Tanzania,2,region,-6.792354,39.2083284,2025-05-20 19:18:29.649,1,2025-05-20 19:18:29.649,1,,-05:00:00,-05:00:00,2025-05-20 19:18:29.649,2025-05-20 19:18:29.649
1466,Dodoma,218,TZ,Tanzania,3,region,-6.5738228,36.2630846,2025-05-20 19:18:29.649,1,2025-05-20 19:18:29.649,1,,-05:00:00,-05:00:00,2025-05-20 19:18:29.649,2025-05-20 19:18:29.649
1481,Geita,218,TZ,Tanzania,27,region,-2.8242257,32.2653887,2025-05-20 19:18:29.649,1,2025-05-20 19:18:29.649,1,,-05:00:00,-05:00:00,2025-05-20 19:18:29.649,2025-05-20 19:18:29.649
1489,Iringa,218,TZ,Tanzania,4,region,-7.7887442,35.5657862,2025-05-20 19:18:29.649,1,2025-05-20 19:18:29.649,1,,-05:00:00,-05:00:00,2025-05-20 19:18:29.649,2025-05-20 19:18:29.649
1465,Kagera,218,TZ,Tanzania,5,region,-1.3001115,31.2626366,2025-05-20 19:18:29.649,1,2025-05-20 19:18:29.649,1,,-05:00:00,-05:00:00,2025-05-20 19:18:29.649,2025-05-20 19:18:29.649
1482,Katavi,218,TZ,Tanzania,28,region,-6.3677125,31.2626366,2025-05-20 19:18:29.649,1,2025-05-20 19:18:29.649,1,,-05:00:00,-05:00:00,2025-05-20 19:18:29.649,2025-05-20 19:18:29.649
1478,Kigoma,218,TZ,Tanzania,8,region,-4.8824092,29.6615055,2025-05-20 19:18:29.649,1,2025-05-20 19:18:29.649,1,,-05:00:00,-05:00:00,2025-05-20 19:18:29.649,2025-05-20 19:18:29.649
1467,Kilimanjaro,218,TZ,Tanzania,9,region,-4.1336927,37.8087693,2025-05-20 19:18:29.649,1,2025-05-20 19:18:29.649,1,,-05:00:00,-05:00:00,2025-05-20 19:18:29.649,2025-05-20 19:18:29.649
1483,Lindi,218,TZ,Tanzania,12,region,-9.2343394,38.3165725,2025-05-20 19:18:29.649,1,2025-05-20 19:18:29.649,1,,-05:00:00,-05:00:00,2025-05-20 19:18:29.649,2025-05-20 19:18:29.649
1484,Manyara,218,TZ,Tanzania,26,region,-4.3150058,36.954107,2025-05-20 19:18:29.649,1,2025-05-20 19:18:29.649,1,,-05:00:00,-05:00:00,2025-05-20 19:18:29.649,2025-05-20 19:18:29.649
1468,Mara,218,TZ,Tanzania,13,region,-1.7753538,34.1531947,2025-05-20 19:18:29.649,1,2025-05-20 19:18:29.649,1,,-05:00:00,-05:00:00,2025-05-20 19:18:29.649,2025-05-20 19:18:29.649
4955,Mbeya,218,TZ,Tanzania,14,region,-8.2866112,32.8132537,2025-05-20 19:18:29.649,1,2025-05-20 19:18:29.649,1,,-05:00:00,-05:00:00,2025-05-20 19:18:29.649,2025-05-20 19:18:29.649
1470,Morogoro,218,TZ,Tanzania,16,region,-8.8137173,36.954107,2025-05-20 19:18:29.649,1,2025-05-20 19:18:29.649,1,,-05:00:00,-05:00:00,2025-05-20 19:18:29.649,2025-05-20 19:18:29.649
1476,Mtwara,218,TZ,Tanzania,17,region,-10.3398455,40.1657466,2025-05-20 19:18:29.649,1,2025-05-20 19:18:29.649,1,,-05:00:00,-05:00:00,2025-05-20 19:18:29.649,2025-05-20 19:18:29.649
1479,Mwanza,218,TZ,Tanzania,18,region,-2.4450108,32.1578542,2025-05-20 19:18:29.649,1,2025-05-20 19:18:29.649,1,,-05:00:00,-05:00:00,2025-05-20 19:18:29.649,2025-05-20 19:18:29.649
1480,Njombe,218,TZ,Tanzania,29,region,-9.2422632,35.1268781,2025-05-20 19:18:29.649,1,2025-05-20 19:18:29.649,1,,-05:00:00,-05:00:00,2025-05-20 19:18:29.649,2025-05-20 19:18:29.649
1488,Pemba North,218,TZ,Tanzania,6,region,-5.0319352,39.7755571,2025-05-20 19:18:29.649,1,2025-05-20 19:18:29.649,1,,-05:00:00,-05:00:00,2025-05-20 19:18:29.649,2025-05-20 19:18:29.649
1472,Pemba South,218,TZ,Tanzania,10,region,-5.3146961,39.7549511,2025-05-20 19:18:29.649,1,2025-05-20 19:18:29.649,1,,-05:00:00,-05:00:00,2025-05-20 19:18:29.649,2025-05-20 19:18:29.649
1485,Pwani,218,TZ,Tanzania,19,region,-7.3237714,38.8205454,2025-05-20 19:18:29.649,1,2025-05-20 19:18:29.649,1,,-05:00:00,-05:00:00,2025-05-20 19:18:29.649,2025-05-20 19:18:29.649
1477,Rukwa,218,TZ,Tanzania,20,region,-8.0109444,31.4456179,2025-05-20 19:18:29.649,1,2025-05-20 19:18:29.649,1,,-05:00:00,-05:00:00,2025-05-20 19:18:29.649,2025-05-20 19:18:29.649
1486,Ruvuma,218,TZ,Tanzania,21,region,-10.6878717,36.2630846,2025-05-20 19:18:29.649,1,2025-05-20 19:18:29.649,1,,-05:00:00,-05:00:00,2025-05-20 19:18:29.649,2025-05-20 19:18:29.649
1463,Shinyanga,218,TZ,Tanzania,22,region,-3.6809961,33.4271403,2025-05-20 19:18:29.649,1,2025-05-20 19:18:29.649,1,,-05:00:00,-05:00:00,2025-05-20 19:18:29.649,2025-05-20 19:18:29.649
1464,Simiyu,218,TZ,Tanzania,30,region,-2.8308738,34.1531947,2025-05-20 19:18:29.649,1,2025-05-20 19:18:29.649,1,,-05:00:00,-05:00:00,2025-05-20 19:18:29.649,2025-05-20 19:18:29.649
1474,Singida,218,TZ,Tanzania,23,region,-6.7453352,34.1531947,2025-05-20 19:18:29.649,1,2025-05-20 19:18:29.649,1,,-05:00:00,-05:00:00,2025-05-20 19:18:29.649,2025-05-20 19:18:29.649
4956,Songwe,218,TZ,Tanzania,31,region,-8.272612,31.7113174,2025-05-20 19:18:29.649,1,2025-05-20 19:18:29.649,1,,-05:00:00,-05:00:00,2025-05-20 19:18:29.649,2025-05-20 19:18:29.649
1469,Tabora,218,TZ,Tanzania,24,region,-5.0342138,32.8084496,2025-05-20 19:18:29.649,1,2025-05-20 19:18:29.649,1,,-05:00:00,-05:00:00,2025-05-20 19:18:29.649,2025-05-20 19:18:29.649
1487,Tanga,218,TZ,Tanzania,25,region,-5.3049789,38.3165725,2025-05-20 19:18:29.649,1,2025-05-20 19:18:29.649,1,,-05:00:00,-05:00:00,2025-05-20 19:18:29.649,2025-05-20 19:18:29.649
1473,Zanzibar North,218,TZ,Tanzania,7,region,-5.9395093,39.2791011,2025-05-20 19:18:29.649,1,2025-05-20 19:18:29.649,1,,-05:00:00,-05:00:00,2025-05-20 19:18:29.649,2025-05-20 19:18:29.649
1471,Zanzibar South,218,TZ,Tanzania,11,region,-6.2642851,39.4450281,2025-05-20 19:18:29.649,1,2025-05-20 19:18:29.649,1,,-05:00:00,-05:00:00,2025-05-20 19:18:29.649,2025-05-20 19:18:29.649
1475,Zanzibar West,218,TZ,Tanzania,15,region,-6.2298136,39.2583293,2025-05-20 19:18:29.649,1,2025-05-20 19:18:29.649,1,,-05:00:00,-05:00:00,2025-05-20 19:18:29.649,2025-05-20 19:18:29.649
3523,Amnat Charoen,219,TH,Thailand,37,province,15.8656783,104.6257774,2025-05-20 19:18:29.649,1,2025-05-20 19:18:29.649,1,,-05:00:00,-05:00:00,2025-05-20 19:18:29.649,2025-05-20 19:18:29.649
3519,Ang Thong,219,TH,Thailand,15,province,14.5896054,100.455052,2025-05-20 19:18:29.649,1,2025-05-20 19:18:29.649,1,,-05:00:00,-05:00:00,2025-05-20 19:18:29.649,2025-05-20 19:18:29.649
3554,Bangkok,219,TH,Thailand,10,metropolitan administration,13.7563309,100.5017651,2025-05-20 19:18:29.649,1,2025-05-20 19:18:29.649,1,,-05:00:00,-05:00:00,2025-05-20 19:18:29.649,2025-05-20 19:18:29.649
3533,Bueng Kan,219,TH,Thailand,38,province,18.3609104,103.6464463,2025-05-20 19:18:29.649,1,2025-05-20 19:18:29.649,1,,-05:00:00,-05:00:00,2025-05-20 19:18:29.649,2025-05-20 19:18:29.649
3534,Buri Ram,219,TH,Thailand,31,province,14.9951003,103.1115915,2025-05-20 19:18:29.649,1,2025-05-20 19:18:29.649,1,,-05:00:00,-05:00:00,2025-05-20 19:18:29.649,2025-05-20 19:18:29.649
3552,Chachoengsao,219,TH,Thailand,24,province,13.6904194,101.0779596,2025-05-20 19:18:29.649,1,2025-05-20 19:18:29.649,1,,-05:00:00,-05:00:00,2025-05-20 19:18:29.649,2025-05-20 19:18:29.649
3522,Chai Nat,219,TH,Thailand,18,province,15.1851971,100.125125,2025-05-20 19:18:29.649,1,2025-05-20 19:18:29.649,1,,-05:00:00,-05:00:00,2025-05-20 19:18:29.649,2025-05-20 19:18:29.649
4954,Chaiyaphum,219,TH,Thailand,36,province,16.0074974,101.6129172,2025-05-20 19:18:29.649,1,2025-05-20 19:18:29.649,1,,-05:00:00,-05:00:00,2025-05-20 19:18:29.649,2025-05-20 19:18:29.649
3486,Chanthaburi,219,TH,Thailand,22,province,12.6112485,102.1037806,2025-05-20 19:18:29.649,1,2025-05-20 19:18:29.649,1,,-05:00:00,-05:00:00,2025-05-20 19:18:29.649,2025-05-20 19:18:29.649
3491,Chiang Mai,219,TH,Thailand,50,province,18.7883439,98.9853008,2025-05-20 19:18:29.649,1,2025-05-20 19:18:29.649,1,,-05:00:00,-05:00:00,2025-05-20 19:18:29.649,2025-05-20 19:18:29.649
3498,Chiang Rai,219,TH,Thailand,57,province,19.9104798,99.840576,2025-05-20 19:18:29.649,1,2025-05-20 19:18:29.649,1,,-05:00:00,-05:00:00,2025-05-20 19:18:29.649,2025-05-20 19:18:29.649
3513,Chon Buri,219,TH,Thailand,20,province,13.3611431,100.9846717,2025-05-20 19:18:29.649,1,2025-05-20 19:18:29.649,1,,-05:00:00,-05:00:00,2025-05-20 19:18:29.649,2025-05-20 19:18:29.649
3526,Chumphon,219,TH,Thailand,86,province,10.4930496,99.1800199,2025-05-20 19:18:29.649,1,2025-05-20 19:18:29.649,1,,-05:00:00,-05:00:00,2025-05-20 19:18:29.649,2025-05-20 19:18:29.649
3550,Kalasin,219,TH,Thailand,46,province,16.438508,103.5060994,2025-05-20 19:18:29.649,1,2025-05-20 19:18:29.649,1,,-05:00:00,-05:00:00,2025-05-20 19:18:29.649,2025-05-20 19:18:29.649
3516,Kamphaeng Phet,219,TH,Thailand,62,province,16.4827798,99.5226618,2025-05-20 19:18:29.649,1,2025-05-20 19:18:29.649,1,,-05:00:00,-05:00:00,2025-05-20 19:18:29.649,2025-05-20 19:18:29.649
3511,Kanchanaburi,219,TH,Thailand,71,province,14.1011393,99.4179431,2025-05-20 19:18:29.649,1,2025-05-20 19:18:29.649,1,,-05:00:00,-05:00:00,2025-05-20 19:18:29.649,2025-05-20 19:18:29.649
3485,Khon Kaen,219,TH,Thailand,40,province,16.4321938,102.8236214,2025-05-20 19:18:29.649,1,2025-05-20 19:18:29.649,1,,-05:00:00,-05:00:00,2025-05-20 19:18:29.649,2025-05-20 19:18:29.649
3478,Krabi,219,TH,Thailand,81,province,8.0862997,98.9062835,2025-05-20 19:18:29.649,1,2025-05-20 19:18:29.649,1,,-05:00:00,-05:00:00,2025-05-20 19:18:29.649,2025-05-20 19:18:29.649
3544,Lampang,219,TH,Thailand,52,province,18.2855395,99.5127895,2025-05-20 19:18:29.649,1,2025-05-20 19:18:29.649,1,,-05:00:00,-05:00:00,2025-05-20 19:18:29.649,2025-05-20 19:18:29.649
3483,Lamphun,219,TH,Thailand,51,province,18.5744606,99.0087221,2025-05-20 19:18:29.649,1,2025-05-20 19:18:29.649,1,,-05:00:00,-05:00:00,2025-05-20 19:18:29.649,2025-05-20 19:18:29.649
3509,Loei,219,TH,Thailand,42,province,17.4860232,101.7223002,2025-05-20 19:18:29.649,1,2025-05-20 19:18:29.649,1,,-05:00:00,-05:00:00,2025-05-20 19:18:29.649,2025-05-20 19:18:29.649
3543,Lop Buri,219,TH,Thailand,16,province,14.7995081,100.6533706,2025-05-20 19:18:29.649,1,2025-05-20 19:18:29.649,1,,-05:00:00,-05:00:00,2025-05-20 19:18:29.649,2025-05-20 19:18:29.649
3505,Mae Hong Son,219,TH,Thailand,58,province,19.3020296,97.9654368,2025-05-20 19:18:29.649,1,2025-05-20 19:18:29.649,1,,-05:00:00,-05:00:00,2025-05-20 19:18:29.649,2025-05-20 19:18:29.649
3517,Maha Sarakham,219,TH,Thailand,44,province,16.0132015,103.1615169,2025-05-20 19:18:29.649,1,2025-05-20 19:18:29.649,1,,-05:00:00,-05:00:00,2025-05-20 19:18:29.649,2025-05-20 19:18:29.649
3546,Mukdahan,219,TH,Thailand,49,province,16.5435914,104.7024121,2025-05-20 19:18:29.649,1,2025-05-20 19:18:29.649,1,,-05:00:00,-05:00:00,2025-05-20 19:18:29.649,2025-05-20 19:18:29.649
3535,Nakhon Nayok,219,TH,Thailand,26,province,14.2069466,101.2130511,2025-05-20 19:18:29.649,1,2025-05-20 19:18:29.649,1,,-05:00:00,-05:00:00,2025-05-20 19:18:29.649,2025-05-20 19:18:29.649
3503,Nakhon Pathom,219,TH,Thailand,73,province,13.8140293,100.0372929,2025-05-20 19:18:29.649,1,2025-05-20 19:18:29.649,1,,-05:00:00,-05:00:00,2025-05-20 19:18:29.649,2025-05-20 19:18:29.649
3548,Nakhon Phanom,219,TH,Thailand,48,province,17.392039,104.7695508,2025-05-20 19:18:29.649,1,2025-05-20 19:18:29.649,1,,-05:00:00,-05:00:00,2025-05-20 19:18:29.649,2025-05-20 19:18:29.649
3497,Nakhon Ratchasima,219,TH,Thailand,30,province,14.9738493,102.083652,2025-05-20 19:18:29.649,1,2025-05-20 19:18:29.649,1,,-05:00:00,-05:00:00,2025-05-20 19:18:29.649,2025-05-20 19:18:29.649
3492,Nakhon Sawan,219,TH,Thailand,60,province,15.6987382,100.11996,2025-05-20 19:18:29.649,1,2025-05-20 19:18:29.649,1,,-05:00:00,-05:00:00,2025-05-20 19:18:29.649,2025-05-20 19:18:29.649
3520,Nakhon Si Thammarat,219,TH,Thailand,80,province,8.4324831,99.9599033,2025-05-20 19:18:29.649,1,2025-05-20 19:18:29.649,1,,-05:00:00,-05:00:00,2025-05-20 19:18:29.649,2025-05-20 19:18:29.649
3530,Nan,219,TH,Thailand,55,province,45.522208,-122.9863281,2025-05-20 19:18:29.649,1,2025-05-20 19:18:29.649,1,,-05:00:00,-05:00:00,2025-05-20 19:18:29.649,2025-05-20 19:18:29.649
3553,Narathiwat,219,TH,Thailand,96,province,6.4254607,101.8253143,2025-05-20 19:18:29.649,1,2025-05-20 19:18:29.649,1,,-05:00:00,-05:00:00,2025-05-20 19:18:29.649,2025-05-20 19:18:29.649
3480,Nong Bua Lam Phu,219,TH,Thailand,39,province,17.2218247,102.4260368,2025-05-20 19:18:29.649,1,2025-05-20 19:18:29.649,1,,-05:00:00,-05:00:00,2025-05-20 19:18:29.649,2025-05-20 19:18:29.649
3484,Nong Khai,219,TH,Thailand,43,province,17.8782803,102.7412638,2025-05-20 19:18:29.649,1,2025-05-20 19:18:29.649,1,,-05:00:00,-05:00:00,2025-05-20 19:18:29.649,2025-05-20 19:18:29.649
3495,Nonthaburi,219,TH,Thailand,12,province,13.8591084,100.5216508,2025-05-20 19:18:29.649,1,2025-05-20 19:18:29.649,1,,-05:00:00,-05:00:00,2025-05-20 19:18:29.649,2025-05-20 19:18:29.649
3500,Pathum Thani,219,TH,Thailand,13,province,14.0208391,100.5250276,2025-05-20 19:18:29.649,1,2025-05-20 19:18:29.649,1,,-05:00:00,-05:00:00,2025-05-20 19:18:29.649,2025-05-20 19:18:29.649
3540,Pattani,219,TH,Thailand,94,province,6.7618308,101.3232549,2025-05-20 19:18:29.649,1,2025-05-20 19:18:29.649,1,,-05:00:00,-05:00:00,2025-05-20 19:18:29.649,2025-05-20 19:18:29.649
3507,Pattaya,219,TH,Thailand,S,metropolitan administration,12.9235557,100.8824551,2025-05-20 19:18:29.649,1,2025-05-20 19:18:29.649,1,,-05:00:00,-05:00:00,2025-05-20 19:18:29.649,2025-05-20 19:18:29.649
3549,Phangnga,219,TH,Thailand,82,province,8.4501414,98.5255317,2025-05-20 19:18:29.649,1,2025-05-20 19:18:29.649,1,,-05:00:00,-05:00:00,2025-05-20 19:18:29.649,2025-05-20 19:18:29.649
3488,Phatthalung,219,TH,Thailand,93,province,7.6166823,100.0740231,2025-05-20 19:18:29.649,1,2025-05-20 19:18:29.649,1,,-05:00:00,-05:00:00,2025-05-20 19:18:29.649,2025-05-20 19:18:29.649
3538,Phayao,219,TH,Thailand,56,province,19.2154367,100.2023692,2025-05-20 19:18:29.649,1,2025-05-20 19:18:29.649,1,,-05:00:00,-05:00:00,2025-05-20 19:18:29.649,2025-05-20 19:18:29.649
3515,Phetchabun,219,TH,Thailand,67,province,16.301669,101.1192804,2025-05-20 19:18:29.649,1,2025-05-20 19:18:29.649,1,,-05:00:00,-05:00:00,2025-05-20 19:18:29.649,2025-05-20 19:18:29.649
3532,Phetchaburi,219,TH,Thailand,76,province,12.9649215,99.6425883,2025-05-20 19:18:29.649,1,2025-05-20 19:18:29.649,1,,-05:00:00,-05:00:00,2025-05-20 19:18:29.649,2025-05-20 19:18:29.649
3514,Phichit,219,TH,Thailand,66,province,16.2740876,100.3346991,2025-05-20 19:18:29.649,1,2025-05-20 19:18:29.649,1,,-05:00:00,-05:00:00,2025-05-20 19:18:29.649,2025-05-20 19:18:29.649
3506,Phitsanulok,219,TH,Thailand,65,province,16.8211238,100.2658516,2025-05-20 19:18:29.649,1,2025-05-20 19:18:29.649,1,,-05:00:00,-05:00:00,2025-05-20 19:18:29.649,2025-05-20 19:18:29.649
3494,Phra Nakhon Si Ayutthaya,219,TH,Thailand,14,province,14.3692325,100.5876634,2025-05-20 19:18:29.649,1,2025-05-20 19:18:29.649,1,,-05:00:00,-05:00:00,2025-05-20 19:18:29.649,2025-05-20 19:18:29.649
3528,Phrae,219,TH,Thailand,54,province,18.1445774,100.1402831,2025-05-20 19:18:29.649,1,2025-05-20 19:18:29.649,1,,-05:00:00,-05:00:00,2025-05-20 19:18:29.649,2025-05-20 19:18:29.649
3536,Phuket,219,TH,Thailand,83,province,7.8804479,98.3922504,2025-05-20 19:18:29.649,1,2025-05-20 19:18:29.649,1,,-05:00:00,-05:00:00,2025-05-20 19:18:29.649,2025-05-20 19:18:29.649
3542,Prachin Buri,219,TH,Thailand,25,province,14.0420699,101.6600874,2025-05-20 19:18:29.649,1,2025-05-20 19:18:29.649,1,,-05:00:00,-05:00:00,2025-05-20 19:18:29.649,2025-05-20 19:18:29.649
3508,Prachuap Khiri Khan,219,TH,Thailand,77,province,11.7938389,99.7957564,2025-05-20 19:18:29.649,1,2025-05-20 19:18:29.649,1,,-05:00:00,-05:00:00,2025-05-20 19:18:29.649,2025-05-20 19:18:29.649
3479,Ranong,219,TH,Thailand,85,province,9.9528702,98.6084641,2025-05-20 19:18:29.649,1,2025-05-20 19:18:29.649,1,,-05:00:00,-05:00:00,2025-05-20 19:18:29.649,2025-05-20 19:18:29.649
3499,Ratchaburi,219,TH,Thailand,70,province,13.5282893,99.8134211,2025-05-20 19:18:29.649,1,2025-05-20 19:18:29.649,1,,-05:00:00,-05:00:00,2025-05-20 19:18:29.649,2025-05-20 19:18:29.649
3518,Rayong,219,TH,Thailand,21,province,12.6813957,101.2816261,2025-05-20 19:18:29.649,1,2025-05-20 19:18:29.649,1,,-05:00:00,-05:00:00,2025-05-20 19:18:29.649,2025-05-20 19:18:29.649
3510,Roi Et,219,TH,Thailand,45,province,16.0538196,103.6520036,2025-05-20 19:18:29.649,1,2025-05-20 19:18:29.649,1,,-05:00:00,-05:00:00,2025-05-20 19:18:29.649,2025-05-20 19:18:29.649
3529,Sa Kaeo,219,TH,Thailand,27,province,13.824038,102.0645839,2025-05-20 19:18:29.649,1,2025-05-20 19:18:29.649,1,,-05:00:00,-05:00:00,2025-05-20 19:18:29.649,2025-05-20 19:18:29.649
3501,Sakon Nakhon,219,TH,Thailand,47,province,17.1664211,104.1486055,2025-05-20 19:18:29.649,1,2025-05-20 19:18:29.649,1,,-05:00:00,-05:00:00,2025-05-20 19:18:29.649,2025-05-20 19:18:29.649
3481,Samut Prakan,219,TH,Thailand,11,province,13.5990961,100.5998319,2025-05-20 19:18:29.649,1,2025-05-20 19:18:29.649,1,,-05:00:00,-05:00:00,2025-05-20 19:18:29.649,2025-05-20 19:18:29.649
3504,Samut Sakhon,219,TH,Thailand,74,province,13.5475216,100.2743956,2025-05-20 19:18:29.649,1,2025-05-20 19:18:29.649,1,,-05:00:00,-05:00:00,2025-05-20 19:18:29.649,2025-05-20 19:18:29.649
3502,Samut Songkhram,219,TH,Thailand,75,province,13.4098217,100.0022645,2025-05-20 19:18:29.649,1,2025-05-20 19:18:29.649,1,,-05:00:00,-05:00:00,2025-05-20 19:18:29.649,2025-05-20 19:18:29.649
3487,Saraburi,219,TH,Thailand,19,province,14.5289154,100.9101421,2025-05-20 19:18:29.649,1,2025-05-20 19:18:29.649,1,,-05:00:00,-05:00:00,2025-05-20 19:18:29.649,2025-05-20 19:18:29.649
3537,Satun,219,TH,Thailand,91,province,6.6238158,100.0673744,2025-05-20 19:18:29.649,1,2025-05-20 19:18:29.649,1,,-05:00:00,-05:00:00,2025-05-20 19:18:29.649,2025-05-20 19:18:29.649
3547,Si Sa Ket,219,TH,Thailand,33,province,15.1186009,104.3220095,2025-05-20 19:18:29.649,1,2025-05-20 19:18:29.649,1,,-05:00:00,-05:00:00,2025-05-20 19:18:29.649,2025-05-20 19:18:29.649
3490,Sing Buri,219,TH,Thailand,17,province,14.8936253,100.3967314,2025-05-20 19:18:29.649,1,2025-05-20 19:18:29.649,1,,-05:00:00,-05:00:00,2025-05-20 19:18:29.649,2025-05-20 19:18:29.649
3539,Songkhla,219,TH,Thailand,90,province,7.1897659,100.5953813,2025-05-20 19:18:29.649,1,2025-05-20 19:18:29.649,1,,-05:00:00,-05:00:00,2025-05-20 19:18:29.649,2025-05-20 19:18:29.649
3545,Sukhothai,219,TH,Thailand,64,province,43.6485556,-79.3746639,2025-05-20 19:18:29.649,1,2025-05-20 19:18:29.649,1,,-05:00:00,-05:00:00,2025-05-20 19:18:29.649,2025-05-20 19:18:29.649
3524,Suphan Buri,219,TH,Thailand,72,province,14.4744892,100.1177128,2025-05-20 19:18:29.649,1,2025-05-20 19:18:29.649,1,,-05:00:00,-05:00:00,2025-05-20 19:18:29.649,2025-05-20 19:18:29.649
3482,Surat Thani,219,TH,Thailand,84,province,9.1341949,99.3334198,2025-05-20 19:18:29.649,1,2025-05-20 19:18:29.649,1,,-05:00:00,-05:00:00,2025-05-20 19:18:29.649,2025-05-20 19:18:29.649
3531,Surin,219,TH,Thailand,32,province,37.0358271,-95.6276367,2025-05-20 19:18:29.649,1,2025-05-20 19:18:29.649,1,,-05:00:00,-05:00:00,2025-05-20 19:18:29.649,2025-05-20 19:18:29.649
3525,Tak,219,TH,Thailand,63,province,45.0299646,-93.1049815,2025-05-20 19:18:29.649,1,2025-05-20 19:18:29.649,1,,-05:00:00,-05:00:00,2025-05-20 19:18:29.649,2025-05-20 19:18:29.649
3541,Trang,219,TH,Thailand,92,province,7.5644833,99.6239334,2025-05-20 19:18:29.649,1,2025-05-20 19:18:29.649,1,,-05:00:00,-05:00:00,2025-05-20 19:18:29.649,2025-05-20 19:18:29.649
3496,Trat,219,TH,Thailand,23,province,12.2427563,102.5174734,2025-05-20 19:18:29.649,1,2025-05-20 19:18:29.649,1,,-05:00:00,-05:00:00,2025-05-20 19:18:29.649,2025-05-20 19:18:29.649
3512,Ubon Ratchathani,219,TH,Thailand,34,province,15.2448453,104.8472995,2025-05-20 19:18:29.649,1,2025-05-20 19:18:29.649,1,,-05:00:00,-05:00:00,2025-05-20 19:18:29.649,2025-05-20 19:18:29.649
3527,Udon Thani,219,TH,Thailand,41,province,17.3646969,102.8158924,2025-05-20 19:18:29.649,1,2025-05-20 19:18:29.649,1,,-05:00:00,-05:00:00,2025-05-20 19:18:29.649,2025-05-20 19:18:29.649
3551,Uthai Thani,219,TH,Thailand,61,province,15.3835001,100.0245527,2025-05-20 19:18:29.649,1,2025-05-20 19:18:29.649,1,,-05:00:00,-05:00:00,2025-05-20 19:18:29.649,2025-05-20 19:18:29.649
3489,Uttaradit,219,TH,Thailand,53,province,17.6200886,100.0992942,2025-05-20 19:18:29.649,1,2025-05-20 19:18:29.649,1,,-05:00:00,-05:00:00,2025-05-20 19:18:29.649,2025-05-20 19:18:29.649
3493,Yala,219,TH,Thailand,95,province,44.0579117,-123.1653848,2025-05-20 19:18:29.649,1,2025-05-20 19:18:29.649,1,,-05:00:00,-05:00:00,2025-05-20 19:18:29.649,2025-05-20 19:18:29.649
3521,Yasothon,219,TH,Thailand,35,province,15.792641,104.1452827,2025-05-20 19:18:29.649,1,2025-05-20 19:18:29.649,1,,-05:00:00,-05:00:00,2025-05-20 19:18:29.649,2025-05-20 19:18:29.649
3601,Acklins,17,BS,The Bahamas,AK,district,22.4510209,-74.3947065,2025-05-20 19:18:29.649,1,2025-05-20 19:18:29.649,1,,-05:00:00,-05:00:00,2025-05-20 19:18:29.649,2025-05-20 19:18:29.649
3628,Acklins and Crooked Islands,17,BS,The Bahamas,AC,district,22.5076424,-74.4417041,2025-05-20 19:18:29.649,1,2025-05-20 19:18:29.649,1,,-05:00:00,-05:00:00,2025-05-20 19:18:29.649,2025-05-20 19:18:29.649
3593,Berry Islands,17,BS,The Bahamas,BY,district,25.6250042,-77.8252203,2025-05-20 19:18:29.649,1,2025-05-20 19:18:29.649,1,,-05:00:00,-05:00:00,2025-05-20 19:18:29.649,2025-05-20 19:18:29.649
3629,Bimini,17,BS,The Bahamas,BI,district,24.6415325,-79.8506226,2025-05-20 19:18:29.649,1,2025-05-20 19:18:29.649,1,,-05:00:00,-05:00:00,2025-05-20 19:18:29.649,2025-05-20 19:18:29.649
3605,Black Point,17,BS,The Bahamas,BP,district,41.3951024,-71.4650556,2025-05-20 19:18:29.649,1,2025-05-20 19:18:29.649,1,,-05:00:00,-05:00:00,2025-05-20 19:18:29.649,2025-05-20 19:18:29.649
3611,Cat Island,17,BS,The Bahamas,CI,district,30.2280136,-89.1014933,2025-05-20 19:18:29.649,1,2025-05-20 19:18:29.649,1,,-05:00:00,-05:00:00,2025-05-20 19:18:29.649,2025-05-20 19:18:29.649
3603,Central Abaco,17,BS,The Bahamas,CO,district,26.3555029,-77.1485163,2025-05-20 19:18:29.649,1,2025-05-20 19:18:29.649,1,,-05:00:00,-05:00:00,2025-05-20 19:18:29.649,2025-05-20 19:18:29.649
3631,Central Andros,17,BS,The Bahamas,CS,district,24.4688482,-77.973865,2025-05-20 19:18:29.649,1,2025-05-20 19:18:29.649,1,,-05:00:00,-05:00:00,2025-05-20 19:18:29.649,2025-05-20 19:18:29.649
3596,Central Eleuthera,17,BS,The Bahamas,CE,district,25.1362037,-76.1435915,2025-05-20 19:18:29.649,1,2025-05-20 19:18:29.649,1,,-05:00:00,-05:00:00,2025-05-20 19:18:29.649,2025-05-20 19:18:29.649
3621,Crooked Island,17,BS,The Bahamas,CK,district,22.6390982,-74.006509,2025-05-20 19:18:29.649,1,2025-05-20 19:18:29.649,1,,-05:00:00,-05:00:00,2025-05-20 19:18:29.649,2025-05-20 19:18:29.649
3614,East Grand Bahama,17,BS,The Bahamas,EG,district,26.6582823,-78.2248291,2025-05-20 19:18:29.649,1,2025-05-20 19:18:29.649,1,,-05:00:00,-05:00:00,2025-05-20 19:18:29.649,2025-05-20 19:18:29.649
3612,Exuma,17,BS,The Bahamas,EX,district,23.6192598,-75.9695465,2025-05-20 19:18:29.649,1,2025-05-20 19:18:29.649,1,,-05:00:00,-05:00:00,2025-05-20 19:18:29.649,2025-05-20 19:18:29.649
3626,Freeport,17,BS,The Bahamas,FP,district,42.2966861,-89.6212271,2025-05-20 19:18:29.649,1,2025-05-20 19:18:29.649,1,,-05:00:00,-05:00:00,2025-05-20 19:18:29.649,2025-05-20 19:18:29.649
3619,Fresh Creek,17,BS,The Bahamas,FC,district,40.6543756,-73.8947939,2025-05-20 19:18:29.649,1,2025-05-20 19:18:29.649,1,,-05:00:00,-05:00:00,2025-05-20 19:18:29.649,2025-05-20 19:18:29.649
3597,Governor's Harbour,17,BS,The Bahamas,GH,district,25.1948096,-76.2439622,2025-05-20 19:18:29.649,1,2025-05-20 19:18:29.649,1,,-05:00:00,-05:00:00,2025-05-20 19:18:29.649,2025-05-20 19:18:29.649
3632,Grand Cay,17,BS,The Bahamas,GC,district,27.2162615,-78.3230559,2025-05-20 19:18:29.649,1,2025-05-20 19:18:29.649,1,,-05:00:00,-05:00:00,2025-05-20 19:18:29.649,2025-05-20 19:18:29.649
3595,Green Turtle Cay,17,BS,The Bahamas,GT,district,26.7747107,-77.3295708,2025-05-20 19:18:29.649,1,2025-05-20 19:18:29.649,1,,-05:00:00,-05:00:00,2025-05-20 19:18:29.649,2025-05-20 19:18:29.649
3613,Harbour Island,17,BS,The Bahamas,HI,district,25.50011,-76.6340511,2025-05-20 19:18:29.649,1,2025-05-20 19:18:29.649,1,,-05:00:00,-05:00:00,2025-05-20 19:18:29.649,2025-05-20 19:18:29.649
3598,High Rock,17,BS,The Bahamas,HR,district,46.6843415,-121.9017461,2025-05-20 19:18:29.649,1,2025-05-20 19:18:29.649,1,,-05:00:00,-05:00:00,2025-05-20 19:18:29.649,2025-05-20 19:18:29.649
3624,Hope Town,17,BS,The Bahamas,HT,district,26.5009504,-76.9959872,2025-05-20 19:18:29.649,1,2025-05-20 19:18:29.649,1,,-05:00:00,-05:00:00,2025-05-20 19:18:29.649,2025-05-20 19:18:29.649
3609,Inagua,17,BS,The Bahamas,IN,district,21.0656066,-73.323708,2025-05-20 19:18:29.649,1,2025-05-20 19:18:29.649,1,,-05:00:00,-05:00:00,2025-05-20 19:18:29.649,2025-05-20 19:18:29.649
3618,Kemps Bay,17,BS,The Bahamas,KB,district,24.02364,-77.545349,2025-05-20 19:18:29.649,1,2025-05-20 19:18:29.649,1,,-05:00:00,-05:00:00,2025-05-20 19:18:29.649,2025-05-20 19:18:29.649
3610,Long Island,17,BS,The Bahamas,LI,district,40.789142,-73.134961,2025-05-20 19:18:29.649,1,2025-05-20 19:18:29.649,1,,-05:00:00,-05:00:00,2025-05-20 19:18:29.649,2025-05-20 19:18:29.649
3625,Mangrove Cay,17,BS,The Bahamas,MC,district,24.1481425,-77.7680952,2025-05-20 19:18:29.649,1,2025-05-20 19:18:29.649,1,,-05:00:00,-05:00:00,2025-05-20 19:18:29.649,2025-05-20 19:18:29.649
3604,Marsh Harbour,17,BS,The Bahamas,MH,district,26.5241653,-77.0909809,2025-05-20 19:18:29.649,1,2025-05-20 19:18:29.649,1,,-05:00:00,-05:00:00,2025-05-20 19:18:29.649,2025-05-20 19:18:29.649
3633,Mayaguana,17,BS,The Bahamas,MG,district,22.4017714,-73.0641396,2025-05-20 19:18:29.649,1,2025-05-20 19:18:29.649,1,,-05:00:00,-05:00:00,2025-05-20 19:18:29.649,2025-05-20 19:18:29.649
4881,New Providence,17,BS,The Bahamas,NP,island,40.6984348,-74.4015405,2025-05-20 19:18:29.649,1,2025-05-20 19:18:29.649,1,,-05:00:00,-05:00:00,2025-05-20 19:18:29.649,2025-05-20 19:18:29.649
3594,Nichollstown and Berry Islands,17,BS,The Bahamas,NB,district,25.7236234,-77.8310104,2025-05-20 19:18:29.649,1,2025-05-20 19:18:29.649,1,,-05:00:00,-05:00:00,2025-05-20 19:18:29.649,2025-05-20 19:18:29.649
3616,North Abaco,17,BS,The Bahamas,NO,district,26.7871697,-77.4357739,2025-05-20 19:18:29.649,1,2025-05-20 19:18:29.649,1,,-05:00:00,-05:00:00,2025-05-20 19:18:29.649,2025-05-20 19:18:29.649
3617,North Andros,17,BS,The Bahamas,NS,district,24.7063805,-78.0195387,2025-05-20 19:18:29.649,1,2025-05-20 19:18:29.649,1,,-05:00:00,-05:00:00,2025-05-20 19:18:29.649,2025-05-20 19:18:29.649
3602,North Eleuthera,17,BS,The Bahamas,NE,district,25.4647517,-76.675922,2025-05-20 19:18:29.649,1,2025-05-20 19:18:29.649,1,,-05:00:00,-05:00:00,2025-05-20 19:18:29.649,2025-05-20 19:18:29.649
3615,Ragged Island,17,BS,The Bahamas,RI,district,41.597431,-71.260202,2025-05-20 19:18:29.649,1,2025-05-20 19:18:29.649,1,,-05:00:00,-05:00:00,2025-05-20 19:18:29.649,2025-05-20 19:18:29.649
3623,Rock Sound,17,BS,The Bahamas,RS,district,39.0142443,-95.6708989,2025-05-20 19:18:29.649,1,2025-05-20 19:18:29.649,1,,-05:00:00,-05:00:00,2025-05-20 19:18:29.649,2025-05-20 19:18:29.649
3600,Rum Cay,17,BS,The Bahamas,RC,district,23.7458139,-75.290098,2025-05-20 19:18:29.649,1,2025-05-20 19:18:29.649,1,,-05:00:00,-05:00:00,2025-05-20 19:18:29.649,2025-05-20 19:18:29.649
3620,San Salvador and Rum Cay,17,BS,The Bahamas,SR,district,23.6854676,-74.8390162,2025-05-20 19:18:29.649,1,2025-05-20 19:18:29.649,1,,-05:00:00,-05:00:00,2025-05-20 19:18:29.649,2025-05-20 19:18:29.649
3627,San Salvador Island,17,BS,The Bahamas,SS,district,24.0775546,-74.4760088,2025-05-20 19:18:29.649,1,2025-05-20 19:18:29.649,1,,-05:00:00,-05:00:00,2025-05-20 19:18:29.649,2025-05-20 19:18:29.649
3606,Sandy Point,17,BS,The Bahamas,SP,district,39.0145464,-76.3998925,2025-05-20 19:18:29.649,1,2025-05-20 19:18:29.649,1,,-05:00:00,-05:00:00,2025-05-20 19:18:29.649,2025-05-20 19:18:29.649
3608,South Abaco,17,BS,The Bahamas,SO,district,26.0640591,-77.2635038,2025-05-20 19:18:29.649,1,2025-05-20 19:18:29.649,1,,-05:00:00,-05:00:00,2025-05-20 19:18:29.649,2025-05-20 19:18:29.649
3622,South Andros,17,BS,The Bahamas,SA,district,23.9713556,-77.6077865,2025-05-20 19:18:29.649,1,2025-05-20 19:18:29.649,1,,-05:00:00,-05:00:00,2025-05-20 19:18:29.649,2025-05-20 19:18:29.649
3607,South Eleuthera,17,BS,The Bahamas,SE,district,24.7708562,-76.2131474,2025-05-20 19:18:29.649,1,2025-05-20 19:18:29.649,1,,-05:00:00,-05:00:00,2025-05-20 19:18:29.649,2025-05-20 19:18:29.649
3630,Spanish Wells,17,BS,The Bahamas,SW,district,26.3250599,-81.7980328,2025-05-20 19:18:29.649,1,2025-05-20 19:18:29.649,1,,-05:00:00,-05:00:00,2025-05-20 19:18:29.649,2025-05-20 19:18:29.649
3599,West Grand Bahama,17,BS,The Bahamas,WG,district,26.659447,-78.52065,2025-05-20 19:18:29.649,1,2025-05-20 19:18:29.649,1,,-05:00:00,-05:00:00,2025-05-20 19:18:29.649,2025-05-20 19:18:29.649
2666,Banjul,80,GM,The Gambia ,B,city,13.4548761,-16.5790323,2025-05-20 19:18:29.649,1,2025-05-20 19:18:29.649,1,,-05:00:00,-05:00:00,2025-05-20 19:18:29.649,2025-05-20 19:18:29.649
2669,Central River,80,GM,The Gambia ,M,division,13.5994469,-14.8921668,2025-05-20 19:18:29.649,1,2025-05-20 19:18:29.649,1,,-05:00:00,-05:00:00,2025-05-20 19:18:29.649,2025-05-20 19:18:29.649
2670,Lower River,80,GM,The Gambia ,L,division,13.3553306,-15.92299,2025-05-20 19:18:29.649,1,2025-05-20 19:18:29.649,1,,-05:00:00,-05:00:00,2025-05-20 19:18:29.649,2025-05-20 19:18:29.649
2671,North Bank,80,GM,The Gambia ,N,division,13.5285436,-16.0169971,2025-05-20 19:18:29.649,1,2025-05-20 19:18:29.649,1,,-05:00:00,-05:00:00,2025-05-20 19:18:29.649,2025-05-20 19:18:29.649
2668,Upper River,80,GM,The Gambia ,U,division,13.4257366,-14.0072348,2025-05-20 19:18:29.649,1,2025-05-20 19:18:29.649,1,,-05:00:00,-05:00:00,2025-05-20 19:18:29.649,2025-05-20 19:18:29.649
2667,West Coast,80,GM,The Gambia ,W,division,5.9772798,116.0754288,2025-05-20 19:18:29.649,1,2025-05-20 19:18:29.649,1,,-05:00:00,-05:00:00,2025-05-20 19:18:29.649,2025-05-20 19:18:29.649
4520,Aileu,63,TL,Timor-Leste,AL,municipality,-8.7043994,125.6095474,2025-05-20 19:18:29.649,1,2025-05-20 19:18:29.649,1,,-05:00:00,-05:00:00,2025-05-20 19:18:29.649,2025-05-20 19:18:29.649
4518,Ainaro,63,TL,Timor-Leste,AN,municipality,-9.0113171,125.5220012,2025-05-20 19:18:29.649,1,2025-05-20 19:18:29.649,1,,-05:00:00,-05:00:00,2025-05-20 19:18:29.649,2025-05-20 19:18:29.649
4521,Baucau,63,TL,Timor-Leste,BA,municipality,-8.4714308,126.4575991,2025-05-20 19:18:29.649,1,2025-05-20 19:18:29.649,1,,-05:00:00,-05:00:00,2025-05-20 19:18:29.649,2025-05-20 19:18:29.649
4525,Bobonaro,63,TL,Timor-Leste,BO,municipality,-8.9655406,125.2587964,2025-05-20 19:18:29.649,1,2025-05-20 19:18:29.649,1,,-05:00:00,-05:00:00,2025-05-20 19:18:29.649,2025-05-20 19:18:29.649
4522,Cova Lima,63,TL,Timor-Leste,CO,municipality,-9.2650375,125.2587964,2025-05-20 19:18:29.649,1,2025-05-20 19:18:29.649,1,,-05:00:00,-05:00:00,2025-05-20 19:18:29.649,2025-05-20 19:18:29.649
4524,Dili,63,TL,Timor-Leste,DI,municipality,-8.2449613,125.5876697,2025-05-20 19:18:29.649,1,2025-05-20 19:18:29.649,1,,-05:00:00,-05:00:00,2025-05-20 19:18:29.649,2025-05-20 19:18:29.649
4516,Ermera,63,TL,Timor-Leste,ER,municipality,-8.7524802,125.3987294,2025-05-20 19:18:29.649,1,2025-05-20 19:18:29.649,1,,-05:00:00,-05:00:00,2025-05-20 19:18:29.649,2025-05-20 19:18:29.649
4523,Lautém,63,TL,Timor-Leste,LA,municipality,-8.3642307,126.9043845,2025-05-20 19:18:29.649,1,2025-05-20 19:18:29.649,1,,-05:00:00,-05:00:00,2025-05-20 19:18:29.649,2025-05-20 19:18:29.649
4515,Liquiçá,63,TL,Timor-Leste,LI,municipality,-8.6674095,125.2587964,2025-05-20 19:18:29.649,1,2025-05-20 19:18:29.649,1,,-05:00:00,-05:00:00,2025-05-20 19:18:29.649,2025-05-20 19:18:29.649
4517,Manatuto,63,TL,Timor-Leste,MT,municipality,-8.5155608,126.0159255,2025-05-20 19:18:29.649,1,2025-05-20 19:18:29.649,1,,-05:00:00,-05:00:00,2025-05-20 19:18:29.649,2025-05-20 19:18:29.649
4519,Manufahi,63,TL,Timor-Leste,MF,municipality,-9.0145495,125.8279959,2025-05-20 19:18:29.649,1,2025-05-20 19:18:29.649,1,,-05:00:00,-05:00:00,2025-05-20 19:18:29.649,2025-05-20 19:18:29.649
4514,Viqueque,63,TL,Timor-Leste,VI,municipality,-8.8597918,126.3633516,2025-05-20 19:18:29.649,1,2025-05-20 19:18:29.649,1,,-05:00:00,-05:00:00,2025-05-20 19:18:29.649,2025-05-20 19:18:29.649
2575,Centrale,220,TG,Togo,C,region,8.6586029,1.0586135,2025-05-20 19:18:29.649,1,2025-05-20 19:18:29.649,1,,-05:00:00,-05:00:00,2025-05-20 19:18:29.649,2025-05-20 19:18:29.649
2579,Kara,220,TG,Togo,K,region,9.7216393,1.0586135,2025-05-20 19:18:29.649,1,2025-05-20 19:18:29.649,1,,-05:00:00,-05:00:00,2025-05-20 19:18:29.649,2025-05-20 19:18:29.649
2576,Maritime,220,TG,Togo,M,region,41.6551493,-83.5278467,2025-05-20 19:18:29.649,1,2025-05-20 19:18:29.649,1,,-05:00:00,-05:00:00,2025-05-20 19:18:29.649,2025-05-20 19:18:29.649
2577,Plateaux,220,TG,Togo,P,region,7.6101378,1.0586135,2025-05-20 19:18:29.649,1,2025-05-20 19:18:29.649,1,,-05:00:00,-05:00:00,2025-05-20 19:18:29.649,2025-05-20 19:18:29.649
2578,Savanes,220,TG,Togo,S,region,10.5291781,0.5257823,2025-05-20 19:18:29.649,1,2025-05-20 19:18:29.649,1,,-05:00:00,-05:00:00,2025-05-20 19:18:29.649,2025-05-20 19:18:29.649
3913,Haʻapai,222,TO,Tonga,2,division,-19.75,-174.366667,2025-05-20 19:18:29.649,1,2025-05-20 19:18:29.649,1,,-05:00:00,-05:00:00,2025-05-20 19:18:29.649,2025-05-20 19:18:29.649
3915,ʻEua,222,TO,Tonga,1,division,-21.3704146,-175.020129,2025-05-20 19:18:29.649,1,2025-05-20 19:18:29.649,1,,-05:00:00,-05:00:00,2025-05-20 19:18:29.649,2025-05-20 19:18:29.649
3914,Niuas,222,TO,Tonga,3,division,-15.9594,-173.783,2025-05-20 19:18:29.649,1,2025-05-20 19:18:29.649,1,,-05:00:00,-05:00:00,2025-05-20 19:18:29.649,2025-05-20 19:18:29.649
3912,Tongatapu,222,TO,Tonga,4,division,-21.1465968,-175.2515482,2025-05-20 19:18:29.649,1,2025-05-20 19:18:29.649,1,,-05:00:00,-05:00:00,2025-05-20 19:18:29.649,2025-05-20 19:18:29.649
3911,Vavaʻu,222,TO,Tonga,5,division,-18.622756,-173.9902982,2025-05-20 19:18:29.649,1,2025-05-20 19:18:29.649,1,,-05:00:00,-05:00:00,2025-05-20 19:18:29.649,2025-05-20 19:18:29.649
3362,Arima,223,TT,Trinidad and Tobago,ARI,borough,46.7931604,-71.2584311,2025-05-20 19:18:29.649,1,2025-05-20 19:18:29.649,1,,-05:00:00,-05:00:00,2025-05-20 19:18:29.649,2025-05-20 19:18:29.649
3366,Chaguanas,223,TT,Trinidad and Tobago,CHA,borough,10.5168387,-61.4114482,2025-05-20 19:18:29.649,1,2025-05-20 19:18:29.649,1,,-05:00:00,-05:00:00,2025-05-20 19:18:29.649,2025-05-20 19:18:29.649
3354,Couva-Tabaquite-Talparo,223,TT,Trinidad and Tobago,CTT,region,10.4297145,-61.373521,2025-05-20 19:18:29.649,1,2025-05-20 19:18:29.649,1,,-05:00:00,-05:00:00,2025-05-20 19:18:29.649,2025-05-20 19:18:29.649
3367,Diego Martin,223,TT,Trinidad and Tobago,DMN,region,10.7362286,-61.5544836,2025-05-20 19:18:29.649,1,2025-05-20 19:18:29.649,1,,-05:00:00,-05:00:00,2025-05-20 19:18:29.649,2025-05-20 19:18:29.649
3355,Eastern Tobago,223,TT,Trinidad and Tobago,ETO,region,11.2979348,-60.5588524,2025-05-20 19:18:29.649,1,2025-05-20 19:18:29.649,1,,-05:00:00,-05:00:00,2025-05-20 19:18:29.649,2025-05-20 19:18:29.649
3365,Penal-Debe,223,TT,Trinidad and Tobago,PED,region,10.1337402,-61.4435474,2025-05-20 19:18:29.649,1,2025-05-20 19:18:29.649,1,,-05:00:00,-05:00:00,2025-05-20 19:18:29.649,2025-05-20 19:18:29.649
3360,Point Fortin,223,TT,Trinidad and Tobago,PTF,borough,10.1702737,-61.6713386,2025-05-20 19:18:29.649,1,2025-05-20 19:18:29.649,1,,-05:00:00,-05:00:00,2025-05-20 19:18:29.649,2025-05-20 19:18:29.649
3363,Port of Spain,223,TT,Trinidad and Tobago,POS,city,10.6603196,-61.5085625,2025-05-20 19:18:29.649,1,2025-05-20 19:18:29.649,1,,-05:00:00,-05:00:00,2025-05-20 19:18:29.649,2025-05-20 19:18:29.649
3368,Princes Town,223,TT,Trinidad and Tobago,PRT,region,10.1786746,-61.2801996,2025-05-20 19:18:29.649,1,2025-05-20 19:18:29.649,1,,-05:00:00,-05:00:00,2025-05-20 19:18:29.649,2025-05-20 19:18:29.649
3356,Rio Claro-Mayaro,223,TT,Trinidad and Tobago,MRC,region,10.2412832,-61.0937206,2025-05-20 19:18:29.649,1,2025-05-20 19:18:29.649,1,,-05:00:00,-05:00:00,2025-05-20 19:18:29.649,2025-05-20 19:18:29.649
3359,San Fernando,223,TT,Trinidad and Tobago,SFO,region,34.2819461,-118.4389719,2025-05-20 19:18:29.649,1,2025-05-20 19:18:29.649,1,,-05:00:00,-05:00:00,2025-05-20 19:18:29.649,2025-05-20 19:18:29.649
3357,San Juan-Laventille,223,TT,Trinidad and Tobago,SJL,region,10.6908578,-61.4552213,2025-05-20 19:18:29.649,1,2025-05-20 19:18:29.649,1,,-05:00:00,-05:00:00,2025-05-20 19:18:29.649,2025-05-20 19:18:29.649
3361,Sangre Grande,223,TT,Trinidad and Tobago,SGE,region,10.5852939,-61.1315813,2025-05-20 19:18:29.649,1,2025-05-20 19:18:29.649,1,,-05:00:00,-05:00:00,2025-05-20 19:18:29.649,2025-05-20 19:18:29.649
3364,Siparia,223,TT,Trinidad and Tobago,SIP,region,10.1245626,-61.5603244,2025-05-20 19:18:29.649,1,2025-05-20 19:18:29.649,1,,-05:00:00,-05:00:00,2025-05-20 19:18:29.649,2025-05-20 19:18:29.649
3358,Tunapuna-Piarco,223,TT,Trinidad and Tobago,TUP,region,10.6859096,-61.3035248,2025-05-20 19:18:29.649,1,2025-05-20 19:18:29.649,1,,-05:00:00,-05:00:00,2025-05-20 19:18:29.649,2025-05-20 19:18:29.649
3353,Western Tobago,223,TT,Trinidad and Tobago,WTO,region,11.1897072,-60.7795452,2025-05-20 19:18:29.649,1,2025-05-20 19:18:29.649,1,,-05:00:00,-05:00:00,2025-05-20 19:18:29.649,2025-05-20 19:18:29.649
2550,Ariana,224,TN,Tunisia,12,governorate,36.9922751,10.1255164,2025-05-20 19:18:29.649,1,2025-05-20 19:18:29.649,1,,-05:00:00,-05:00:00,2025-05-20 19:18:29.649,2025-05-20 19:18:29.649
2572,Béja,224,TN,Tunisia,31,governorate,35.1722716,8.8307626,2025-05-20 19:18:29.649,1,2025-05-20 19:18:29.649,1,,-05:00:00,-05:00:00,2025-05-20 19:18:29.649,2025-05-20 19:18:29.649
2566,Ben Arous,224,TN,Tunisia,13,governorate,36.6435606,10.2151578,2025-05-20 19:18:29.649,1,2025-05-20 19:18:29.649,1,,-05:00:00,-05:00:00,2025-05-20 19:18:29.649,2025-05-20 19:18:29.649
2551,Bizerte,224,TN,Tunisia,23,governorate,37.1609397,9.634135,2025-05-20 19:18:29.649,1,2025-05-20 19:18:29.649,1,,-05:00:00,-05:00:00,2025-05-20 19:18:29.649,2025-05-20 19:18:29.649
2558,Gabès,224,TN,Tunisia,81,governorate,33.9459648,9.7232673,2025-05-20 19:18:29.649,1,2025-05-20 19:18:29.649,1,,-05:00:00,-05:00:00,2025-05-20 19:18:29.649,2025-05-20 19:18:29.649
2556,Gafsa,224,TN,Tunisia,71,governorate,34.3788505,8.6600586,2025-05-20 19:18:29.649,1,2025-05-20 19:18:29.649,1,,-05:00:00,-05:00:00,2025-05-20 19:18:29.649,2025-05-20 19:18:29.649
2552,Jendouba,224,TN,Tunisia,32,governorate,36.7181862,8.7481167,2025-05-20 19:18:29.649,1,2025-05-20 19:18:29.649,1,,-05:00:00,-05:00:00,2025-05-20 19:18:29.649,2025-05-20 19:18:29.649
2564,Kairouan,224,TN,Tunisia,41,governorate,35.6711663,10.1005469,2025-05-20 19:18:29.649,1,2025-05-20 19:18:29.649,1,,-05:00:00,-05:00:00,2025-05-20 19:18:29.649,2025-05-20 19:18:29.649
2570,Kasserine,224,TN,Tunisia,42,governorate,35.0809148,8.6600586,2025-05-20 19:18:29.649,1,2025-05-20 19:18:29.649,1,,-05:00:00,-05:00:00,2025-05-20 19:18:29.649,2025-05-20 19:18:29.649
2562,Kebili,224,TN,Tunisia,73,governorate,33.7071551,8.9714623,2025-05-20 19:18:29.649,1,2025-05-20 19:18:29.649,1,,-05:00:00,-05:00:00,2025-05-20 19:18:29.649,2025-05-20 19:18:29.649
2561,Kef,224,TN,Tunisia,33,governorate,36.1230512,8.6600586,2025-05-20 19:18:29.649,1,2025-05-20 19:18:29.649,1,,-05:00:00,-05:00:00,2025-05-20 19:18:29.649,2025-05-20 19:18:29.649
2568,Mahdia,224,TN,Tunisia,53,governorate,35.3352558,10.8903099,2025-05-20 19:18:29.649,1,2025-05-20 19:18:29.649,1,,-05:00:00,-05:00:00,2025-05-20 19:18:29.649,2025-05-20 19:18:29.649
2555,Manouba,224,TN,Tunisia,14,governorate,36.8446504,9.8571416,2025-05-20 19:18:29.649,1,2025-05-20 19:18:29.649,1,,-05:00:00,-05:00:00,2025-05-20 19:18:29.649,2025-05-20 19:18:29.649
2560,Medenine,224,TN,Tunisia,82,governorate,33.2280565,10.8903099,2025-05-20 19:18:29.649,1,2025-05-20 19:18:29.649,1,,-05:00:00,-05:00:00,2025-05-20 19:18:29.649,2025-05-20 19:18:29.649
2553,Monastir,224,TN,Tunisia,52,governorate,35.7642515,10.8112885,2025-05-20 19:18:29.649,1,2025-05-20 19:18:29.649,1,,-05:00:00,-05:00:00,2025-05-20 19:18:29.649,2025-05-20 19:18:29.649
5116,Nabeul,224,TN,Tunisia,21,governorate,36.4524591,10.6803222,2025-05-20 19:18:29.649,1,2025-05-20 19:18:29.649,1,,-05:00:00,-05:00:00,2025-05-20 19:18:29.649,2025-05-20 19:18:29.649
2557,Sfax,224,TN,Tunisia,61,governorate,34.8606581,10.3497895,2025-05-20 19:18:29.649,1,2025-05-20 19:18:29.649,1,,-05:00:00,-05:00:00,2025-05-20 19:18:29.649,2025-05-20 19:18:29.649
2567,Sidi Bouzid,224,TN,Tunisia,43,governorate,35.0354386,9.4839392,2025-05-20 19:18:29.649,1,2025-05-20 19:18:29.649,1,,-05:00:00,-05:00:00,2025-05-20 19:18:29.649,2025-05-20 19:18:29.649
2563,Siliana,224,TN,Tunisia,34,governorate,36.0887208,9.3645335,2025-05-20 19:18:29.649,1,2025-05-20 19:18:29.649,1,,-05:00:00,-05:00:00,2025-05-20 19:18:29.649,2025-05-20 19:18:29.649
2571,Sousse,224,TN,Tunisia,51,governorate,35.9022267,10.3497895,2025-05-20 19:18:29.649,1,2025-05-20 19:18:29.649,1,,-05:00:00,-05:00:00,2025-05-20 19:18:29.649,2025-05-20 19:18:29.649
2559,Tataouine,224,TN,Tunisia,83,governorate,32.1344122,10.0807298,2025-05-20 19:18:29.649,1,2025-05-20 19:18:29.649,1,,-05:00:00,-05:00:00,2025-05-20 19:18:29.649,2025-05-20 19:18:29.649
2569,Tozeur,224,TN,Tunisia,72,governorate,33.9789491,8.0465185,2025-05-20 19:18:29.649,1,2025-05-20 19:18:29.649,1,,-05:00:00,-05:00:00,2025-05-20 19:18:29.649,2025-05-20 19:18:29.649
2554,Tunis,224,TN,Tunisia,11,governorate,36.8374946,10.1927389,2025-05-20 19:18:29.649,1,2025-05-20 19:18:29.649,1,,-05:00:00,-05:00:00,2025-05-20 19:18:29.649,2025-05-20 19:18:29.649
2565,Zaghouan,224,TN,Tunisia,22,governorate,36.4091188,10.1423172,2025-05-20 19:18:29.649,1,2025-05-20 19:18:29.649,1,,-05:00:00,-05:00:00,2025-05-20 19:18:29.649,2025-05-20 19:18:29.649
2212,Adana,225,TR,Turkey,1,province,37.2612315,35.3905046,2025-05-20 19:18:29.649,1,2025-05-20 19:18:29.649,1,,-05:00:00,-05:00:00,2025-05-20 19:18:29.649,2025-05-20 19:18:29.649
2155,Adıyaman,225,TR,Turkey,2,province,37.9078291,38.4849923,2025-05-20 19:18:29.649,1,2025-05-20 19:18:29.649,1,,-05:00:00,-05:00:00,2025-05-20 19:18:29.649,2025-05-20 19:18:29.649
2179,Afyonkarahisar,225,TR,Turkey,3,province,38.7391099,30.7120023,2025-05-20 19:18:29.649,1,2025-05-20 19:18:29.649,1,,-05:00:00,-05:00:00,2025-05-20 19:18:29.649,2025-05-20 19:18:29.649
2193,Ağrı,225,TR,Turkey,4,province,39.6269218,43.0215965,2025-05-20 19:18:29.649,1,2025-05-20 19:18:29.649,1,,-05:00:00,-05:00:00,2025-05-20 19:18:29.649,2025-05-20 19:18:29.649
2210,Aksaray,225,TR,Turkey,68,province,38.3352043,33.9750018,2025-05-20 19:18:29.649,1,2025-05-20 19:18:29.649,1,,-05:00:00,-05:00:00,2025-05-20 19:18:29.649,2025-05-20 19:18:29.649
2161,Amasya,225,TR,Turkey,5,province,40.6516608,35.9037966,2025-05-20 19:18:29.649,1,2025-05-20 19:18:29.649,1,,-05:00:00,-05:00:00,2025-05-20 19:18:29.649,2025-05-20 19:18:29.649
2217,Ankara,225,TR,Turkey,6,province,39.7805245,32.7181375,2025-05-20 19:18:29.649,1,2025-05-20 19:18:29.649,1,,-05:00:00,-05:00:00,2025-05-20 19:18:29.649,2025-05-20 19:18:29.649
2169,Antalya,225,TR,Turkey,7,province,37.0951672,31.0793705,2025-05-20 19:18:29.649,1,2025-05-20 19:18:29.649,1,,-05:00:00,-05:00:00,2025-05-20 19:18:29.649,2025-05-20 19:18:29.649
2185,Ardahan,225,TR,Turkey,75,province,41.1112964,42.7831674,2025-05-20 19:18:29.649,1,2025-05-20 19:18:29.649,1,,-05:00:00,-05:00:00,2025-05-20 19:18:29.649,2025-05-20 19:18:29.649
2191,Artvin,225,TR,Turkey,8,province,41.078664,41.7628223,2025-05-20 19:18:29.649,1,2025-05-20 19:18:29.649,1,,-05:00:00,-05:00:00,2025-05-20 19:18:29.649,2025-05-20 19:18:29.649
2187,Aydın,225,TR,Turkey,9,province,37.8117033,28.4863963,2025-05-20 19:18:29.649,1,2025-05-20 19:18:29.649,1,,-05:00:00,-05:00:00,2025-05-20 19:18:29.649,2025-05-20 19:18:29.649
2175,Balıkesir,225,TR,Turkey,10,province,39.7616782,28.1122679,2025-05-20 19:18:29.649,1,2025-05-20 19:18:29.649,1,,-05:00:00,-05:00:00,2025-05-20 19:18:29.649,2025-05-20 19:18:29.649
2148,Bartın,225,TR,Turkey,74,province,41.5810509,32.4609794,2025-05-20 19:18:29.649,1,2025-05-20 19:18:29.649,1,,-05:00:00,-05:00:00,2025-05-20 19:18:29.649,2025-05-20 19:18:29.649
2194,Batman,225,TR,Turkey,72,province,37.8362496,41.3605739,2025-05-20 19:18:29.649,1,2025-05-20 19:18:29.649,1,,-05:00:00,-05:00:00,2025-05-20 19:18:29.649,2025-05-20 19:18:29.649
2177,Bayburt,225,TR,Turkey,69,province,40.26032,40.228048,2025-05-20 19:18:29.649,1,2025-05-20 19:18:29.649,1,,-05:00:00,-05:00:00,2025-05-20 19:18:29.649,2025-05-20 19:18:29.649
2221,Bilecik,225,TR,Turkey,11,province,40.0566555,30.0665236,2025-05-20 19:18:29.649,1,2025-05-20 19:18:29.649,1,,-05:00:00,-05:00:00,2025-05-20 19:18:29.649,2025-05-20 19:18:29.649
2153,Bingöl,225,TR,Turkey,12,province,39.0626354,40.7696095,2025-05-20 19:18:29.649,1,2025-05-20 19:18:29.649,1,,-05:00:00,-05:00:00,2025-05-20 19:18:29.649,2025-05-20 19:18:29.649
2215,Bitlis,225,TR,Turkey,13,province,38.6523133,42.4202028,2025-05-20 19:18:29.649,1,2025-05-20 19:18:29.649,1,,-05:00:00,-05:00:00,2025-05-20 19:18:29.649,2025-05-20 19:18:29.649
2172,Bolu,225,TR,Turkey,14,province,40.5759766,31.5788086,2025-05-20 19:18:29.649,1,2025-05-20 19:18:29.649,1,,-05:00:00,-05:00:00,2025-05-20 19:18:29.649,2025-05-20 19:18:29.649
2209,Burdur,225,TR,Turkey,15,province,37.4612669,30.0665236,2025-05-20 19:18:29.649,1,2025-05-20 19:18:29.649,1,,-05:00:00,-05:00:00,2025-05-20 19:18:29.649,2025-05-20 19:18:29.649
2163,Bursa,225,TR,Turkey,16,province,40.0655459,29.2320784,2025-05-20 19:18:29.649,1,2025-05-20 19:18:29.649,1,,-05:00:00,-05:00:00,2025-05-20 19:18:29.649,2025-05-20 19:18:29.649
2216,Çanakkale,225,TR,Turkey,17,province,40.0510104,26.9852422,2025-05-20 19:18:29.649,1,2025-05-20 19:18:29.649,1,,-05:00:00,-05:00:00,2025-05-20 19:18:29.649,2025-05-20 19:18:29.649
2168,Çankırı,225,TR,Turkey,18,province,40.5369073,33.5883893,2025-05-20 19:18:29.649,1,2025-05-20 19:18:29.649,1,,-05:00:00,-05:00:00,2025-05-20 19:18:29.649,2025-05-20 19:18:29.649
2173,Çorum,225,TR,Turkey,19,province,40.4998211,34.5986263,2025-05-20 19:18:29.649,1,2025-05-20 19:18:29.649,1,,-05:00:00,-05:00:00,2025-05-20 19:18:29.649,2025-05-20 19:18:29.649
2157,Denizli,225,TR,Turkey,20,province,37.6128395,29.2320784,2025-05-20 19:18:29.649,1,2025-05-20 19:18:29.649,1,,-05:00:00,-05:00:00,2025-05-20 19:18:29.649,2025-05-20 19:18:29.649
2226,Diyarbakır,225,TR,Turkey,21,province,38.1066372,40.5426896,2025-05-20 19:18:29.649,1,2025-05-20 19:18:29.649,1,,-05:00:00,-05:00:00,2025-05-20 19:18:29.649,2025-05-20 19:18:29.649
2202,Düzce,225,TR,Turkey,81,province,40.8770531,31.3192713,2025-05-20 19:18:29.649,1,2025-05-20 19:18:29.649,1,,-05:00:00,-05:00:00,2025-05-20 19:18:29.649,2025-05-20 19:18:29.649
2151,Edirne,225,TR,Turkey,22,province,41.1517222,26.5137964,2025-05-20 19:18:29.649,1,2025-05-20 19:18:29.649,1,,-05:00:00,-05:00:00,2025-05-20 19:18:29.649,2025-05-20 19:18:29.649
2159,Elazığ,225,TR,Turkey,23,province,38.4964804,39.2199029,2025-05-20 19:18:29.649,1,2025-05-20 19:18:29.649,1,,-05:00:00,-05:00:00,2025-05-20 19:18:29.649,2025-05-20 19:18:29.649
2160,Erzincan,225,TR,Turkey,24,province,39.7681914,39.0501306,2025-05-20 19:18:29.649,1,2025-05-20 19:18:29.649,1,,-05:00:00,-05:00:00,2025-05-20 19:18:29.649,2025-05-20 19:18:29.649
2165,Erzurum,225,TR,Turkey,25,province,40.0746799,41.6694562,2025-05-20 19:18:29.649,1,2025-05-20 19:18:29.649,1,,-05:00:00,-05:00:00,2025-05-20 19:18:29.649,2025-05-20 19:18:29.649
2164,Eskişehir,225,TR,Turkey,26,province,39.6329657,31.2626366,2025-05-20 19:18:29.649,1,2025-05-20 19:18:29.649,1,,-05:00:00,-05:00:00,2025-05-20 19:18:29.649,2025-05-20 19:18:29.649
2203,Gaziantep,225,TR,Turkey,27,province,37.0763882,37.3827234,2025-05-20 19:18:29.649,1,2025-05-20 19:18:29.649,1,,-05:00:00,-05:00:00,2025-05-20 19:18:29.649,2025-05-20 19:18:29.649
2186,Giresun,225,TR,Turkey,28,province,40.6461672,38.5935511,2025-05-20 19:18:29.649,1,2025-05-20 19:18:29.649,1,,-05:00:00,-05:00:00,2025-05-20 19:18:29.649,2025-05-20 19:18:29.649
2204,Gümüşhane,225,TR,Turkey,29,province,40.2803673,39.3143253,2025-05-20 19:18:29.649,1,2025-05-20 19:18:29.649,1,,-05:00:00,-05:00:00,2025-05-20 19:18:29.649,2025-05-20 19:18:29.649
2190,Hakkâri,225,TR,Turkey,30,province,37.4459319,43.7449841,2025-05-20 19:18:29.649,1,2025-05-20 19:18:29.649,1,,-05:00:00,-05:00:00,2025-05-20 19:18:29.649,2025-05-20 19:18:29.649
2211,Hatay,225,TR,Turkey,31,province,36.4018488,36.3498097,2025-05-20 19:18:29.649,1,2025-05-20 19:18:29.649,1,,-05:00:00,-05:00:00,2025-05-20 19:18:29.649,2025-05-20 19:18:29.649
2166,Iğdır,225,TR,Turkey,76,province,39.8879841,44.0048365,2025-05-20 19:18:29.649,1,2025-05-20 19:18:29.649,1,,-05:00:00,-05:00:00,2025-05-20 19:18:29.649,2025-05-20 19:18:29.649
2222,Isparta,225,TR,Turkey,32,province,38.0211464,31.0793705,2025-05-20 19:18:29.649,1,2025-05-20 19:18:29.649,1,,-05:00:00,-05:00:00,2025-05-20 19:18:29.649,2025-05-20 19:18:29.649
2170,İstanbul,225,TR,Turkey,34,province,41.1634302,28.7664408,2025-05-20 19:18:29.649,1,2025-05-20 19:18:29.649,1,,-05:00:00,-05:00:00,2025-05-20 19:18:29.649,2025-05-20 19:18:29.649
2205,İzmir,225,TR,Turkey,35,province,38.3591693,27.2676116,2025-05-20 19:18:29.649,1,2025-05-20 19:18:29.649,1,,-05:00:00,-05:00:00,2025-05-20 19:18:29.649,2025-05-20 19:18:29.649
2227,Kahramanmaraş,225,TR,Turkey,46,province,37.7503036,36.954107,2025-05-20 19:18:29.649,1,2025-05-20 19:18:29.649,1,,-05:00:00,-05:00:00,2025-05-20 19:18:29.649,2025-05-20 19:18:29.649
2223,Karabük,225,TR,Turkey,78,province,41.187489,32.7417419,2025-05-20 19:18:29.649,1,2025-05-20 19:18:29.649,1,,-05:00:00,-05:00:00,2025-05-20 19:18:29.649,2025-05-20 19:18:29.649
2184,Karaman,225,TR,Turkey,70,province,37.2436336,33.617577,2025-05-20 19:18:29.649,1,2025-05-20 19:18:29.649,1,,-05:00:00,-05:00:00,2025-05-20 19:18:29.649,2025-05-20 19:18:29.649
2208,Kars,225,TR,Turkey,36,province,40.2807636,42.9919527,2025-05-20 19:18:29.649,1,2025-05-20 19:18:29.649,1,,-05:00:00,-05:00:00,2025-05-20 19:18:29.649,2025-05-20 19:18:29.649
2197,Kastamonu,225,TR,Turkey,37,province,41.4103863,33.6998334,2025-05-20 19:18:29.649,1,2025-05-20 19:18:29.649,1,,-05:00:00,-05:00:00,2025-05-20 19:18:29.649,2025-05-20 19:18:29.649
2200,Kayseri,225,TR,Turkey,38,province,38.6256854,35.7406882,2025-05-20 19:18:29.649,1,2025-05-20 19:18:29.649,1,,-05:00:00,-05:00:00,2025-05-20 19:18:29.649,2025-05-20 19:18:29.649
2154,Kilis,225,TR,Turkey,79,province,36.8204775,37.1687339,2025-05-20 19:18:29.649,1,2025-05-20 19:18:29.649,1,,-05:00:00,-05:00:00,2025-05-20 19:18:29.649,2025-05-20 19:18:29.649
2178,Kırıkkale,225,TR,Turkey,71,province,39.8876878,33.7555248,2025-05-20 19:18:29.649,1,2025-05-20 19:18:29.649,1,,-05:00:00,-05:00:00,2025-05-20 19:18:29.649,2025-05-20 19:18:29.649
2176,Kırklareli,225,TR,Turkey,39,province,41.7259795,27.483839,2025-05-20 19:18:29.649,1,2025-05-20 19:18:29.649,1,,-05:00:00,-05:00:00,2025-05-20 19:18:29.649,2025-05-20 19:18:29.649
2180,Kırşehir,225,TR,Turkey,40,province,39.2268905,33.9750018,2025-05-20 19:18:29.649,1,2025-05-20 19:18:29.649,1,,-05:00:00,-05:00:00,2025-05-20 19:18:29.649,2025-05-20 19:18:29.649
2195,Kocaeli,225,TR,Turkey,41,province,40.8532704,29.8815203,2025-05-20 19:18:29.649,1,2025-05-20 19:18:29.649,1,,-05:00:00,-05:00:00,2025-05-20 19:18:29.649,2025-05-20 19:18:29.649
2171,Konya,225,TR,Turkey,42,province,37.9838134,32.7181375,2025-05-20 19:18:29.649,1,2025-05-20 19:18:29.649,1,,-05:00:00,-05:00:00,2025-05-20 19:18:29.649,2025-05-20 19:18:29.649
2149,Kütahya,225,TR,Turkey,43,province,39.358137,29.6035495,2025-05-20 19:18:29.649,1,2025-05-20 19:18:29.649,1,,-05:00:00,-05:00:00,2025-05-20 19:18:29.649,2025-05-20 19:18:29.649
2158,Malatya,225,TR,Turkey,44,province,38.4015057,37.9536298,2025-05-20 19:18:29.649,1,2025-05-20 19:18:29.649,1,,-05:00:00,-05:00:00,2025-05-20 19:18:29.649,2025-05-20 19:18:29.649
2198,Manisa,225,TR,Turkey,45,province,38.8419373,28.1122679,2025-05-20 19:18:29.649,1,2025-05-20 19:18:29.649,1,,-05:00:00,-05:00:00,2025-05-20 19:18:29.649,2025-05-20 19:18:29.649
2224,Mardin,225,TR,Turkey,47,province,37.3442929,40.6196487,2025-05-20 19:18:29.649,1,2025-05-20 19:18:29.649,1,,-05:00:00,-05:00:00,2025-05-20 19:18:29.649,2025-05-20 19:18:29.649
2156,Mersin,225,TR,Turkey,33,province,36.8120858,34.641475,2025-05-20 19:18:29.649,1,2025-05-20 19:18:29.649,1,,-05:00:00,-05:00:00,2025-05-20 19:18:29.649,2025-05-20 19:18:29.649
2182,Muğla,225,TR,Turkey,48,province,37.1835819,28.4863963,2025-05-20 19:18:29.649,1,2025-05-20 19:18:29.649,1,,-05:00:00,-05:00:00,2025-05-20 19:18:29.649,2025-05-20 19:18:29.649
2162,Muş,225,TR,Turkey,49,province,38.9461888,41.7538931,2025-05-20 19:18:29.649,1,2025-05-20 19:18:29.649,1,,-05:00:00,-05:00:00,2025-05-20 19:18:29.649,2025-05-20 19:18:29.649
2196,Nevşehir,225,TR,Turkey,50,province,38.6939399,34.6856509,2025-05-20 19:18:29.649,1,2025-05-20 19:18:29.649,1,,-05:00:00,-05:00:00,2025-05-20 19:18:29.649,2025-05-20 19:18:29.649
2189,Niğde,225,TR,Turkey,51,province,38.0993086,34.6856509,2025-05-20 19:18:29.649,1,2025-05-20 19:18:29.649,1,,-05:00:00,-05:00:00,2025-05-20 19:18:29.649,2025-05-20 19:18:29.649
2174,Ordu,225,TR,Turkey,52,province,40.799058,37.3899005,2025-05-20 19:18:29.649,1,2025-05-20 19:18:29.649,1,,-05:00:00,-05:00:00,2025-05-20 19:18:29.649,2025-05-20 19:18:29.649
2214,Osmaniye,225,TR,Turkey,80,province,37.2130258,36.1762615,2025-05-20 19:18:29.649,1,2025-05-20 19:18:29.649,1,,-05:00:00,-05:00:00,2025-05-20 19:18:29.649,2025-05-20 19:18:29.649
2219,Rize,225,TR,Turkey,53,province,40.9581497,40.9226985,2025-05-20 19:18:29.649,1,2025-05-20 19:18:29.649,1,,-05:00:00,-05:00:00,2025-05-20 19:18:29.649,2025-05-20 19:18:29.649
2150,Sakarya,225,TR,Turkey,54,province,40.788855,30.405954,2025-05-20 19:18:29.649,1,2025-05-20 19:18:29.649,1,,-05:00:00,-05:00:00,2025-05-20 19:18:29.649,2025-05-20 19:18:29.649
2220,Samsun,225,TR,Turkey,55,province,41.1864859,36.1322678,2025-05-20 19:18:29.649,1,2025-05-20 19:18:29.649,1,,-05:00:00,-05:00:00,2025-05-20 19:18:29.649,2025-05-20 19:18:29.649
2183,Şanlıurfa,225,TR,Turkey,63,province,37.3569102,39.1543677,2025-05-20 19:18:29.649,1,2025-05-20 19:18:29.649,1,,-05:00:00,-05:00:00,2025-05-20 19:18:29.649,2025-05-20 19:18:29.649
2207,Siirt,225,TR,Turkey,56,province,37.8658862,42.1494523,2025-05-20 19:18:29.649,1,2025-05-20 19:18:29.649,1,,-05:00:00,-05:00:00,2025-05-20 19:18:29.649,2025-05-20 19:18:29.649
4854,Sinop,225,TR,Turkey,57,province,41.5594749,34.8580532,2025-05-20 19:18:29.649,1,2025-05-20 19:18:29.649,1,,-05:00:00,-05:00:00,2025-05-20 19:18:29.649,2025-05-20 19:18:29.649
2181,Sivas,225,TR,Turkey,58,province,39.4488039,37.1294497,2025-05-20 19:18:29.649,1,2025-05-20 19:18:29.649,1,,-05:00:00,-05:00:00,2025-05-20 19:18:29.649,2025-05-20 19:18:29.649
2225,Şırnak,225,TR,Turkey,73,province,37.4187481,42.4918338,2025-05-20 19:18:29.649,1,2025-05-20 19:18:29.649,1,,-05:00:00,-05:00:00,2025-05-20 19:18:29.649,2025-05-20 19:18:29.649
2167,Tekirdağ,225,TR,Turkey,59,province,41.1121227,27.2676116,2025-05-20 19:18:29.649,1,2025-05-20 19:18:29.649,1,,-05:00:00,-05:00:00,2025-05-20 19:18:29.649,2025-05-20 19:18:29.649
2199,Tokat,225,TR,Turkey,60,province,40.3902713,36.6251863,2025-05-20 19:18:29.649,1,2025-05-20 19:18:29.649,1,,-05:00:00,-05:00:00,2025-05-20 19:18:29.649,2025-05-20 19:18:29.649
2206,Trabzon,225,TR,Turkey,61,province,40.799241,39.5847944,2025-05-20 19:18:29.649,1,2025-05-20 19:18:29.649,1,,-05:00:00,-05:00:00,2025-05-20 19:18:29.649,2025-05-20 19:18:29.649
2192,Tunceli,225,TR,Turkey,62,province,39.3073554,39.4387778,2025-05-20 19:18:29.649,1,2025-05-20 19:18:29.649,1,,-05:00:00,-05:00:00,2025-05-20 19:18:29.649,2025-05-20 19:18:29.649
2201,Uşak,225,TR,Turkey,64,province,38.5431319,29.2320784,2025-05-20 19:18:29.649,1,2025-05-20 19:18:29.649,1,,-05:00:00,-05:00:00,2025-05-20 19:18:29.649,2025-05-20 19:18:29.649
2152,Van,225,TR,Turkey,65,province,38.3679417,43.7182787,2025-05-20 19:18:29.649,1,2025-05-20 19:18:29.649,1,,-05:00:00,-05:00:00,2025-05-20 19:18:29.649,2025-05-20 19:18:29.649
2218,Yalova,225,TR,Turkey,77,province,40.5775986,29.2088303,2025-05-20 19:18:29.649,1,2025-05-20 19:18:29.649,1,,-05:00:00,-05:00:00,2025-05-20 19:18:29.649,2025-05-20 19:18:29.649
2188,Yozgat,225,TR,Turkey,66,province,39.7271979,35.1077858,2025-05-20 19:18:29.649,1,2025-05-20 19:18:29.649,1,,-05:00:00,-05:00:00,2025-05-20 19:18:29.649,2025-05-20 19:18:29.649
2213,Zonguldak,225,TR,Turkey,67,province,41.3124917,31.8598251,2025-05-20 19:18:29.649,1,2025-05-20 19:18:29.649,1,,-05:00:00,-05:00:00,2025-05-20 19:18:29.649,2025-05-20 19:18:29.649
3374,Ahal,226,TM,Turkmenistan,A,region,38.6399398,59.4720904,2025-05-20 19:18:29.649,1,2025-05-20 19:18:29.649,1,,-05:00:00,-05:00:00,2025-05-20 19:18:29.649,2025-05-20 19:18:29.649
3371,Ashgabat,226,TM,Turkmenistan,S,city,37.9600766,58.3260629,2025-05-20 19:18:29.649,1,2025-05-20 19:18:29.649,1,,-05:00:00,-05:00:00,2025-05-20 19:18:29.649,2025-05-20 19:18:29.649
3372,Balkan,226,TM,Turkmenistan,B,region,41.8101472,21.0937311,2025-05-20 19:18:29.649,1,2025-05-20 19:18:29.649,1,,-05:00:00,-05:00:00,2025-05-20 19:18:29.649,2025-05-20 19:18:29.649
3373,Daşoguz,226,TM,Turkmenistan,D,region,41.8368737,59.9651904,2025-05-20 19:18:29.649,1,2025-05-20 19:18:29.649,1,,-05:00:00,-05:00:00,2025-05-20 19:18:29.649,2025-05-20 19:18:29.649
3370,Lebap,226,TM,Turkmenistan,L,region,38.1272462,64.7162415,2025-05-20 19:18:29.649,1,2025-05-20 19:18:29.649,1,,-05:00:00,-05:00:00,2025-05-20 19:18:29.649,2025-05-20 19:18:29.649
3369,Mary,226,TM,Turkmenistan,M,region,36.9481623,62.4504154,2025-05-20 19:18:29.649,1,2025-05-20 19:18:29.649,1,,-05:00:00,-05:00:00,2025-05-20 19:18:29.649,2025-05-20 19:18:29.649
5367,Grand Turk,227,TC,Turks and Caicos Islands,5,district,21.4680866,-71.1810258,2025-05-20 19:18:29.649,1,2025-05-20 19:18:29.649,1,,-05:00:00,-05:00:00,2025-05-20 19:18:29.649,2025-05-20 19:18:29.649
5365,Middle Caicos,227,TC,Turks and Caicos Islands,3,district,21.7785056,-71.937977,2025-05-20 19:18:29.649,1,2025-05-20 19:18:29.649,1,,-05:00:00,-05:00:00,2025-05-20 19:18:29.649,2025-05-20 19:18:29.649
5364,North Caicos,227,TC,Turks and Caicos Islands,2,district,21.8759162,-72.0382028,2025-05-20 19:18:29.649,1,2025-05-20 19:18:29.649,1,,-05:00:00,-05:00:00,2025-05-20 19:18:29.649,2025-05-20 19:18:29.649
5363,Providenciales,227,TC,Turks and Caicos Islands,1,district,21.8015618,-72.4083292,2025-05-20 19:18:29.649,1,2025-05-20 19:18:29.649,1,,-05:00:00,-05:00:00,2025-05-20 19:18:29.649,2025-05-20 19:18:29.649
5368,Salt Cay,227,TC,Turks and Caicos Islands,6,district,21.3242536,-71.2207606,2025-05-20 19:18:29.649,1,2025-05-20 19:18:29.649,1,,-05:00:00,-05:00:00,2025-05-20 19:18:29.649,2025-05-20 19:18:29.649
5366,South Caicos,227,TC,Turks and Caicos Islands,4,district,21.5302487,-71.5604486,2025-05-20 19:18:29.649,1,2025-05-20 19:18:29.649,1,,-05:00:00,-05:00:00,2025-05-20 19:18:29.649,2025-05-20 19:18:29.649
3951,Funafuti,228,TV,Tuvalu,FUN,town council,-8.5211471,179.1961926,2025-05-20 19:18:29.649,1,2025-05-20 19:18:29.649,1,,-05:00:00,-05:00:00,2025-05-20 19:18:29.649,2025-05-20 19:18:29.649
3947,Nanumanga,228,TV,Tuvalu,NMG,island council,-6.2858019,176.319928,2025-05-20 19:18:29.649,1,2025-05-20 19:18:29.649,1,,-05:00:00,-05:00:00,2025-05-20 19:18:29.649,2025-05-20 19:18:29.649
3949,Nanumea,228,TV,Tuvalu,NMA,island council,-5.6881617,176.1370148,2025-05-20 19:18:29.649,1,2025-05-20 19:18:29.649,1,,-05:00:00,-05:00:00,2025-05-20 19:18:29.649,2025-05-20 19:18:29.649
3946,Niutao Island Council,228,TV,Tuvalu,NIT,island council,-6.1064258,177.3438429,2025-05-20 19:18:29.649,1,2025-05-20 19:18:29.649,1,,-05:00:00,-05:00:00,2025-05-20 19:18:29.649,2025-05-20 19:18:29.649
3948,Nui,228,TV,Tuvalu,NUI,island council,-7.2388768,177.1485232,2025-05-20 19:18:29.649,1,2025-05-20 19:18:29.649,1,,-05:00:00,-05:00:00,2025-05-20 19:18:29.649,2025-05-20 19:18:29.649
3952,Nukufetau,228,TV,Tuvalu,NKF,island council,-8,178.5,2025-05-20 19:18:29.649,1,2025-05-20 19:18:29.649,1,,-05:00:00,-05:00:00,2025-05-20 19:18:29.649,2025-05-20 19:18:29.649
3953,Nukulaelae,228,TV,Tuvalu,NKL,island council,-9.381111,179.852222,2025-05-20 19:18:29.649,1,2025-05-20 19:18:29.649,1,,-05:00:00,-05:00:00,2025-05-20 19:18:29.649,2025-05-20 19:18:29.649
3950,Vaitupu,228,TV,Tuvalu,VAI,island council,-7.4767327,178.6747675,2025-05-20 19:18:29.649,1,2025-05-20 19:18:29.649,1,,-05:00:00,-05:00:00,2025-05-20 19:18:29.649,2025-05-20 19:18:29.649
329,Abim,229,UG,Uganda,314,district,2.706698,33.6595337,2025-05-20 19:18:29.649,1,2025-05-20 19:18:29.649,1,,-05:00:00,-05:00:00,2025-05-20 19:18:29.649,2025-05-20 19:18:29.649
361,Adjumani,229,UG,Uganda,301,district,3.2548527,31.7195459,2025-05-20 19:18:29.649,1,2025-05-20 19:18:29.649,1,,-05:00:00,-05:00:00,2025-05-20 19:18:29.649,2025-05-20 19:18:29.649
392,Agago,229,UG,Uganda,322,district,2.925082,33.3486147,2025-05-20 19:18:29.649,1,2025-05-20 19:18:29.649,1,,-05:00:00,-05:00:00,2025-05-20 19:18:29.649,2025-05-20 19:18:29.649
344,Alebtong,229,UG,Uganda,323,district,2.2545773,33.3486147,2025-05-20 19:18:29.649,1,2025-05-20 19:18:29.649,1,,-05:00:00,-05:00:00,2025-05-20 19:18:29.649,2025-05-20 19:18:29.649
416,Amolatar,229,UG,Uganda,315,district,1.6054402,32.8084496,2025-05-20 19:18:29.649,1,2025-05-20 19:18:29.649,1,,-05:00:00,-05:00:00,2025-05-20 19:18:29.649,2025-05-20 19:18:29.649
353,Amudat,229,UG,Uganda,324,district,1.7916224,34.906551,2025-05-20 19:18:29.649,1,2025-05-20 19:18:29.649,1,,-05:00:00,-05:00:00,2025-05-20 19:18:29.649,2025-05-20 19:18:29.649
352,Amuria,229,UG,Uganda,216,district,2.03017,33.6427533,2025-05-20 19:18:29.649,1,2025-05-20 19:18:29.649,1,,-05:00:00,-05:00:00,2025-05-20 19:18:29.649,2025-05-20 19:18:29.649
335,Amuru,229,UG,Uganda,316,district,2.9667878,32.0837445,2025-05-20 19:18:29.649,1,2025-05-20 19:18:29.649,1,,-05:00:00,-05:00:00,2025-05-20 19:18:29.649,2025-05-20 19:18:29.649
328,Apac,229,UG,Uganda,302,district,1.8730263,32.6277455,2025-05-20 19:18:29.649,1,2025-05-20 19:18:29.649,1,,-05:00:00,-05:00:00,2025-05-20 19:18:29.649,2025-05-20 19:18:29.649
447,Arua,229,UG,Uganda,303,district,2.9959846,31.1710389,2025-05-20 19:18:29.649,1,2025-05-20 19:18:29.649,1,,-05:00:00,-05:00:00,2025-05-20 19:18:29.649,2025-05-20 19:18:29.649
441,Budaka,229,UG,Uganda,217,district,1.1016277,33.9303991,2025-05-20 19:18:29.649,1,2025-05-20 19:18:29.649,1,,-05:00:00,-05:00:00,2025-05-20 19:18:29.649,2025-05-20 19:18:29.649
349,Bududa,229,UG,Uganda,218,district,1.0029693,34.3338123,2025-05-20 19:18:29.649,1,2025-05-20 19:18:29.649,1,,-05:00:00,-05:00:00,2025-05-20 19:18:29.649,2025-05-20 19:18:29.649
387,Bugiri,229,UG,Uganda,201,district,0.5316127,33.7517723,2025-05-20 19:18:29.649,1,2025-05-20 19:18:29.649,1,,-05:00:00,-05:00:00,2025-05-20 19:18:29.649,2025-05-20 19:18:29.649
5350,Bugweri,229,UG,Uganda,235,district,0.6222229,33.4480547,2025-05-20 19:18:29.649,1,2025-05-20 19:18:29.649,1,,-05:00:00,-05:00:00,2025-05-20 19:18:29.649,2025-05-20 19:18:29.649
391,Buhweju,229,UG,Uganda,420,district,-0.2911359,30.2974199,2025-05-20 19:18:29.649,1,2025-05-20 19:18:29.649,1,,-05:00:00,-05:00:00,2025-05-20 19:18:29.649,2025-05-20 19:18:29.649
377,Buikwe,229,UG,Uganda,117,district,0.3144046,32.9888319,2025-05-20 19:18:29.649,1,2025-05-20 19:18:29.649,1,,-05:00:00,-05:00:00,2025-05-20 19:18:29.649,2025-05-20 19:18:29.649
343,Bukedea,229,UG,Uganda,219,district,1.3556898,34.1086793,2025-05-20 19:18:29.649,1,2025-05-20 19:18:29.649,1,,-05:00:00,-05:00:00,2025-05-20 19:18:29.649,2025-05-20 19:18:29.649
375,Bukomansimbi,229,UG,Uganda,118,district,-0.1432752,31.6054893,2025-05-20 19:18:29.649,1,2025-05-20 19:18:29.649,1,,-05:00:00,-05:00:00,2025-05-20 19:18:29.649,2025-05-20 19:18:29.649
385,Bukwo,229,UG,Uganda,220,district,1.2818651,34.7298765,2025-05-20 19:18:29.649,1,2025-05-20 19:18:29.649,1,,-05:00:00,-05:00:00,2025-05-20 19:18:29.649,2025-05-20 19:18:29.649
428,Bulambuli,229,UG,Uganda,225,district,1.4798846,34.3754414,2025-05-20 19:18:29.649,1,2025-05-20 19:18:29.649,1,,-05:00:00,-05:00:00,2025-05-20 19:18:29.649,2025-05-20 19:18:29.649
389,Buliisa,229,UG,Uganda,416,district,2.0299607,31.5370003,2025-05-20 19:18:29.649,1,2025-05-20 19:18:29.649,1,,-05:00:00,-05:00:00,2025-05-20 19:18:29.649,2025-05-20 19:18:29.649
419,Bundibugyo,229,UG,Uganda,401,district,0.6851763,30.0202964,2025-05-20 19:18:29.649,1,2025-05-20 19:18:29.649,1,,-05:00:00,-05:00:00,2025-05-20 19:18:29.649,2025-05-20 19:18:29.649
381,Bunyangabu,229,UG,Uganda,430,district,0.4870918,30.2051096,2025-05-20 19:18:29.649,1,2025-05-20 19:18:29.649,1,,-05:00:00,-05:00:00,2025-05-20 19:18:29.649,2025-05-20 19:18:29.649
386,Bushenyi,229,UG,Uganda,402,district,-0.4870918,30.2051096,2025-05-20 19:18:29.649,1,2025-05-20 19:18:29.649,1,,-05:00:00,-05:00:00,2025-05-20 19:18:29.649,2025-05-20 19:18:29.649
431,Busia,229,UG,Uganda,202,district,0.4044731,34.0195827,2025-05-20 19:18:29.649,1,2025-05-20 19:18:29.649,1,,-05:00:00,-05:00:00,2025-05-20 19:18:29.649,2025-05-20 19:18:29.649
365,Butaleja,229,UG,Uganda,221,district,0.8474922,33.8411288,2025-05-20 19:18:29.649,1,2025-05-20 19:18:29.649,1,,-05:00:00,-05:00:00,2025-05-20 19:18:29.649,2025-05-20 19:18:29.649
384,Butambala,229,UG,Uganda,119,district,0.17425,32.1064668,2025-05-20 19:18:29.649,1,2025-05-20 19:18:29.649,1,,-05:00:00,-05:00:00,2025-05-20 19:18:29.649,2025-05-20 19:18:29.649
388,Butebo,229,UG,Uganda,233,district,1.2141124,33.9080896,2025-05-20 19:18:29.649,1,2025-05-20 19:18:29.649,1,,-05:00:00,-05:00:00,2025-05-20 19:18:29.649,2025-05-20 19:18:29.649
414,Buvuma,229,UG,Uganda,120,district,-0.3764912,33.258793,2025-05-20 19:18:29.649,1,2025-05-20 19:18:29.649,1,,-05:00:00,-05:00:00,2025-05-20 19:18:29.649,2025-05-20 19:18:29.649
380,Buyende,229,UG,Uganda,226,district,1.2413682,33.1239049,2025-05-20 19:18:29.649,1,2025-05-20 19:18:29.649,1,,-05:00:00,-05:00:00,2025-05-20 19:18:29.649,2025-05-20 19:18:29.649
396,Central,229,UG,Uganda,C,region,44.296875,-94.7401733,2025-05-20 19:18:29.649,1,2025-05-20 19:18:29.649,1,,-05:00:00,-05:00:00,2025-05-20 19:18:29.649,2025-05-20 19:18:29.649
341,Dokolo,229,UG,Uganda,317,district,1.9636421,33.0338767,2025-05-20 19:18:29.649,1,2025-05-20 19:18:29.649,1,,-05:00:00,-05:00:00,2025-05-20 19:18:29.649,2025-05-20 19:18:29.649
372,Eastern,229,UG,Uganda,E,region,6.2374036,-0.4502368,2025-05-20 19:18:29.649,1,2025-05-20 19:18:29.649,1,,-05:00:00,-05:00:00,2025-05-20 19:18:29.649,2025-05-20 19:18:29.649
366,Gomba,229,UG,Uganda,121,district,0.2229791,31.6739371,2025-05-20 19:18:29.649,1,2025-05-20 19:18:29.649,1,,-05:00:00,-05:00:00,2025-05-20 19:18:29.649,2025-05-20 19:18:29.649
413,Gulu,229,UG,Uganda,304,district,2.8185776,32.4467238,2025-05-20 19:18:29.649,1,2025-05-20 19:18:29.649,1,,-05:00:00,-05:00:00,2025-05-20 19:18:29.649,2025-05-20 19:18:29.649
5358,Hoima,229,UG,Uganda,403,district,1.5602343,30.5204345,2025-05-20 19:18:29.649,1,2025-05-20 19:18:29.649,1,,-05:00:00,-05:00:00,2025-05-20 19:18:29.649,2025-05-20 19:18:29.649
339,Ibanda,229,UG,Uganda,417,district,-0.096489,30.5739579,2025-05-20 19:18:29.649,1,2025-05-20 19:18:29.649,1,,-05:00:00,-05:00:00,2025-05-20 19:18:29.649,2025-05-20 19:18:29.649
340,Iganga,229,UG,Uganda,203,district,0.6600137,33.4831906,2025-05-20 19:18:29.649,1,2025-05-20 19:18:29.649,1,,-05:00:00,-05:00:00,2025-05-20 19:18:29.649,2025-05-20 19:18:29.649
383,Isingiro,229,UG,Uganda,418,district,-0.843543,30.8039474,2025-05-20 19:18:29.649,1,2025-05-20 19:18:29.649,1,,-05:00:00,-05:00:00,2025-05-20 19:18:29.649,2025-05-20 19:18:29.649
367,Jinja,229,UG,Uganda,204,district,0.5343743,33.3037143,2025-05-20 19:18:29.649,1,2025-05-20 19:18:29.649,1,,-05:00:00,-05:00:00,2025-05-20 19:18:29.649,2025-05-20 19:18:29.649
434,Kaabong,229,UG,Uganda,318,district,3.5126215,33.9750018,2025-05-20 19:18:29.649,1,2025-05-20 19:18:29.649,1,,-05:00:00,-05:00:00,2025-05-20 19:18:29.649,2025-05-20 19:18:29.649
426,Kabale,229,UG,Uganda,404,district,-1.2493084,30.0665236,2025-05-20 19:18:29.649,1,2025-05-20 19:18:29.649,1,,-05:00:00,-05:00:00,2025-05-20 19:18:29.649,2025-05-20 19:18:29.649
326,Kabarole,229,UG,Uganda,405,district,0.5850791,30.2512728,2025-05-20 19:18:29.649,1,2025-05-20 19:18:29.649,1,,-05:00:00,-05:00:00,2025-05-20 19:18:29.649,2025-05-20 19:18:29.649
336,Kaberamaido,229,UG,Uganda,213,district,1.6963322,33.213851,2025-05-20 19:18:29.649,1,2025-05-20 19:18:29.649,1,,-05:00:00,-05:00:00,2025-05-20 19:18:29.649,2025-05-20 19:18:29.649
403,Kagadi,229,UG,Uganda,427,district,0.9400761,30.8125638,2025-05-20 19:18:29.649,1,2025-05-20 19:18:29.649,1,,-05:00:00,-05:00:00,2025-05-20 19:18:29.649,2025-05-20 19:18:29.649
399,Kakumiro,229,UG,Uganda,428,district,0.7808035,31.3241389,2025-05-20 19:18:29.649,1,2025-05-20 19:18:29.649,1,,-05:00:00,-05:00:00,2025-05-20 19:18:29.649,2025-05-20 19:18:29.649
5352,Kalaki,229,UG,Uganda,237,district,1.829568,33.3293051,2025-05-20 19:18:29.649,1,2025-05-20 19:18:29.649,1,,-05:00:00,-05:00:00,2025-05-20 19:18:29.649,2025-05-20 19:18:29.649
405,Kalangala,229,UG,Uganda,101,district,-0.6350578,32.5372741,2025-05-20 19:18:29.649,1,2025-05-20 19:18:29.649,1,,-05:00:00,-05:00:00,2025-05-20 19:18:29.649,2025-05-20 19:18:29.649
398,Kaliro,229,UG,Uganda,222,district,1.0431107,33.4831906,2025-05-20 19:18:29.649,1,2025-05-20 19:18:29.649,1,,-05:00:00,-05:00:00,2025-05-20 19:18:29.649,2025-05-20 19:18:29.649
394,Kalungu,229,UG,Uganda,122,district,-0.0952831,31.7651362,2025-05-20 19:18:29.649,1,2025-05-20 19:18:29.649,1,,-05:00:00,-05:00:00,2025-05-20 19:18:29.649,2025-05-20 19:18:29.649
382,Kampala,229,UG,Uganda,102,city,0.3475964,32.5825197,2025-05-20 19:18:29.649,1,2025-05-20 19:18:29.649,1,,-05:00:00,-05:00:00,2025-05-20 19:18:29.649,2025-05-20 19:18:29.649
334,Kamuli,229,UG,Uganda,205,district,0.9187107,33.1239049,2025-05-20 19:18:29.649,1,2025-05-20 19:18:29.649,1,,-05:00:00,-05:00:00,2025-05-20 19:18:29.649,2025-05-20 19:18:29.649
360,Kamwenge,229,UG,Uganda,413,district,0.225793,30.4818446,2025-05-20 19:18:29.649,1,2025-05-20 19:18:29.649,1,,-05:00:00,-05:00:00,2025-05-20 19:18:29.649,2025-05-20 19:18:29.649
373,Kanungu,229,UG,Uganda,414,district,-0.8195253,29.742604,2025-05-20 19:18:29.649,1,2025-05-20 19:18:29.649,1,,-05:00:00,-05:00:00,2025-05-20 19:18:29.649,2025-05-20 19:18:29.649
432,Kapchorwa,229,UG,Uganda,206,district,1.3350205,34.3976356,2025-05-20 19:18:29.649,1,2025-05-20 19:18:29.649,1,,-05:00:00,-05:00:00,2025-05-20 19:18:29.649,2025-05-20 19:18:29.649
5351,Kapelebyong,229,UG,Uganda,236,district,2.1959736,33.3721383,2025-05-20 19:18:29.649,1,2025-05-20 19:18:29.649,1,,-05:00:00,-05:00:00,2025-05-20 19:18:29.649,2025-05-20 19:18:29.649
5355,Karenga,229,UG,Uganda,335,district,3.5877048,33.5571129,2025-05-20 19:18:29.649,1,2025-05-20 19:18:29.649,1,,-05:00:00,-05:00:00,2025-05-20 19:18:29.649,2025-05-20 19:18:29.649
5349,Kasanda,229,UG,Uganda,126,district,0.5279491,31.6477485,2025-05-20 19:18:29.649,1,2025-05-20 19:18:29.649,1,,-05:00:00,-05:00:00,2025-05-20 19:18:29.649,2025-05-20 19:18:29.649
440,Kasese,229,UG,Uganda,406,district,0.0646285,30.0665236,2025-05-20 19:18:29.649,1,2025-05-20 19:18:29.649,1,,-05:00:00,-05:00:00,2025-05-20 19:18:29.649,2025-05-20 19:18:29.649
420,Katakwi,229,UG,Uganda,207,district,1.973103,34.0641419,2025-05-20 19:18:29.649,1,2025-05-20 19:18:29.649,1,,-05:00:00,-05:00:00,2025-05-20 19:18:29.649,2025-05-20 19:18:29.649
368,Kayunga,229,UG,Uganda,112,district,0.9860182,32.8535755,2025-05-20 19:18:29.649,1,2025-05-20 19:18:29.649,1,,-05:00:00,-05:00:00,2025-05-20 19:18:29.649,2025-05-20 19:18:29.649
5360,Kazo,229,UG,Uganda,433,district,-0.051316,30.7517088,2025-05-20 19:18:29.649,1,2025-05-20 19:18:29.649,1,,-05:00:00,-05:00:00,2025-05-20 19:18:29.649,2025-05-20 19:18:29.649
436,Kibaale,229,UG,Uganda,407,district,0.9066802,31.0793705,2025-05-20 19:18:29.649,1,2025-05-20 19:18:29.649,1,,-05:00:00,-05:00:00,2025-05-20 19:18:29.649,2025-05-20 19:18:29.649
347,Kiboga,229,UG,Uganda,103,district,0.965759,31.7195459,2025-05-20 19:18:29.649,1,2025-05-20 19:18:29.649,1,,-05:00:00,-05:00:00,2025-05-20 19:18:29.649,2025-05-20 19:18:29.649
338,Kibuku,229,UG,Uganda,227,district,1.0452874,33.7992536,2025-05-20 19:18:29.649,1,2025-05-20 19:18:29.649,1,,-05:00:00,-05:00:00,2025-05-20 19:18:29.649,2025-05-20 19:18:29.649
5359,Kikuube,229,UG,Uganda,432,district,1.310219,30.3235634,2025-05-20 19:18:29.649,1,2025-05-20 19:18:29.649,1,,-05:00:00,-05:00:00,2025-05-20 19:18:29.649,2025-05-20 19:18:29.649
355,Kiruhura,229,UG,Uganda,419,district,-0.1927998,30.8039474,2025-05-20 19:18:29.649,1,2025-05-20 19:18:29.649,1,,-05:00:00,-05:00:00,2025-05-20 19:18:29.649,2025-05-20 19:18:29.649
346,Kiryandongo,229,UG,Uganda,421,district,2.0179907,32.0837445,2025-05-20 19:18:29.649,1,2025-05-20 19:18:29.649,1,,-05:00:00,-05:00:00,2025-05-20 19:18:29.649,2025-05-20 19:18:29.649
409,Kisoro,229,UG,Uganda,408,district,-1.220943,29.6499162,2025-05-20 19:18:29.649,1,2025-05-20 19:18:29.649,1,,-05:00:00,-05:00:00,2025-05-20 19:18:29.649,2025-05-20 19:18:29.649
5361,Kitagwenda,229,UG,Uganda,434,district,0.0143297,30.1805894,2025-05-20 19:18:29.649,1,2025-05-20 19:18:29.649,1,,-05:00:00,-05:00:00,2025-05-20 19:18:29.649,2025-05-20 19:18:29.649
348,Kitgum,229,UG,Uganda,305,district,3.3396829,33.1688883,2025-05-20 19:18:29.649,1,2025-05-20 19:18:29.649,1,,-05:00:00,-05:00:00,2025-05-20 19:18:29.649,2025-05-20 19:18:29.649
345,Koboko,229,UG,Uganda,319,district,3.5237058,31.03351,2025-05-20 19:18:29.649,1,2025-05-20 19:18:29.649,1,,-05:00:00,-05:00:00,2025-05-20 19:18:29.649,2025-05-20 19:18:29.649
401,Kole,229,UG,Uganda,325,district,2.3701097,32.7633036,2025-05-20 19:18:29.649,1,2025-05-20 19:18:29.649,1,,-05:00:00,-05:00:00,2025-05-20 19:18:29.649,2025-05-20 19:18:29.649
443,Kotido,229,UG,Uganda,306,district,3.0415679,33.8857747,2025-05-20 19:18:29.649,1,2025-05-20 19:18:29.649,1,,-05:00:00,-05:00:00,2025-05-20 19:18:29.649,2025-05-20 19:18:29.649
425,Kumi,229,UG,Uganda,208,district,1.4876999,33.9303991,2025-05-20 19:18:29.649,1,2025-05-20 19:18:29.649,1,,-05:00:00,-05:00:00,2025-05-20 19:18:29.649,2025-05-20 19:18:29.649
5353,Kwania,229,UG,Uganda,333,district,1.9011971,32.4126492,2025-05-20 19:18:29.649,1,2025-05-20 19:18:29.649,1,,-05:00:00,-05:00:00,2025-05-20 19:18:29.649,2025-05-20 19:18:29.649
369,Kween,229,UG,Uganda,228,district,1.443879,34.597132,2025-05-20 19:18:29.649,1,2025-05-20 19:18:29.649,1,,-05:00:00,-05:00:00,2025-05-20 19:18:29.649,2025-05-20 19:18:29.649
325,Kyankwanzi,229,UG,Uganda,123,district,1.0966037,31.7195459,2025-05-20 19:18:29.649,1,2025-05-20 19:18:29.649,1,,-05:00:00,-05:00:00,2025-05-20 19:18:29.649,2025-05-20 19:18:29.649
437,Kyegegwa,229,UG,Uganda,422,district,0.4818193,31.0550093,2025-05-20 19:18:29.649,1,2025-05-20 19:18:29.649,1,,-05:00:00,-05:00:00,2025-05-20 19:18:29.649,2025-05-20 19:18:29.649
402,Kyenjojo,229,UG,Uganda,415,district,0.6092923,30.6401231,2025-05-20 19:18:29.649,1,2025-05-20 19:18:29.649,1,,-05:00:00,-05:00:00,2025-05-20 19:18:29.649,2025-05-20 19:18:29.649
448,Kyotera,229,UG,Uganda,125,district,-0.6358988,31.5455637,2025-05-20 19:18:29.649,1,2025-05-20 19:18:29.649,1,,-05:00:00,-05:00:00,2025-05-20 19:18:29.649,2025-05-20 19:18:29.649
411,Lamwo,229,UG,Uganda,326,district,3.5707568,32.5372741,2025-05-20 19:18:29.649,1,2025-05-20 19:18:29.649,1,,-05:00:00,-05:00:00,2025-05-20 19:18:29.649,2025-05-20 19:18:29.649
342,Lira,229,UG,Uganda,307,district,2.2316169,32.9437667,2025-05-20 19:18:29.649,1,2025-05-20 19:18:29.649,1,,-05:00:00,-05:00:00,2025-05-20 19:18:29.649,2025-05-20 19:18:29.649
445,Luuka,229,UG,Uganda,229,district,0.7250599,33.3037143,2025-05-20 19:18:29.649,1,2025-05-20 19:18:29.649,1,,-05:00:00,-05:00:00,2025-05-20 19:18:29.649,2025-05-20 19:18:29.649
433,Luwero,229,UG,Uganda,104,district,0.8271118,32.6277455,2025-05-20 19:18:29.649,1,2025-05-20 19:18:29.649,1,,-05:00:00,-05:00:00,2025-05-20 19:18:29.649,2025-05-20 19:18:29.649
417,Lwengo,229,UG,Uganda,124,district,-0.4165288,31.3998995,2025-05-20 19:18:29.649,1,2025-05-20 19:18:29.649,1,,-05:00:00,-05:00:00,2025-05-20 19:18:29.649,2025-05-20 19:18:29.649
376,Lyantonde,229,UG,Uganda,114,district,-0.2240696,31.2168466,2025-05-20 19:18:29.649,1,2025-05-20 19:18:29.649,1,,-05:00:00,-05:00:00,2025-05-20 19:18:29.649,2025-05-20 19:18:29.649
5356,Madi-Okollo,229,UG,Uganda,336,district,2.8677307,30.9275269,2025-05-20 19:18:29.649,1,2025-05-20 19:18:29.649,1,,-05:00:00,-05:00:00,2025-05-20 19:18:29.649,2025-05-20 19:18:29.649
438,Manafwa,229,UG,Uganda,223,district,0.9063599,34.2866091,2025-05-20 19:18:29.649,1,2025-05-20 19:18:29.649,1,,-05:00:00,-05:00:00,2025-05-20 19:18:29.649,2025-05-20 19:18:29.649
421,Maracha,229,UG,Uganda,320,district,3.2873127,30.9403023,2025-05-20 19:18:29.649,1,2025-05-20 19:18:29.649,1,,-05:00:00,-05:00:00,2025-05-20 19:18:29.649,2025-05-20 19:18:29.649
356,Masaka,229,UG,Uganda,105,district,-0.4463691,31.9017954,2025-05-20 19:18:29.649,1,2025-05-20 19:18:29.649,1,,-05:00:00,-05:00:00,2025-05-20 19:18:29.649,2025-05-20 19:18:29.649
354,Masindi,229,UG,Uganda,409,district,1.4920363,31.7195459,2025-05-20 19:18:29.649,1,2025-05-20 19:18:29.649,1,,-05:00:00,-05:00:00,2025-05-20 19:18:29.649,2025-05-20 19:18:29.649
418,Mayuge,229,UG,Uganda,214,district,-0.2182982,33.5728027,2025-05-20 19:18:29.649,1,2025-05-20 19:18:29.649,1,,-05:00:00,-05:00:00,2025-05-20 19:18:29.649,2025-05-20 19:18:29.649
350,Mbale,229,UG,Uganda,209,district,1.0344274,34.1976882,2025-05-20 19:18:29.649,1,2025-05-20 19:18:29.649,1,,-05:00:00,-05:00:00,2025-05-20 19:18:29.649,2025-05-20 19:18:29.649
415,Mbarara,229,UG,Uganda,410,district,-0.6071596,30.6545022,2025-05-20 19:18:29.649,1,2025-05-20 19:18:29.649,1,,-05:00:00,-05:00:00,2025-05-20 19:18:29.649,2025-05-20 19:18:29.649
435,Mitooma,229,UG,Uganda,423,district,-0.6193276,30.0202964,2025-05-20 19:18:29.649,1,2025-05-20 19:18:29.649,1,,-05:00:00,-05:00:00,2025-05-20 19:18:29.649,2025-05-20 19:18:29.649
364,Mityana,229,UG,Uganda,115,district,0.4454845,32.0837445,2025-05-20 19:18:29.649,1,2025-05-20 19:18:29.649,1,,-05:00:00,-05:00:00,2025-05-20 19:18:29.649,2025-05-20 19:18:29.649
395,Moroto,229,UG,Uganda,308,district,2.6168545,34.597132,2025-05-20 19:18:29.649,1,2025-05-20 19:18:29.649,1,,-05:00:00,-05:00:00,2025-05-20 19:18:29.649,2025-05-20 19:18:29.649
363,Moyo,229,UG,Uganda,309,district,3.5696464,31.6739371,2025-05-20 19:18:29.649,1,2025-05-20 19:18:29.649,1,,-05:00:00,-05:00:00,2025-05-20 19:18:29.649,2025-05-20 19:18:29.649
327,Mpigi,229,UG,Uganda,106,district,0.2273528,32.3249236,2025-05-20 19:18:29.649,1,2025-05-20 19:18:29.649,1,,-05:00:00,-05:00:00,2025-05-20 19:18:29.649,2025-05-20 19:18:29.649
371,Mubende,229,UG,Uganda,107,district,0.5772758,31.5370003,2025-05-20 19:18:29.649,1,2025-05-20 19:18:29.649,1,,-05:00:00,-05:00:00,2025-05-20 19:18:29.649,2025-05-20 19:18:29.649
410,Mukono,229,UG,Uganda,108,district,0.2835476,32.7633036,2025-05-20 19:18:29.649,1,2025-05-20 19:18:29.649,1,,-05:00:00,-05:00:00,2025-05-20 19:18:29.649,2025-05-20 19:18:29.649
5354,Nabilatuk,229,UG,Uganda,334,district,2.0387033,34.1775023,2025-05-20 19:18:29.649,1,2025-05-20 19:18:29.649,1,,-05:00:00,-05:00:00,2025-05-20 19:18:29.649,2025-05-20 19:18:29.649
393,Nakapiripirit,229,UG,Uganda,311,district,1.9606173,34.597132,2025-05-20 19:18:29.649,1,2025-05-20 19:18:29.649,1,,-05:00:00,-05:00:00,2025-05-20 19:18:29.649,2025-05-20 19:18:29.649
423,Nakaseke,229,UG,Uganda,116,district,1.2230848,32.0837445,2025-05-20 19:18:29.649,1,2025-05-20 19:18:29.649,1,,-05:00:00,-05:00:00,2025-05-20 19:18:29.649,2025-05-20 19:18:29.649
406,Nakasongola,229,UG,Uganda,109,district,1.3489721,32.4467238,2025-05-20 19:18:29.649,1,2025-05-20 19:18:29.649,1,,-05:00:00,-05:00:00,2025-05-20 19:18:29.649,2025-05-20 19:18:29.649
351,Namayingo,229,UG,Uganda,230,district,-0.2803575,33.7517723,2025-05-20 19:18:29.649,1,2025-05-20 19:18:29.649,1,,-05:00:00,-05:00:00,2025-05-20 19:18:29.649,2025-05-20 19:18:29.649
400,Namisindwa,229,UG,Uganda,234,district,0.907101,34.3574037,2025-05-20 19:18:29.649,1,2025-05-20 19:18:29.649,1,,-05:00:00,-05:00:00,2025-05-20 19:18:29.649,2025-05-20 19:18:29.649
337,Namutumba,229,UG,Uganda,224,district,0.849261,33.6623301,2025-05-20 19:18:29.649,1,2025-05-20 19:18:29.649,1,,-05:00:00,-05:00:00,2025-05-20 19:18:29.649,2025-05-20 19:18:29.649
430,Napak,229,UG,Uganda,327,district,2.3629945,34.2421597,2025-05-20 19:18:29.649,1,2025-05-20 19:18:29.649,1,,-05:00:00,-05:00:00,2025-05-20 19:18:29.649,2025-05-20 19:18:29.649
446,Nebbi,229,UG,Uganda,310,district,2.4409392,31.3541631,2025-05-20 19:18:29.649,1,2025-05-20 19:18:29.649,1,,-05:00:00,-05:00:00,2025-05-20 19:18:29.649,2025-05-20 19:18:29.649
424,Ngora,229,UG,Uganda,231,district,1.4908115,33.7517723,2025-05-20 19:18:29.649,1,2025-05-20 19:18:29.649,1,,-05:00:00,-05:00:00,2025-05-20 19:18:29.649,2025-05-20 19:18:29.649
332,Northern,229,UG,Uganda,N,region,9.5439269,-0.9056623,2025-05-20 19:18:29.649,1,2025-05-20 19:18:29.649,1,,-05:00:00,-05:00:00,2025-05-20 19:18:29.649,2025-05-20 19:18:29.649
422,Ntoroko,229,UG,Uganda,424,district,1.0788178,30.3896651,2025-05-20 19:18:29.649,1,2025-05-20 19:18:29.649,1,,-05:00:00,-05:00:00,2025-05-20 19:18:29.649,2025-05-20 19:18:29.649
404,Ntungamo,229,UG,Uganda,411,district,-0.9807341,30.2512728,2025-05-20 19:18:29.649,1,2025-05-20 19:18:29.649,1,,-05:00:00,-05:00:00,2025-05-20 19:18:29.649,2025-05-20 19:18:29.649
378,Nwoya,229,UG,Uganda,328,district,2.562444,31.9017954,2025-05-20 19:18:29.649,1,2025-05-20 19:18:29.649,1,,-05:00:00,-05:00:00,2025-05-20 19:18:29.649,2025-05-20 19:18:29.649
5357,Obongi,229,UG,Uganda,337,district,3.3639361,31.4331646,2025-05-20 19:18:29.649,1,2025-05-20 19:18:29.649,1,,-05:00:00,-05:00:00,2025-05-20 19:18:29.649,2025-05-20 19:18:29.649
374,Omoro,229,UG,Uganda,331,district,2.715223,32.4920088,2025-05-20 19:18:29.649,1,2025-05-20 19:18:29.649,1,,-05:00:00,-05:00:00,2025-05-20 19:18:29.649,2025-05-20 19:18:29.649
390,Otuke,229,UG,Uganda,329,district,2.5214059,33.3486147,2025-05-20 19:18:29.649,1,2025-05-20 19:18:29.649,1,,-05:00:00,-05:00:00,2025-05-20 19:18:29.649,2025-05-20 19:18:29.649
397,Oyam,229,UG,Uganda,321,district,2.2776281,32.4467238,2025-05-20 19:18:29.649,1,2025-05-20 19:18:29.649,1,,-05:00:00,-05:00:00,2025-05-20 19:18:29.649,2025-05-20 19:18:29.649
408,Pader,229,UG,Uganda,312,district,2.9430682,32.8084496,2025-05-20 19:18:29.649,1,2025-05-20 19:18:29.649,1,,-05:00:00,-05:00:00,2025-05-20 19:18:29.649,2025-05-20 19:18:29.649
357,Pakwach,229,UG,Uganda,332,district,2.4607141,31.4941738,2025-05-20 19:18:29.649,1,2025-05-20 19:18:29.649,1,,-05:00:00,-05:00:00,2025-05-20 19:18:29.649,2025-05-20 19:18:29.649
412,Pallisa,229,UG,Uganda,210,district,1.2324206,33.7517723,2025-05-20 19:18:29.649,1,2025-05-20 19:18:29.649,1,,-05:00:00,-05:00:00,2025-05-20 19:18:29.649,2025-05-20 19:18:29.649
439,Rakai,229,UG,Uganda,110,district,-0.7069135,31.5370003,2025-05-20 19:18:29.649,1,2025-05-20 19:18:29.649,1,,-05:00:00,-05:00:00,2025-05-20 19:18:29.649,2025-05-20 19:18:29.649
358,Rubanda,229,UG,Uganda,429,district,-1.186119,29.8453576,2025-05-20 19:18:29.649,1,2025-05-20 19:18:29.649,1,,-05:00:00,-05:00:00,2025-05-20 19:18:29.649,2025-05-20 19:18:29.649
442,Rubirizi,229,UG,Uganda,425,district,-0.264241,30.1084033,2025-05-20 19:18:29.649,1,2025-05-20 19:18:29.649,1,,-05:00:00,-05:00:00,2025-05-20 19:18:29.649,2025-05-20 19:18:29.649
331,Rukiga,229,UG,Uganda,431,district,-1.1326337,30.043412,2025-05-20 19:18:29.649,1,2025-05-20 19:18:29.649,1,,-05:00:00,-05:00:00,2025-05-20 19:18:29.649,2025-05-20 19:18:29.649
324,Rukungiri,229,UG,Uganda,412,district,-0.751849,29.9277947,2025-05-20 19:18:29.649,1,2025-05-20 19:18:29.649,1,,-05:00:00,-05:00:00,2025-05-20 19:18:29.649,2025-05-20 19:18:29.649
5362,Rwampara,229,UG,Uganda,435,district,-0.7345601,30.3201932,2025-05-20 19:18:29.649,1,2025-05-20 19:18:29.649,1,,-05:00:00,-05:00:00,2025-05-20 19:18:29.649,2025-05-20 19:18:29.649
427,Sembabule,229,UG,Uganda,111,district,0.0637715,31.3541631,2025-05-20 19:18:29.649,1,2025-05-20 19:18:29.649,1,,-05:00:00,-05:00:00,2025-05-20 19:18:29.649,2025-05-20 19:18:29.649
333,Serere,229,UG,Uganda,232,district,1.4994033,33.5490078,2025-05-20 19:18:29.649,1,2025-05-20 19:18:29.649,1,,-05:00:00,-05:00:00,2025-05-20 19:18:29.649,2025-05-20 19:18:29.649
407,Sheema,229,UG,Uganda,426,district,-0.5515298,30.3896651,2025-05-20 19:18:29.649,1,2025-05-20 19:18:29.649,1,,-05:00:00,-05:00:00,2025-05-20 19:18:29.649,2025-05-20 19:18:29.649
429,Sironko,229,UG,Uganda,215,district,1.2302274,34.2491064,2025-05-20 19:18:29.649,1,2025-05-20 19:18:29.649,1,,-05:00:00,-05:00:00,2025-05-20 19:18:29.649,2025-05-20 19:18:29.649
444,Soroti,229,UG,Uganda,211,district,1.7229117,33.5280072,2025-05-20 19:18:29.649,1,2025-05-20 19:18:29.649,1,,-05:00:00,-05:00:00,2025-05-20 19:18:29.649,2025-05-20 19:18:29.649
359,Tororo,229,UG,Uganda,212,district,0.6870994,34.0641419,2025-05-20 19:18:29.649,1,2025-05-20 19:18:29.649,1,,-05:00:00,-05:00:00,2025-05-20 19:18:29.649,2025-05-20 19:18:29.649
362,Wakiso,229,UG,Uganda,113,district,0.063019,32.4467238,2025-05-20 19:18:29.649,1,2025-05-20 19:18:29.649,1,,-05:00:00,-05:00:00,2025-05-20 19:18:29.649,2025-05-20 19:18:29.649
370,Western,229,UG,Uganda,W,region,40.7667215,-111.8877203,2025-05-20 19:18:29.649,1,2025-05-20 19:18:29.649,1,,-05:00:00,-05:00:00,2025-05-20 19:18:29.649,2025-05-20 19:18:29.649
330,Yumbe,229,UG,Uganda,313,district,3.4698023,31.2483291,2025-05-20 19:18:29.649,1,2025-05-20 19:18:29.649,1,,-05:00:00,-05:00:00,2025-05-20 19:18:29.649,2025-05-20 19:18:29.649
379,Zombo,229,UG,Uganda,330,district,2.5544293,30.9417368,2025-05-20 19:18:29.649,1,2025-05-20 19:18:29.649,1,,-05:00:00,-05:00:00,2025-05-20 19:18:29.649,2025-05-20 19:18:29.649
4689,Autonomous Republic of Crimea,230,UA,Ukraine,43,republic,44.952117,34.102417,2025-05-20 19:18:29.649,1,2025-05-20 19:18:29.649,1,,-05:00:00,-05:00:00,2025-05-20 19:18:29.649,2025-05-20 19:18:29.649
4680,Cherkaska,230,UA,Ukraine,71,region,49.444433,32.059767,2025-05-20 19:18:29.649,1,2025-05-20 19:18:29.649,1,,-05:00:00,-05:00:00,2025-05-20 19:18:29.649,2025-05-20 19:18:29.649
4692,Chernihivska,230,UA,Ukraine,74,region,51.4982,31.2893499,2025-05-20 19:18:29.649,1,2025-05-20 19:18:29.649,1,,-05:00:00,-05:00:00,2025-05-20 19:18:29.649,2025-05-20 19:18:29.649
4678,Chernivetska,230,UA,Ukraine,77,region,48.291683,25.935217,2025-05-20 19:18:29.649,1,2025-05-20 19:18:29.649,1,,-05:00:00,-05:00:00,2025-05-20 19:18:29.649,2025-05-20 19:18:29.649
4675,Dnipropetrovska,230,UA,Ukraine,12,region,48.464717,35.046183,2025-05-20 19:18:29.649,1,2025-05-20 19:18:29.649,1,,-05:00:00,-05:00:00,2025-05-20 19:18:29.649,2025-05-20 19:18:29.649
4691,Donetska,230,UA,Ukraine,14,region,48.015883,37.80285,2025-05-20 19:18:29.649,1,2025-05-20 19:18:29.649,1,,-05:00:00,-05:00:00,2025-05-20 19:18:29.649,2025-05-20 19:18:29.649
4682,Ivano-Frankivska,230,UA,Ukraine,26,region,48.922633,24.711117,2025-05-20 19:18:29.649,1,2025-05-20 19:18:29.649,1,,-05:00:00,-05:00:00,2025-05-20 19:18:29.649,2025-05-20 19:18:29.649
4686,Kharkivska,230,UA,Ukraine,63,region,49.9935,36.230383,2025-05-20 19:18:29.649,1,2025-05-20 19:18:29.649,1,,-05:00:00,-05:00:00,2025-05-20 19:18:29.649,2025-05-20 19:18:29.649
4684,Khersonska,230,UA,Ukraine,65,region,46.635417,32.616867,2025-05-20 19:18:29.649,1,2025-05-20 19:18:29.649,1,,-05:00:00,-05:00:00,2025-05-20 19:18:29.649,2025-05-20 19:18:29.649
4681,Khmelnytska,230,UA,Ukraine,68,region,49.422983,26.9871331,2025-05-20 19:18:29.649,1,2025-05-20 19:18:29.649,1,,-05:00:00,-05:00:00,2025-05-20 19:18:29.649,2025-05-20 19:18:29.649
4677,Kirovohradska,230,UA,Ukraine,35,region,48.507933,32.262317,2025-05-20 19:18:29.649,1,2025-05-20 19:18:29.649,1,,-05:00:00,-05:00:00,2025-05-20 19:18:29.649,2025-05-20 19:18:29.649
4676,Kyiv,230,UA,Ukraine,30,city,50.4501,30.5234,2025-05-20 19:18:29.649,1,2025-05-20 19:18:29.649,1,,-05:00:00,-05:00:00,2025-05-20 19:18:29.649,2025-05-20 19:18:29.649
4671,Kyivska,230,UA,Ukraine,32,region,50.0529506,30.7667134,2025-05-20 19:18:29.649,1,2025-05-20 19:18:29.649,1,,-05:00:00,-05:00:00,2025-05-20 19:18:29.649,2025-05-20 19:18:29.649
4673,Luhanska,230,UA,Ukraine,9,region,48.574041,39.307815,2025-05-20 19:18:29.649,1,2025-05-20 19:18:29.649,1,,-05:00:00,-05:00:00,2025-05-20 19:18:29.649,2025-05-20 19:18:29.649
4672,Lvivska,230,UA,Ukraine,46,region,49.839683,24.029717,2025-05-20 19:18:29.649,1,2025-05-20 19:18:29.649,1,,-05:00:00,-05:00:00,2025-05-20 19:18:29.649,2025-05-20 19:18:29.649
4679,Mykolaivska,230,UA,Ukraine,48,region,46.975033,31.9945829,2025-05-20 19:18:29.649,1,2025-05-20 19:18:29.649,1,,-05:00:00,-05:00:00,2025-05-20 19:18:29.649,2025-05-20 19:18:29.649
4688,Odeska,230,UA,Ukraine,51,region,46.484583,30.7326,2025-05-20 19:18:29.649,1,2025-05-20 19:18:29.649,1,,-05:00:00,-05:00:00,2025-05-20 19:18:29.649,2025-05-20 19:18:29.649
5071,Poltavska,230,UA,Ukraine,53,region,49.6429196,32.6675339,2025-05-20 19:18:29.649,1,2025-05-20 19:18:29.649,1,,-05:00:00,-05:00:00,2025-05-20 19:18:29.649,2025-05-20 19:18:29.649
4683,Rivnenska,230,UA,Ukraine,56,region,50.6199,26.251617,2025-05-20 19:18:29.649,1,2025-05-20 19:18:29.649,1,,-05:00:00,-05:00:00,2025-05-20 19:18:29.649,2025-05-20 19:18:29.649
1912,Sevastopol,230,UA,Ukraine,40,city,44.61665,33.5253671,2025-05-20 19:18:29.649,1,2025-05-20 19:18:29.649,1,,-05:00:00,-05:00:00,2025-05-20 19:18:29.649,2025-05-20 19:18:29.649
4685,Sumska,230,UA,Ukraine,59,region,50.9077,34.7981,2025-05-20 19:18:29.649,1,2025-05-20 19:18:29.649,1,,-05:00:00,-05:00:00,2025-05-20 19:18:29.649,2025-05-20 19:18:29.649
4674,Ternopilska,230,UA,Ukraine,61,region,49.553517,25.594767,2025-05-20 19:18:29.649,1,2025-05-20 19:18:29.649,1,,-05:00:00,-05:00:00,2025-05-20 19:18:29.649,2025-05-20 19:18:29.649
4669,Vinnytska,230,UA,Ukraine,5,region,49.233083,28.4682169,2025-05-20 19:18:29.649,1,2025-05-20 19:18:29.649,1,,-05:00:00,-05:00:00,2025-05-20 19:18:29.649,2025-05-20 19:18:29.649
4690,Volynska,230,UA,Ukraine,7,region,50.747233,25.325383,2025-05-20 19:18:29.649,1,2025-05-20 19:18:29.649,1,,-05:00:00,-05:00:00,2025-05-20 19:18:29.649,2025-05-20 19:18:29.649
4670,Zakarpatska,230,UA,Ukraine,21,region,48.6208,22.287883,2025-05-20 19:18:29.649,1,2025-05-20 19:18:29.649,1,,-05:00:00,-05:00:00,2025-05-20 19:18:29.649,2025-05-20 19:18:29.649
4687,Zaporizka,230,UA,Ukraine,23,region,47.8388,35.139567,2025-05-20 19:18:29.649,1,2025-05-20 19:18:29.649,1,,-05:00:00,-05:00:00,2025-05-20 19:18:29.649,2025-05-20 19:18:29.649
4668,Zhytomyrska,230,UA,Ukraine,18,region,50.25465,28.6586669,2025-05-20 19:18:29.649,1,2025-05-20 19:18:29.649,1,,-05:00:00,-05:00:00,2025-05-20 19:18:29.649,2025-05-20 19:18:29.649
3396,Abu Dhabi,231,AE,United Arab Emirates,AZ,emirate,24.453884,54.3773438,2025-05-20 19:18:29.649,1,2025-05-20 19:18:29.649,1,,-05:00:00,-05:00:00,2025-05-20 19:18:29.649,2025-05-20 19:18:29.649
3395,Ajman,231,AE,United Arab Emirates,AJ,emirate,25.4052165,55.5136433,2025-05-20 19:18:29.649,1,2025-05-20 19:18:29.649,1,,-05:00:00,-05:00:00,2025-05-20 19:18:29.649,2025-05-20 19:18:29.649
3391,Dubai,231,AE,United Arab Emirates,DU,emirate,25.2048493,55.2707828,2025-05-20 19:18:29.649,1,2025-05-20 19:18:29.649,1,,-05:00:00,-05:00:00,2025-05-20 19:18:29.649,2025-05-20 19:18:29.649
3393,Fujairah,231,AE,United Arab Emirates,FU,emirate,25.1288099,56.3264849,2025-05-20 19:18:29.649,1,2025-05-20 19:18:29.649,1,,-05:00:00,-05:00:00,2025-05-20 19:18:29.649,2025-05-20 19:18:29.649
3394,Ras Al Khaimah,231,AE,United Arab Emirates,RK,emirate,25.6741343,55.9804173,2025-05-20 19:18:29.649,1,2025-05-20 19:18:29.649,1,,-05:00:00,-05:00:00,2025-05-20 19:18:29.649,2025-05-20 19:18:29.649
3390,Sharjah,231,AE,United Arab Emirates,SH,emirate,25.0753974,55.7578403,2025-05-20 19:18:29.649,1,2025-05-20 19:18:29.649,1,,-05:00:00,-05:00:00,2025-05-20 19:18:29.649,2025-05-20 19:18:29.649
3392,Umm Al Quwain,231,AE,United Arab Emirates,UQ,emirate,25.5426324,55.5475348,2025-05-20 19:18:29.649,1,2025-05-20 19:18:29.649,1,,-05:00:00,-05:00:00,2025-05-20 19:18:29.649,2025-05-20 19:18:29.649
2463,Aberdeen,232,GB,United Kingdom,ABE,council area,57.149717,-2.094278,2025-05-20 19:18:29.649,1,2025-05-20 19:18:29.649,1,,-05:00:00,-05:00:00,2025-05-20 19:18:29.649,2025-05-20 19:18:29.649
2401,Aberdeenshire,232,GB,United Kingdom,ABD,council area,57.2868723,-2.3815684,2025-05-20 19:18:29.649,1,2025-05-20 19:18:29.649,1,,-05:00:00,-05:00:00,2025-05-20 19:18:29.649,2025-05-20 19:18:29.649
2387,Angus,232,GB,United Kingdom,ANS,council area,37.2757886,-95.6501033,2025-05-20 19:18:29.649,1,2025-05-20 19:18:29.649,1,,-05:00:00,-05:00:00,2025-05-20 19:18:29.649,2025-05-20 19:18:29.649
2533,Antrim,232,GB,United Kingdom,ANT,unitary authority,54.7195338,-6.2072498,2025-05-20 19:18:29.649,1,2025-05-20 19:18:29.649,1,,-05:00:00,-05:00:00,2025-05-20 19:18:29.649,2025-05-20 19:18:29.649
2412,Antrim and Newtownabbey,232,GB,United Kingdom,ANN,district,54.6956887,-5.9481069,2025-05-20 19:18:29.649,1,2025-05-20 19:18:29.649,1,,-05:00:00,-05:00:00,2025-05-20 19:18:29.649,2025-05-20 19:18:29.649
2498,Ards,232,GB,United Kingdom,ARD,unitary authority,42.1391851,-87.8614972,2025-05-20 19:18:29.649,1,2025-05-20 19:18:29.649,1,,-05:00:00,-05:00:00,2025-05-20 19:18:29.649,2025-05-20 19:18:29.649
2523,Ards and North Down,232,GB,United Kingdom,AND,district,54.5899645,-5.5984972,2025-05-20 19:18:29.649,1,2025-05-20 19:18:29.649,1,,-05:00:00,-05:00:00,2025-05-20 19:18:29.649,2025-05-20 19:18:29.649
2392,Argyll and Bute,232,GB,United Kingdom,AGB,council area,56.4006214,-5.480748,2025-05-20 19:18:29.649,1,2025-05-20 19:18:29.649,1,,-05:00:00,-05:00:00,2025-05-20 19:18:29.649,2025-05-20 19:18:29.649
2331,Armagh,232,GB,United Kingdom,ARM,district council,54.3932592,-6.4563401,2025-05-20 19:18:29.649,1,2025-05-20 19:18:29.649,1,,-05:00:00,-05:00:00,2025-05-20 19:18:29.649,2025-05-20 19:18:29.649
2324,"Armagh, Banbridge and Craigavon",232,GB,United Kingdom,ABC,district,54.3842608,-7.1067217,2025-05-20 19:18:29.649,1,2025-05-20 19:18:29.649,1,,-05:00:00,-05:00:00,2025-05-20 19:18:29.649,2025-05-20 19:18:29.649
2378,Ascension Island,232,GB,United Kingdom,SH-AC,unitary authority,-7.9467166,-14.3559158,2025-05-20 19:18:29.649,1,2025-05-20 19:18:29.649,1,,-05:00:00,-05:00:00,2025-05-20 19:18:29.649,2025-05-20 19:18:29.649
2363,Ballymena,232,GB,United Kingdom,BLA,borough council,54.86426,-6.2791074,2025-05-20 19:18:29.649,1,2025-05-20 19:18:29.649,1,,-05:00:00,-05:00:00,2025-05-20 19:18:29.649,2025-05-20 19:18:29.649
2361,Ballymoney,232,GB,United Kingdom,BLY,unitary authority,55.0704888,-6.5173708,2025-05-20 19:18:29.649,1,2025-05-20 19:18:29.649,1,,-05:00:00,-05:00:00,2025-05-20 19:18:29.649,2025-05-20 19:18:29.649
2315,Banbridge,232,GB,United Kingdom,BNB,unitary authority,54.348729,-6.2704803,2025-05-20 19:18:29.649,1,2025-05-20 19:18:29.649,1,,-05:00:00,-05:00:00,2025-05-20 19:18:29.649,2025-05-20 19:18:29.649
2356,Barking and Dagenham,232,GB,United Kingdom,BDG,london borough,51.5540666,0.134017,2025-05-20 19:18:29.649,1,2025-05-20 19:18:29.649,1,,-05:00:00,-05:00:00,2025-05-20 19:18:29.649,2025-05-20 19:18:29.649
2520,Barnet,232,GB,United Kingdom,BNE,london borough,51.6049673,-0.2076295,2025-05-20 19:18:29.649,1,2025-05-20 19:18:29.649,1,,-05:00:00,-05:00:00,2025-05-20 19:18:29.649,2025-05-20 19:18:29.649
2499,Barnsley,232,GB,United Kingdom,BNS,metropolitan district,34.2994956,-84.9845809,2025-05-20 19:18:29.649,1,2025-05-20 19:18:29.649,1,,-05:00:00,-05:00:00,2025-05-20 19:18:29.649,2025-05-20 19:18:29.649
2339,Bath and North East Somerset,232,GB,United Kingdom,BAS,unitary authority,51.3250102,-2.4766241,2025-05-20 19:18:29.649,1,2025-05-20 19:18:29.649,1,,-05:00:00,-05:00:00,2025-05-20 19:18:29.649,2025-05-20 19:18:29.649
2507,Bedford,232,GB,United Kingdom,BDF,unitary authority,32.844017,-97.1430671,2025-05-20 19:18:29.649,1,2025-05-20 19:18:29.649,1,,-05:00:00,-05:00:00,2025-05-20 19:18:29.649,2025-05-20 19:18:29.649
2311,Belfast,232,GB,United Kingdom,BFS,district,54.6170366,-5.9531861,2025-05-20 19:18:29.649,1,2025-05-20 19:18:29.649,1,,-05:00:00,-05:00:00,2025-05-20 19:18:29.649,2025-05-20 19:18:29.649
2307,Bexley,232,GB,United Kingdom,BEX,london borough,51.4519021,0.1171786,2025-05-20 19:18:29.649,1,2025-05-20 19:18:29.649,1,,-05:00:00,-05:00:00,2025-05-20 19:18:29.649,2025-05-20 19:18:29.649
2425,Birmingham,232,GB,United Kingdom,BIR,metropolitan district,33.5185892,-86.8103567,2025-05-20 19:18:29.649,1,2025-05-20 19:18:29.649,1,,-05:00:00,-05:00:00,2025-05-20 19:18:29.649,2025-05-20 19:18:29.649
2329,Blackburn with Darwen,232,GB,United Kingdom,BBD,unitary authority,53.6957522,-2.4682985,2025-05-20 19:18:29.649,1,2025-05-20 19:18:29.649,1,,-05:00:00,-05:00:00,2025-05-20 19:18:29.649,2025-05-20 19:18:29.649
2451,Blackpool,232,GB,United Kingdom,BPL,unitary authority,53.8175053,-3.0356748,2025-05-20 19:18:29.649,1,2025-05-20 19:18:29.649,1,,-05:00:00,-05:00:00,2025-05-20 19:18:29.649,2025-05-20 19:18:29.649
2530,Blaenau Gwent,232,GB,United Kingdom,BGW,borough council,51.7875779,-3.2043931,2025-05-20 19:18:29.649,1,2025-05-20 19:18:29.649,1,,-05:00:00,-05:00:00,2025-05-20 19:18:29.649,2025-05-20 19:18:29.649
2504,Bolton,232,GB,United Kingdom,BOL,metropolitan district,44.3726476,-72.8787625,2025-05-20 19:18:29.649,1,2025-05-20 19:18:29.649,1,,-05:00:00,-05:00:00,2025-05-20 19:18:29.649,2025-05-20 19:18:29.649
2342,Bournemouth,232,GB,United Kingdom,BMH,unitary authority,50.719164,-1.880769,2025-05-20 19:18:29.649,1,2025-05-20 19:18:29.649,1,,-05:00:00,-05:00:00,2025-05-20 19:18:29.649,2025-05-20 19:18:29.649
2470,Bracknell Forest,232,GB,United Kingdom,BRC,unitary authority,51.4153828,-0.7536495,2025-05-20 19:18:29.649,1,2025-05-20 19:18:29.649,1,,-05:00:00,-05:00:00,2025-05-20 19:18:29.649,2025-05-20 19:18:29.649
2529,Bradford,232,GB,United Kingdom,BRD,metropolitan district,53.795984,-1.759398,2025-05-20 19:18:29.649,1,2025-05-20 19:18:29.649,1,,-05:00:00,-05:00:00,2025-05-20 19:18:29.649,2025-05-20 19:18:29.649
2291,Brent,232,GB,United Kingdom,BEN,london borough,51.5672808,-0.2710568,2025-05-20 19:18:29.649,1,2025-05-20 19:18:29.649,1,,-05:00:00,-05:00:00,2025-05-20 19:18:29.649,2025-05-20 19:18:29.649
2452,Bridgend,232,GB,United Kingdom,BGE,borough council,51.5083199,-3.5812075,2025-05-20 19:18:29.649,1,2025-05-20 19:18:29.649,1,,-05:00:00,-05:00:00,2025-05-20 19:18:29.649,2025-05-20 19:18:29.649
2395,Brighton and Hove,232,GB,United Kingdom,BNH,unitary authority,50.8226288,-0.137047,2025-05-20 19:18:29.649,1,2025-05-20 19:18:29.649,1,,-05:00:00,-05:00:00,2025-05-20 19:18:29.649,2025-05-20 19:18:29.649
2413,Bristol,232,GB,United Kingdom,BST,unitary authority,41.673522,-72.9465375,2025-05-20 19:18:29.649,1,2025-05-20 19:18:29.649,1,,-05:00:00,-05:00:00,2025-05-20 19:18:29.649,2025-05-20 19:18:29.649
2490,Bromley,232,GB,United Kingdom,BRY,london borough,51.3679705,0.070062,2025-05-20 19:18:29.649,1,2025-05-20 19:18:29.649,1,,-05:00:00,-05:00:00,2025-05-20 19:18:29.649,2025-05-20 19:18:29.649
2405,Buckinghamshire,232,GB,United Kingdom,BKM,unitary authority,51.8072204,-0.8127664,2025-05-20 19:18:29.649,1,2025-05-20 19:18:29.649,1,,-05:00:00,-05:00:00,2025-05-20 19:18:29.649,2025-05-20 19:18:29.649
2459,Bury,232,GB,United Kingdom,BUR,metropolitan district,53.5933498,-2.2966054,2025-05-20 19:18:29.649,1,2025-05-20 19:18:29.649,1,,-05:00:00,-05:00:00,2025-05-20 19:18:29.649,2025-05-20 19:18:29.649
2298,Caerphilly,232,GB,United Kingdom,CAY,unitary authority,51.6604465,-3.2178724,2025-05-20 19:18:29.649,1,2025-05-20 19:18:29.649,1,,-05:00:00,-05:00:00,2025-05-20 19:18:29.649,2025-05-20 19:18:29.649
2517,Calderdale,232,GB,United Kingdom,CLD,metropolitan district,53.7247845,-1.8658357,2025-05-20 19:18:29.649,1,2025-05-20 19:18:29.649,1,,-05:00:00,-05:00:00,2025-05-20 19:18:29.649,2025-05-20 19:18:29.649
2423,Cambridgeshire,232,GB,United Kingdom,CAM,two-tier county,52.2052973,0.1218195,2025-05-20 19:18:29.649,1,2025-05-20 19:18:29.649,1,,-05:00:00,-05:00:00,2025-05-20 19:18:29.649,2025-05-20 19:18:29.649
2349,Camden,232,GB,United Kingdom,CMD,london borough,51.5454736,-0.1627902,2025-05-20 19:18:29.649,1,2025-05-20 19:18:29.649,1,,-05:00:00,-05:00:00,2025-05-20 19:18:29.649,2025-05-20 19:18:29.649
2528,Cardiff,232,GB,United Kingdom,CRF,unitary authority,51.481581,-3.17909,2025-05-20 19:18:29.649,1,2025-05-20 19:18:29.649,1,,-05:00:00,-05:00:00,2025-05-20 19:18:29.649,2025-05-20 19:18:29.649
2484,Carmarthenshire,232,GB,United Kingdom,CMN,unitary authority,51.8572309,-4.3115959,2025-05-20 19:18:29.649,1,2025-05-20 19:18:29.649,1,,-05:00:00,-05:00:00,2025-05-20 19:18:29.649,2025-05-20 19:18:29.649
2439,Carrickfergus,232,GB,United Kingdom,CKF,borough council,54.7256843,-5.8093719,2025-05-20 19:18:29.649,1,2025-05-20 19:18:29.649,1,,-05:00:00,-05:00:00,2025-05-20 19:18:29.649,2025-05-20 19:18:29.649
2525,Castlereagh,232,GB,United Kingdom,CSR,unitary authority,54.575679,-5.8884028,2025-05-20 19:18:29.649,1,2025-05-20 19:18:29.649,1,,-05:00:00,-05:00:00,2025-05-20 19:18:29.649,2025-05-20 19:18:29.649
2316,Causeway Coast and Glens,232,GB,United Kingdom,CCG,district,55.043183,-6.6741288,2025-05-20 19:18:29.649,1,2025-05-20 19:18:29.649,1,,-05:00:00,-05:00:00,2025-05-20 19:18:29.649,2025-05-20 19:18:29.649
2303,Central Bedfordshire,232,GB,United Kingdom,CBF,unitary authority,52.0029744,-0.4651389,2025-05-20 19:18:29.649,1,2025-05-20 19:18:29.649,1,,-05:00:00,-05:00:00,2025-05-20 19:18:29.649,2025-05-20 19:18:29.649
2509,Ceredigion,232,GB,United Kingdom,CGN,unitary authority,52.2191429,-3.9321256,2025-05-20 19:18:29.649,1,2025-05-20 19:18:29.649,1,,-05:00:00,-05:00:00,2025-05-20 19:18:29.649,2025-05-20 19:18:29.649
2444,Cheshire East,232,GB,United Kingdom,CHE,unitary authority,53.1610446,-2.2185932,2025-05-20 19:18:29.649,1,2025-05-20 19:18:29.649,1,,-05:00:00,-05:00:00,2025-05-20 19:18:29.649,2025-05-20 19:18:29.649
2442,Cheshire West and Chester,232,GB,United Kingdom,CHW,unitary authority,53.2302974,-2.7151117,2025-05-20 19:18:29.649,1,2025-05-20 19:18:29.649,1,,-05:00:00,-05:00:00,2025-05-20 19:18:29.649,2025-05-20 19:18:29.649
2475,City of Kingston upon Hull,232,GB,United Kingdom,KHL,unitary authority,53.7676236,-0.3274198,2025-05-20 19:18:29.649,1,2025-05-20 19:18:29.649,1,,-05:00:00,-05:00:00,2025-05-20 19:18:29.649,2025-05-20 19:18:29.649
2294,City of Southampton,232,GB,United Kingdom,STH,unitary authority,50.9097004,-1.4043509,2025-05-20 19:18:29.649,1,2025-05-20 19:18:29.649,1,,-05:00:00,-05:00:00,2025-05-20 19:18:29.649,2025-05-20 19:18:29.649
2450,Clackmannanshire,232,GB,United Kingdom,CLK,council area,56.1075351,-3.7529409,2025-05-20 19:18:29.649,1,2025-05-20 19:18:29.649,1,,-05:00:00,-05:00:00,2025-05-20 19:18:29.649,2025-05-20 19:18:29.649
2461,Coleraine,232,GB,United Kingdom,CLR,borough council,55.145157,-6.6759814,2025-05-20 19:18:29.649,1,2025-05-20 19:18:29.649,1,,-05:00:00,-05:00:00,2025-05-20 19:18:29.649,2025-05-20 19:18:29.649
2352,Conwy,232,GB,United Kingdom,CWY,unitary authority,53.2935013,-3.7265161,2025-05-20 19:18:29.649,1,2025-05-20 19:18:29.649,1,,-05:00:00,-05:00:00,2025-05-20 19:18:29.649,2025-05-20 19:18:29.649
2445,Cookstown,232,GB,United Kingdom,CKT,district council,54.6418158,-6.7443895,2025-05-20 19:18:29.649,1,2025-05-20 19:18:29.649,1,,-05:00:00,-05:00:00,2025-05-20 19:18:29.649,2025-05-20 19:18:29.649
2312,Cornwall,232,GB,United Kingdom,CON,unitary authority,50.2660471,-5.0527125,2025-05-20 19:18:29.649,1,2025-05-20 19:18:29.649,1,,-05:00:00,-05:00:00,2025-05-20 19:18:29.649,2025-05-20 19:18:29.649
2438,Coventry,232,GB,United Kingdom,COV,metropolitan district,52.406822,-1.519693,2025-05-20 19:18:29.649,1,2025-05-20 19:18:29.649,1,,-05:00:00,-05:00:00,2025-05-20 19:18:29.649,2025-05-20 19:18:29.649
2449,Craigavon,232,GB,United Kingdom,CGV,borough council,54.4370007,-6.4563401,2025-05-20 19:18:29.649,1,2025-05-20 19:18:29.649,1,,-05:00:00,-05:00:00,2025-05-20 19:18:29.649,2025-05-20 19:18:29.649
2512,Croydon,232,GB,United Kingdom,CRY,london borough,51.3827446,-0.0985163,2025-05-20 19:18:29.649,1,2025-05-20 19:18:29.649,1,,-05:00:00,-05:00:00,2025-05-20 19:18:29.649,2025-05-20 19:18:29.649
2334,Cumbria,232,GB,United Kingdom,CMA,two-tier county,54.5772323,-2.7974835,2025-05-20 19:18:29.649,1,2025-05-20 19:18:29.649,1,,-05:00:00,-05:00:00,2025-05-20 19:18:29.649,2025-05-20 19:18:29.649
2389,Darlington,232,GB,United Kingdom,DAL,unitary authority,34.2998762,-79.8761741,2025-05-20 19:18:29.649,1,2025-05-20 19:18:29.649,1,,-05:00:00,-05:00:00,2025-05-20 19:18:29.649,2025-05-20 19:18:29.649
2497,Denbighshire,232,GB,United Kingdom,DEN,unitary authority,53.1842288,-3.4224985,2025-05-20 19:18:29.649,1,2025-05-20 19:18:29.649,1,,-05:00:00,-05:00:00,2025-05-20 19:18:29.649,2025-05-20 19:18:29.649
2485,Derby,232,GB,United Kingdom,DER,unitary authority,37.5483755,-97.2485191,2025-05-20 19:18:29.649,1,2025-05-20 19:18:29.649,1,,-05:00:00,-05:00:00,2025-05-20 19:18:29.649,2025-05-20 19:18:29.649
2403,Derbyshire,232,GB,United Kingdom,DBY,two-tier county,53.1046782,-1.5623885,2025-05-20 19:18:29.649,1,2025-05-20 19:18:29.649,1,,-05:00:00,-05:00:00,2025-05-20 19:18:29.649,2025-05-20 19:18:29.649
2417,Derry,232,GB,United Kingdom,DRY,unitary authority,54.9690778,-7.1958351,2025-05-20 19:18:29.649,1,2025-05-20 19:18:29.649,1,,-05:00:00,-05:00:00,2025-05-20 19:18:29.649,2025-05-20 19:18:29.649
2446,Derry City and Strabane,232,GB,United Kingdom,DRS,district,55.0047443,-7.3209222,2025-05-20 19:18:29.649,1,2025-05-20 19:18:29.649,1,,-05:00:00,-05:00:00,2025-05-20 19:18:29.649,2025-05-20 19:18:29.649
2491,Devon,232,GB,United Kingdom,DEV,two-tier county,50.7155591,-3.530875,2025-05-20 19:18:29.649,1,2025-05-20 19:18:29.649,1,,-05:00:00,-05:00:00,2025-05-20 19:18:29.649,2025-05-20 19:18:29.649
2364,Doncaster,232,GB,United Kingdom,DNC,metropolitan district,53.52282,-1.128462,2025-05-20 19:18:29.649,1,2025-05-20 19:18:29.649,1,,-05:00:00,-05:00:00,2025-05-20 19:18:29.649,2025-05-20 19:18:29.649
2345,Dorset,232,GB,United Kingdom,DOR,two-tier county,50.7487635,-2.3444786,2025-05-20 19:18:29.649,1,2025-05-20 19:18:29.649,1,,-05:00:00,-05:00:00,2025-05-20 19:18:29.649,2025-05-20 19:18:29.649
2304,Down District Council,232,GB,United Kingdom,DOW,unitary authority,54.2434287,-5.9577959,2025-05-20 19:18:29.649,1,2025-05-20 19:18:29.649,1,,-05:00:00,-05:00:00,2025-05-20 19:18:29.649,2025-05-20 19:18:29.649
2457,Dudley,232,GB,United Kingdom,DUD,metropolitan district,42.0433661,-71.9276033,2025-05-20 19:18:29.649,1,2025-05-20 19:18:29.649,1,,-05:00:00,-05:00:00,2025-05-20 19:18:29.649,2025-05-20 19:18:29.649
2415,Dumfries and Galloway,232,GB,United Kingdom,DGY,council area,55.0701073,-3.6052581,2025-05-20 19:18:29.649,1,2025-05-20 19:18:29.649,1,,-05:00:00,-05:00:00,2025-05-20 19:18:29.649,2025-05-20 19:18:29.649
2511,Dundee,232,GB,United Kingdom,DND,council area,56.462018,-2.970721,2025-05-20 19:18:29.649,1,2025-05-20 19:18:29.649,1,,-05:00:00,-05:00:00,2025-05-20 19:18:29.649,2025-05-20 19:18:29.649
2508,Dungannon and South Tyrone,232,GB,United Kingdom,DGN,borough council,54.5082684,-6.7665891,2025-05-20 19:18:29.649,1,2025-05-20 19:18:29.649,1,,-05:00:00,-05:00:00,2025-05-20 19:18:29.649,2025-05-20 19:18:29.649
2406,Durham,232,GB,United Kingdom,DUR,unitary authority,54.7294099,-1.8811598,2025-05-20 19:18:29.649,1,2025-05-20 19:18:29.649,1,,-05:00:00,-05:00:00,2025-05-20 19:18:29.649,2025-05-20 19:18:29.649
2532,Ealing,232,GB,United Kingdom,EAL,london borough,51.5250366,-0.3413965,2025-05-20 19:18:29.649,1,2025-05-20 19:18:29.649,1,,-05:00:00,-05:00:00,2025-05-20 19:18:29.649,2025-05-20 19:18:29.649
2374,East Ayrshire,232,GB,United Kingdom,EAY,council area,55.4518496,-4.2644478,2025-05-20 19:18:29.649,1,2025-05-20 19:18:29.649,1,,-05:00:00,-05:00:00,2025-05-20 19:18:29.649,2025-05-20 19:18:29.649
2454,East Dunbartonshire,232,GB,United Kingdom,EDU,council area,55.9743162,-4.202298,2025-05-20 19:18:29.649,1,2025-05-20 19:18:29.649,1,,-05:00:00,-05:00:00,2025-05-20 19:18:29.649,2025-05-20 19:18:29.649
2462,East Lothian,232,GB,United Kingdom,ELN,council area,55.9493383,-2.7704464,2025-05-20 19:18:29.649,1,2025-05-20 19:18:29.649,1,,-05:00:00,-05:00:00,2025-05-20 19:18:29.649,2025-05-20 19:18:29.649
2333,East Renfrewshire,232,GB,United Kingdom,ERW,council area,55.7704735,-4.3359821,2025-05-20 19:18:29.649,1,2025-05-20 19:18:29.649,1,,-05:00:00,-05:00:00,2025-05-20 19:18:29.649,2025-05-20 19:18:29.649
2370,East Riding of Yorkshire,232,GB,United Kingdom,ERY,unitary authority,53.8416168,-0.4344106,2025-05-20 19:18:29.649,1,2025-05-20 19:18:29.649,1,,-05:00:00,-05:00:00,2025-05-20 19:18:29.649,2025-05-20 19:18:29.649
2414,East Sussex,232,GB,United Kingdom,ESX,two-tier county,50.9085955,0.2494166,2025-05-20 19:18:29.649,1,2025-05-20 19:18:29.649,1,,-05:00:00,-05:00:00,2025-05-20 19:18:29.649,2025-05-20 19:18:29.649
2428,Edinburgh,232,GB,United Kingdom,EDH,council area,55.953252,-3.188267,2025-05-20 19:18:29.649,1,2025-05-20 19:18:29.649,1,,-05:00:00,-05:00:00,2025-05-20 19:18:29.649,2025-05-20 19:18:29.649
2476,Enfield,232,GB,United Kingdom,ENF,london borough,51.6622909,-0.1180651,2025-05-20 19:18:29.649,1,2025-05-20 19:18:29.649,1,,-05:00:00,-05:00:00,2025-05-20 19:18:29.649,2025-05-20 19:18:29.649
2336,England,232,GB,United Kingdom,ENG,country,52.3555177,-1.1743197,2025-05-20 19:18:29.649,1,2025-05-20 19:18:29.649,1,,-05:00:00,-05:00:00,2025-05-20 19:18:29.649,2025-05-20 19:18:29.649
2410,Essex,232,GB,United Kingdom,ESS,two-tier county,51.5742447,0.4856781,2025-05-20 19:18:29.649,1,2025-05-20 19:18:29.649,1,,-05:00:00,-05:00:00,2025-05-20 19:18:29.649,2025-05-20 19:18:29.649
2344,Falkirk,232,GB,United Kingdom,FAL,council area,56.0018775,-3.7839131,2025-05-20 19:18:29.649,1,2025-05-20 19:18:29.649,1,,-05:00:00,-05:00:00,2025-05-20 19:18:29.649,2025-05-20 19:18:29.649
2531,Fermanagh,232,GB,United Kingdom,FER,district council,54.3447978,-7.6384218,2025-05-20 19:18:29.649,1,2025-05-20 19:18:29.649,1,,-05:00:00,-05:00:00,2025-05-20 19:18:29.649,2025-05-20 19:18:29.649
2366,Fermanagh and Omagh,232,GB,United Kingdom,FMO,district,54.4459408,-8.2151343,2025-05-20 19:18:29.649,1,2025-05-20 19:18:29.649,1,,-05:00:00,-05:00:00,2025-05-20 19:18:29.649,2025-05-20 19:18:29.649
2479,Fife,232,GB,United Kingdom,FIF,council area,56.2082078,-3.1495175,2025-05-20 19:18:29.649,1,2025-05-20 19:18:29.649,1,,-05:00:00,-05:00:00,2025-05-20 19:18:29.649,2025-05-20 19:18:29.649
2437,Flintshire,232,GB,United Kingdom,FLN,unitary authority,53.1668658,-3.1418908,2025-05-20 19:18:29.649,1,2025-05-20 19:18:29.649,1,,-05:00:00,-05:00:00,2025-05-20 19:18:29.649,2025-05-20 19:18:29.649
2431,Gateshead,232,GB,United Kingdom,GAT,metropolitan district,54.95268,-1.603411,2025-05-20 19:18:29.649,1,2025-05-20 19:18:29.649,1,,-05:00:00,-05:00:00,2025-05-20 19:18:29.649,2025-05-20 19:18:29.649
2404,Glasgow,232,GB,United Kingdom,GLG,council area,55.864237,-4.251806,2025-05-20 19:18:29.649,1,2025-05-20 19:18:29.649,1,,-05:00:00,-05:00:00,2025-05-20 19:18:29.649,2025-05-20 19:18:29.649
2373,Gloucestershire,232,GB,United Kingdom,GLS,two-tier county,51.8642112,-2.2380335,2025-05-20 19:18:29.649,1,2025-05-20 19:18:29.649,1,,-05:00:00,-05:00:00,2025-05-20 19:18:29.649,2025-05-20 19:18:29.649
2492,Greenwich,232,GB,United Kingdom,GRE,london borough,51.4834627,0.0586202,2025-05-20 19:18:29.649,1,2025-05-20 19:18:29.649,1,,-05:00:00,-05:00:00,2025-05-20 19:18:29.649,2025-05-20 19:18:29.649
2379,Gwynedd,232,GB,United Kingdom,GWN,unitary authority,52.9277266,-4.1334836,2025-05-20 19:18:29.649,1,2025-05-20 19:18:29.649,1,,-05:00:00,-05:00:00,2025-05-20 19:18:29.649,2025-05-20 19:18:29.649
2411,Hackney,232,GB,United Kingdom,HCK,london borough,51.573445,-0.0724376,2025-05-20 19:18:29.649,1,2025-05-20 19:18:29.649,1,,-05:00:00,-05:00:00,2025-05-20 19:18:29.649,2025-05-20 19:18:29.649
2466,Halton,232,GB,United Kingdom,HAL,unitary authority,43.5325372,-79.8744836,2025-05-20 19:18:29.649,1,2025-05-20 19:18:29.649,1,,-05:00:00,-05:00:00,2025-05-20 19:18:29.649,2025-05-20 19:18:29.649
2448,Hammersmith and Fulham,232,GB,United Kingdom,HMF,london borough,51.4990156,-0.22915,2025-05-20 19:18:29.649,1,2025-05-20 19:18:29.649,1,,-05:00:00,-05:00:00,2025-05-20 19:18:29.649,2025-05-20 19:18:29.649
2435,Hampshire,232,GB,United Kingdom,HAM,two-tier county,51.0576948,-1.3080629,2025-05-20 19:18:29.649,1,2025-05-20 19:18:29.649,1,,-05:00:00,-05:00:00,2025-05-20 19:18:29.649,2025-05-20 19:18:29.649
2306,Haringey,232,GB,United Kingdom,HRY,london borough,51.5906113,-0.1109709,2025-05-20 19:18:29.649,1,2025-05-20 19:18:29.649,1,,-05:00:00,-05:00:00,2025-05-20 19:18:29.649,2025-05-20 19:18:29.649
2385,Harrow,232,GB,United Kingdom,HRW,london borough,51.5881627,-0.3422851,2025-05-20 19:18:29.649,1,2025-05-20 19:18:29.649,1,,-05:00:00,-05:00:00,2025-05-20 19:18:29.649,2025-05-20 19:18:29.649
2309,Hartlepool,232,GB,United Kingdom,HPL,unitary authority,54.691745,-1.212926,2025-05-20 19:18:29.649,1,2025-05-20 19:18:29.649,1,,-05:00:00,-05:00:00,2025-05-20 19:18:29.649,2025-05-20 19:18:29.649
2347,Havering,232,GB,United Kingdom,HAV,london borough,51.577924,0.2120829,2025-05-20 19:18:29.649,1,2025-05-20 19:18:29.649,1,,-05:00:00,-05:00:00,2025-05-20 19:18:29.649,2025-05-20 19:18:29.649
2500,Herefordshire,232,GB,United Kingdom,HEF,unitary authority,52.0765164,-2.6544182,2025-05-20 19:18:29.649,1,2025-05-20 19:18:29.649,1,,-05:00:00,-05:00:00,2025-05-20 19:18:29.649,2025-05-20 19:18:29.649
2369,Hertfordshire,232,GB,United Kingdom,HRT,two-tier county,51.8097823,-0.2376744,2025-05-20 19:18:29.649,1,2025-05-20 19:18:29.649,1,,-05:00:00,-05:00:00,2025-05-20 19:18:29.649,2025-05-20 19:18:29.649
2383,Highland,232,GB,United Kingdom,HLD,council area,36.2967508,-95.8380366,2025-05-20 19:18:29.649,1,2025-05-20 19:18:29.649,1,,-05:00:00,-05:00:00,2025-05-20 19:18:29.649,2025-05-20 19:18:29.649
2376,Hillingdon,232,GB,United Kingdom,HIL,london borough,51.5351832,-0.4481378,2025-05-20 19:18:29.649,1,2025-05-20 19:18:29.649,1,,-05:00:00,-05:00:00,2025-05-20 19:18:29.649,2025-05-20 19:18:29.649
2380,Hounslow,232,GB,United Kingdom,HNS,london borough,51.4828358,-0.3882062,2025-05-20 19:18:29.649,1,2025-05-20 19:18:29.649,1,,-05:00:00,-05:00:00,2025-05-20 19:18:29.649,2025-05-20 19:18:29.649
2388,Inverclyde,232,GB,United Kingdom,IVC,council area,55.9316569,-4.6800158,2025-05-20 19:18:29.649,1,2025-05-20 19:18:29.649,1,,-05:00:00,-05:00:00,2025-05-20 19:18:29.649,2025-05-20 19:18:29.649
2289,Isle of Wight,232,GB,United Kingdom,IOW,unitary authority,50.6938479,-1.304734,2025-05-20 19:18:29.649,1,2025-05-20 19:18:29.649,1,,-05:00:00,-05:00:00,2025-05-20 19:18:29.649,2025-05-20 19:18:29.649
2343,Isles of Scilly,232,GB,United Kingdom,IOS,unitary authority,49.9277261,-6.3274966,2025-05-20 19:18:29.649,1,2025-05-20 19:18:29.649,1,,-05:00:00,-05:00:00,2025-05-20 19:18:29.649,2025-05-20 19:18:29.649
2319,Islington,232,GB,United Kingdom,ISL,london borough,51.5465063,-0.1058058,2025-05-20 19:18:29.649,1,2025-05-20 19:18:29.649,1,,-05:00:00,-05:00:00,2025-05-20 19:18:29.649,2025-05-20 19:18:29.649
2368,Kensington and Chelsea,232,GB,United Kingdom,KEC,london borough,51.4990805,-0.1938253,2025-05-20 19:18:29.649,1,2025-05-20 19:18:29.649,1,,-05:00:00,-05:00:00,2025-05-20 19:18:29.649,2025-05-20 19:18:29.649
2464,Kent,232,GB,United Kingdom,KEN,two-tier county,51.1900502,-0.5746203,2025-05-20 19:18:29.649,1,2025-05-20 19:18:29.649,1,,-05:00:00,-05:00:00,2025-05-20 19:18:29.649,2025-05-20 19:18:29.649
2481,Kingston upon Thames,232,GB,United Kingdom,KTT,london borough,51.378117,-0.292709,2025-05-20 19:18:29.649,1,2025-05-20 19:18:29.649,1,,-05:00:00,-05:00:00,2025-05-20 19:18:29.649,2025-05-20 19:18:29.649
2371,Kirklees,232,GB,United Kingdom,KIR,metropolitan district,53.5933432,-1.8009509,2025-05-20 19:18:29.649,1,2025-05-20 19:18:29.649,1,,-05:00:00,-05:00:00,2025-05-20 19:18:29.649,2025-05-20 19:18:29.649
2330,Knowsley,232,GB,United Kingdom,KWL,metropolitan district,53.454594,-2.852907,2025-05-20 19:18:29.649,1,2025-05-20 19:18:29.649,1,,-05:00:00,-05:00:00,2025-05-20 19:18:29.649,2025-05-20 19:18:29.649
2396,Lambeth,232,GB,United Kingdom,LBH,london borough,51.4571477,-0.1230681,2025-05-20 19:18:29.649,1,2025-05-20 19:18:29.649,1,,-05:00:00,-05:00:00,2025-05-20 19:18:29.649,2025-05-20 19:18:29.649
2495,Lancashire,232,GB,United Kingdom,LAN,two-tier county,53.7632254,-2.7044052,2025-05-20 19:18:29.649,1,2025-05-20 19:18:29.649,1,,-05:00:00,-05:00:00,2025-05-20 19:18:29.649,2025-05-20 19:18:29.649
2515,Larne,232,GB,United Kingdom,LRN,borough council,54.8578003,-5.8236224,2025-05-20 19:18:29.649,1,2025-05-20 19:18:29.649,1,,-05:00:00,-05:00:00,2025-05-20 19:18:29.649,2025-05-20 19:18:29.649
2503,Leeds,232,GB,United Kingdom,LDS,metropolitan district,53.8007554,-1.5490774,2025-05-20 19:18:29.649,1,2025-05-20 19:18:29.649,1,,-05:00:00,-05:00:00,2025-05-20 19:18:29.649,2025-05-20 19:18:29.649
2318,Leicester,232,GB,United Kingdom,LCE,unitary authority,52.6368778,-1.1397592,2025-05-20 19:18:29.649,1,2025-05-20 19:18:29.649,1,,-05:00:00,-05:00:00,2025-05-20 19:18:29.649,2025-05-20 19:18:29.649
2516,Leicestershire,232,GB,United Kingdom,LEC,two-tier county,52.772571,-1.2052126,2025-05-20 19:18:29.649,1,2025-05-20 19:18:29.649,1,,-05:00:00,-05:00:00,2025-05-20 19:18:29.649,2025-05-20 19:18:29.649
2358,Lewisham,232,GB,United Kingdom,LEW,london borough,51.4414579,-0.0117006,2025-05-20 19:18:29.649,1,2025-05-20 19:18:29.649,1,,-05:00:00,-05:00:00,2025-05-20 19:18:29.649,2025-05-20 19:18:29.649
2382,Limavady,232,GB,United Kingdom,LMV,borough council,55.051682,-6.9491944,2025-05-20 19:18:29.649,1,2025-05-20 19:18:29.649,1,,-05:00:00,-05:00:00,2025-05-20 19:18:29.649,2025-05-20 19:18:29.649
2355,Lincolnshire,232,GB,United Kingdom,LIN,two-tier county,52.9451889,-0.1601246,2025-05-20 19:18:29.649,1,2025-05-20 19:18:29.649,1,,-05:00:00,-05:00:00,2025-05-20 19:18:29.649,2025-05-20 19:18:29.649
2494,Lisburn,232,GB,United Kingdom,LSB,unitary authority,54.5164305,-6.1445205,2025-05-20 19:18:29.649,1,2025-05-20 19:18:29.649,1,,-05:00:00,-05:00:00,2025-05-20 19:18:29.649,2025-05-20 19:18:29.649
2460,Lisburn and Castlereagh,232,GB,United Kingdom,LBC,district,54.4981584,-6.1306791,2025-05-20 19:18:29.649,1,2025-05-20 19:18:29.649,1,,-05:00:00,-05:00:00,2025-05-20 19:18:29.649,2025-05-20 19:18:29.649
2340,Liverpool,232,GB,United Kingdom,LIV,metropolitan district,32.6564981,-115.4763241,2025-05-20 19:18:29.649,1,2025-05-20 19:18:29.649,1,,-05:00:00,-05:00:00,2025-05-20 19:18:29.649,2025-05-20 19:18:29.649
2424,London,232,GB,United Kingdom,LND,city,51.5123443,-0.0909852,2025-05-20 19:18:29.649,1,2025-05-20 19:18:29.649,1,,-05:00:00,-05:00:00,2025-05-20 19:18:29.649,2025-05-20 19:18:29.649
2322,Magherafelt,232,GB,United Kingdom,MFT,district council,54.7553279,-6.6077487,2025-05-20 19:18:29.649,1,2025-05-20 19:18:29.649,1,,-05:00:00,-05:00:00,2025-05-20 19:18:29.649,2025-05-20 19:18:29.649
2398,Manchester,232,GB,United Kingdom,MAN,metropolitan district,53.4807593,-2.2426305,2025-05-20 19:18:29.649,1,2025-05-20 19:18:29.649,1,,-05:00:00,-05:00:00,2025-05-20 19:18:29.649,2025-05-20 19:18:29.649
2381,Medway,232,GB,United Kingdom,MDW,unitary authority,42.1417641,-71.3967256,2025-05-20 19:18:29.649,1,2025-05-20 19:18:29.649,1,,-05:00:00,-05:00:00,2025-05-20 19:18:29.649,2025-05-20 19:18:29.649
2328,Merthyr Tydfil,232,GB,United Kingdom,MTY,unitary authority,51.7467474,-3.3813275,2025-05-20 19:18:29.649,1,2025-05-20 19:18:29.649,1,,-05:00:00,-05:00:00,2025-05-20 19:18:29.649,2025-05-20 19:18:29.649
2483,Merton,232,GB,United Kingdom,MRT,london borough,51.4097742,-0.2108084,2025-05-20 19:18:29.649,1,2025-05-20 19:18:29.649,1,,-05:00:00,-05:00:00,2025-05-20 19:18:29.649,2025-05-20 19:18:29.649
2429,Mid and East Antrim,232,GB,United Kingdom,MEA,district,54.9399341,-6.1137423,2025-05-20 19:18:29.649,1,2025-05-20 19:18:29.649,1,,-05:00:00,-05:00:00,2025-05-20 19:18:29.649,2025-05-20 19:18:29.649
2399,Mid Ulster,232,GB,United Kingdom,MUL,district,54.6411301,-6.7522549,2025-05-20 19:18:29.649,1,2025-05-20 19:18:29.649,1,,-05:00:00,-05:00:00,2025-05-20 19:18:29.649,2025-05-20 19:18:29.649
2332,Middlesbrough,232,GB,United Kingdom,MDB,unitary authority,54.574227,-1.234956,2025-05-20 19:18:29.649,1,2025-05-20 19:18:29.649,1,,-05:00:00,-05:00:00,2025-05-20 19:18:29.649,2025-05-20 19:18:29.649
2519,Midlothian,232,GB,United Kingdom,MLN,council area,32.475335,-97.0103181,2025-05-20 19:18:29.649,1,2025-05-20 19:18:29.649,1,,-05:00:00,-05:00:00,2025-05-20 19:18:29.649,2025-05-20 19:18:29.649
2416,Milton Keynes,232,GB,United Kingdom,MIK,unitary authority,52.0852038,-0.7333133,2025-05-20 19:18:29.649,1,2025-05-20 19:18:29.649,1,,-05:00:00,-05:00:00,2025-05-20 19:18:29.649,2025-05-20 19:18:29.649
2402,Monmouthshire,232,GB,United Kingdom,MON,unitary authority,51.81161,-2.7163417,2025-05-20 19:18:29.649,1,2025-05-20 19:18:29.649,1,,-05:00:00,-05:00:00,2025-05-20 19:18:29.649,2025-05-20 19:18:29.649
2360,Moray,232,GB,United Kingdom,MRY,council area,57.6498476,-3.3168039,2025-05-20 19:18:29.649,1,2025-05-20 19:18:29.649,1,,-05:00:00,-05:00:00,2025-05-20 19:18:29.649,2025-05-20 19:18:29.649
2348,Moyle,232,GB,United Kingdom,MYL,district council,55.2047327,-6.253174,2025-05-20 19:18:29.649,1,2025-05-20 19:18:29.649,1,,-05:00:00,-05:00:00,2025-05-20 19:18:29.649,2025-05-20 19:18:29.649
2351,Neath Port Talbot,232,GB,United Kingdom,NTL,unitary authority,51.5978519,-3.7839668,2025-05-20 19:18:29.649,1,2025-05-20 19:18:29.649,1,,-05:00:00,-05:00:00,2025-05-20 19:18:29.649,2025-05-20 19:18:29.649
2458,Newcastle upon Tyne,232,GB,United Kingdom,NET,metropolitan district,54.978252,-1.61778,2025-05-20 19:18:29.649,1,2025-05-20 19:18:29.649,1,,-05:00:00,-05:00:00,2025-05-20 19:18:29.649,2025-05-20 19:18:29.649
2418,Newham,232,GB,United Kingdom,NWM,london borough,51.5255162,0.0352163,2025-05-20 19:18:29.649,1,2025-05-20 19:18:29.649,1,,-05:00:00,-05:00:00,2025-05-20 19:18:29.649,2025-05-20 19:18:29.649
2524,Newport,232,GB,United Kingdom,NWP,unitary authority,37.5278234,-94.1043876,2025-05-20 19:18:29.649,1,2025-05-20 19:18:29.649,1,,-05:00:00,-05:00:00,2025-05-20 19:18:29.649,2025-05-20 19:18:29.649
2350,Newry and Mourne,232,GB,United Kingdom,NYM,district council,54.1742505,-6.3391992,2025-05-20 19:18:29.649,1,2025-05-20 19:18:29.649,1,,-05:00:00,-05:00:00,2025-05-20 19:18:29.649,2025-05-20 19:18:29.649
2534,"Newry, Mourne and Down",232,GB,United Kingdom,NMD,district,54.2582003,-6.7537889,2025-05-20 19:18:29.649,1,2025-05-20 19:18:29.649,1,,-05:00:00,-05:00:00,2025-05-20 19:18:29.649,2025-05-20 19:18:29.649
2317,Newtownabbey,232,GB,United Kingdom,NTA,borough council,54.6792422,-5.9591102,2025-05-20 19:18:29.649,1,2025-05-20 19:18:29.649,1,,-05:00:00,-05:00:00,2025-05-20 19:18:29.649,2025-05-20 19:18:29.649
2473,Norfolk,232,GB,United Kingdom,NFK,two-tier county,36.8507689,-76.2858726,2025-05-20 19:18:29.649,1,2025-05-20 19:18:29.649,1,,-05:00:00,-05:00:00,2025-05-20 19:18:29.649,2025-05-20 19:18:29.649
2535,North Ayrshire,232,GB,United Kingdom,NAY,council area,55.6416731,-4.75946,2025-05-20 19:18:29.649,1,2025-05-20 19:18:29.649,1,,-05:00:00,-05:00:00,2025-05-20 19:18:29.649,2025-05-20 19:18:29.649
2513,North Down,232,GB,United Kingdom,NDN,borough council,54.6536297,-5.6724925,2025-05-20 19:18:29.649,1,2025-05-20 19:18:29.649,1,,-05:00:00,-05:00:00,2025-05-20 19:18:29.649,2025-05-20 19:18:29.649
2384,North East Lincolnshire,232,GB,United Kingdom,NEL,unitary authority,53.5668201,-0.0815066,2025-05-20 19:18:29.649,1,2025-05-20 19:18:29.649,1,,-05:00:00,-05:00:00,2025-05-20 19:18:29.649,2025-05-20 19:18:29.649
2487,North Lanarkshire,232,GB,United Kingdom,NLK,council area,55.8662432,-3.9613144,2025-05-20 19:18:29.649,1,2025-05-20 19:18:29.649,1,,-05:00:00,-05:00:00,2025-05-20 19:18:29.649,2025-05-20 19:18:29.649
2453,North Lincolnshire,232,GB,United Kingdom,NLN,unitary authority,53.6055592,-0.5596582,2025-05-20 19:18:29.649,1,2025-05-20 19:18:29.649,1,,-05:00:00,-05:00:00,2025-05-20 19:18:29.649,2025-05-20 19:18:29.649
2430,North Somerset,232,GB,United Kingdom,NSM,unitary authority,51.3879028,-2.7781091,2025-05-20 19:18:29.649,1,2025-05-20 19:18:29.649,1,,-05:00:00,-05:00:00,2025-05-20 19:18:29.649,2025-05-20 19:18:29.649
2521,North Tyneside,232,GB,United Kingdom,NTY,metropolitan district,55.0182399,-1.4858436,2025-05-20 19:18:29.649,1,2025-05-20 19:18:29.649,1,,-05:00:00,-05:00:00,2025-05-20 19:18:29.649,2025-05-20 19:18:29.649
2522,North Yorkshire,232,GB,United Kingdom,NYK,two-tier county,53.9915028,-1.5412015,2025-05-20 19:18:29.649,1,2025-05-20 19:18:29.649,1,,-05:00:00,-05:00:00,2025-05-20 19:18:29.649,2025-05-20 19:18:29.649
2480,Northamptonshire,232,GB,United Kingdom,NTH,unitary authority,52.2729944,-0.8755515,2025-05-20 19:18:29.649,1,2025-05-20 19:18:29.649,1,,-05:00:00,-05:00:00,2025-05-20 19:18:29.649,2025-05-20 19:18:29.649
2337,Northern Ireland,232,GB,United Kingdom,NIR,province,54.7877149,-6.4923145,2025-05-20 19:18:29.649,1,2025-05-20 19:18:29.649,1,,-05:00:00,-05:00:00,2025-05-20 19:18:29.649,2025-05-20 19:18:29.649
2365,Northumberland,232,GB,United Kingdom,NBL,unitary authority,55.2082542,-2.0784138,2025-05-20 19:18:29.649,1,2025-05-20 19:18:29.649,1,,-05:00:00,-05:00:00,2025-05-20 19:18:29.649,2025-05-20 19:18:29.649
2359,Nottingham,232,GB,United Kingdom,NGM,unitary authority,52.9547832,-1.1581086,2025-05-20 19:18:29.649,1,2025-05-20 19:18:29.649,1,,-05:00:00,-05:00:00,2025-05-20 19:18:29.649,2025-05-20 19:18:29.649
2456,Nottinghamshire,232,GB,United Kingdom,NTT,two-tier county,53.100319,-0.9936306,2025-05-20 19:18:29.649,1,2025-05-20 19:18:29.649,1,,-05:00:00,-05:00:00,2025-05-20 19:18:29.649,2025-05-20 19:18:29.649
2477,Oldham,232,GB,United Kingdom,OLD,metropolitan district,42.2040598,-71.2048119,2025-05-20 19:18:29.649,1,2025-05-20 19:18:29.649,1,,-05:00:00,-05:00:00,2025-05-20 19:18:29.649,2025-05-20 19:18:29.649
2314,Omagh,232,GB,United Kingdom,OMH,district council,54.4513524,-7.7125018,2025-05-20 19:18:29.649,1,2025-05-20 19:18:29.649,1,,-05:00:00,-05:00:00,2025-05-20 19:18:29.649,2025-05-20 19:18:29.649
2474,Orkney Islands,232,GB,United Kingdom,ORK,council area,58.9809401,-2.9605206,2025-05-20 19:18:29.649,1,2025-05-20 19:18:29.649,1,,-05:00:00,-05:00:00,2025-05-20 19:18:29.649,2025-05-20 19:18:29.649
2353,Outer Hebrides,232,GB,United Kingdom,ELS,council area,57.7598918,-7.0194034,2025-05-20 19:18:29.649,1,2025-05-20 19:18:29.649,1,,-05:00:00,-05:00:00,2025-05-20 19:18:29.649,2025-05-20 19:18:29.649
2321,Oxfordshire,232,GB,United Kingdom,OXF,two-tier county,51.7612056,-1.2464674,2025-05-20 19:18:29.649,1,2025-05-20 19:18:29.649,1,,-05:00:00,-05:00:00,2025-05-20 19:18:29.649,2025-05-20 19:18:29.649
2486,Pembrokeshire,232,GB,United Kingdom,PEM,unitary authority,51.674078,-4.9088785,2025-05-20 19:18:29.649,1,2025-05-20 19:18:29.649,1,,-05:00:00,-05:00:00,2025-05-20 19:18:29.649,2025-05-20 19:18:29.649
2325,Perth and Kinross,232,GB,United Kingdom,PKN,council area,56.3953817,-3.4283547,2025-05-20 19:18:29.649,1,2025-05-20 19:18:29.649,1,,-05:00:00,-05:00:00,2025-05-20 19:18:29.649,2025-05-20 19:18:29.649
2297,Peterborough,232,GB,United Kingdom,PTE,unitary authority,44.3093636,-78.320153,2025-05-20 19:18:29.649,1,2025-05-20 19:18:29.649,1,,-05:00:00,-05:00:00,2025-05-20 19:18:29.649,2025-05-20 19:18:29.649
2514,Plymouth,232,GB,United Kingdom,PLY,unitary authority,42.3708941,-83.4697141,2025-05-20 19:18:29.649,1,2025-05-20 19:18:29.649,1,,-05:00:00,-05:00:00,2025-05-20 19:18:29.649,2025-05-20 19:18:29.649
2302,Poole,232,GB,United Kingdom,POL,unitary authority,50.71505,-1.987248,2025-05-20 19:18:29.649,1,2025-05-20 19:18:29.649,1,,-05:00:00,-05:00:00,2025-05-20 19:18:29.649,2025-05-20 19:18:29.649
2305,Portsmouth,232,GB,United Kingdom,POR,unitary authority,36.832915,-76.2975549,2025-05-20 19:18:29.649,1,2025-05-20 19:18:29.649,1,,-05:00:00,-05:00:00,2025-05-20 19:18:29.649,2025-05-20 19:18:29.649
2441,Powys,232,GB,United Kingdom,POW,unitary authority,52.6464249,-3.3260904,2025-05-20 19:18:29.649,1,2025-05-20 19:18:29.649,1,,-05:00:00,-05:00:00,2025-05-20 19:18:29.649,2025-05-20 19:18:29.649
2455,Reading,232,GB,United Kingdom,RDG,unitary authority,51.4515349,-1.0782762,2025-05-20 19:18:29.649,1,2025-05-20 19:18:29.649,1,,-05:00:00,-05:00:00,2025-05-20 19:18:29.649,2025-05-20 19:18:29.649
2397,Redbridge,232,GB,United Kingdom,RDB,london borough,51.5886121,0.0823982,2025-05-20 19:18:29.649,1,2025-05-20 19:18:29.649,1,,-05:00:00,-05:00:00,2025-05-20 19:18:29.649,2025-05-20 19:18:29.649
2527,Redcar and Cleveland,232,GB,United Kingdom,RCC,unitary authority,54.5971344,-1.0775997,2025-05-20 19:18:29.649,1,2025-05-20 19:18:29.649,1,,-05:00:00,-05:00:00,2025-05-20 19:18:29.649,2025-05-20 19:18:29.649
2443,Renfrewshire,232,GB,United Kingdom,RFW,council area,55.846654,-4.5331259,2025-05-20 19:18:29.649,1,2025-05-20 19:18:29.649,1,,-05:00:00,-05:00:00,2025-05-20 19:18:29.649,2025-05-20 19:18:29.649
2301,Rhondda Cynon Taf,232,GB,United Kingdom,RCT,unitary authority,51.6490207,-3.4288692,2025-05-20 19:18:29.649,1,2025-05-20 19:18:29.649,1,,-05:00:00,-05:00:00,2025-05-20 19:18:29.649,2025-05-20 19:18:29.649
2501,Richmond upon Thames,232,GB,United Kingdom,RIC,london borough,51.4613054,-0.3037709,2025-05-20 19:18:29.649,1,2025-05-20 19:18:29.649,1,,-05:00:00,-05:00:00,2025-05-20 19:18:29.649,2025-05-20 19:18:29.649
2327,Rochdale,232,GB,United Kingdom,RCH,metropolitan district,53.6097136,-2.1561,2025-05-20 19:18:29.649,1,2025-05-20 19:18:29.649,1,,-05:00:00,-05:00:00,2025-05-20 19:18:29.649,2025-05-20 19:18:29.649
2308,Rotherham,232,GB,United Kingdom,ROT,metropolitan district,53.4326035,-1.3635009,2025-05-20 19:18:29.649,1,2025-05-20 19:18:29.649,1,,-05:00:00,-05:00:00,2025-05-20 19:18:29.649,2025-05-20 19:18:29.649
2472,Rutland,232,GB,United Kingdom,RUT,unitary authority,43.6106237,-72.9726065,2025-05-20 19:18:29.649,1,2025-05-20 19:18:29.649,1,,-05:00:00,-05:00:00,2025-05-20 19:18:29.649,2025-05-20 19:18:29.649
2502,Saint Helena,232,GB,United Kingdom,SH-HL,unitary authority,-15.9650104,-5.7089241,2025-05-20 19:18:29.649,1,2025-05-20 19:18:29.649,1,,-05:00:00,-05:00:00,2025-05-20 19:18:29.649,2025-05-20 19:18:29.649
2493,Salford,232,GB,United Kingdom,SLF,metropolitan district,53.4875235,-2.2901264,2025-05-20 19:18:29.649,1,2025-05-20 19:18:29.649,1,,-05:00:00,-05:00:00,2025-05-20 19:18:29.649,2025-05-20 19:18:29.649
2341,Sandwell,232,GB,United Kingdom,SAW,metropolitan district,52.5361674,-2.010793,2025-05-20 19:18:29.649,1,2025-05-20 19:18:29.649,1,,-05:00:00,-05:00:00,2025-05-20 19:18:29.649,2025-05-20 19:18:29.649
2335,Scotland,232,GB,United Kingdom,SCT,country,56.4906712,-4.2026458,2025-05-20 19:18:29.649,1,2025-05-20 19:18:29.649,1,,-05:00:00,-05:00:00,2025-05-20 19:18:29.649,2025-05-20 19:18:29.649
2346,Scottish Borders,232,GB,United Kingdom,SCB,council area,55.5485697,-2.7861388,2025-05-20 19:18:29.649,1,2025-05-20 19:18:29.649,1,,-05:00:00,-05:00:00,2025-05-20 19:18:29.649,2025-05-20 19:18:29.649
2518,Sefton,232,GB,United Kingdom,SFT,metropolitan district,53.5034449,-2.970359,2025-05-20 19:18:29.649,1,2025-05-20 19:18:29.649,1,,-05:00:00,-05:00:00,2025-05-20 19:18:29.649,2025-05-20 19:18:29.649
2295,Sheffield,232,GB,United Kingdom,SHF,unitary authority,36.0950743,-80.2788466,2025-05-20 19:18:29.649,1,2025-05-20 19:18:29.649,1,,-05:00:00,-05:00:00,2025-05-20 19:18:29.649,2025-05-20 19:18:29.649
2300,Shetland Islands,232,GB,United Kingdom,ZET,council area,60.5296507,-1.2659409,2025-05-20 19:18:29.649,1,2025-05-20 19:18:29.649,1,,-05:00:00,-05:00:00,2025-05-20 19:18:29.649,2025-05-20 19:18:29.649
2407,Shropshire,232,GB,United Kingdom,SHR,unitary authority,52.7063657,-2.7417849,2025-05-20 19:18:29.649,1,2025-05-20 19:18:29.649,1,,-05:00:00,-05:00:00,2025-05-20 19:18:29.649,2025-05-20 19:18:29.649
2427,Slough,232,GB,United Kingdom,SLG,unitary authority,51.5105384,-0.5950406,2025-05-20 19:18:29.649,1,2025-05-20 19:18:29.649,1,,-05:00:00,-05:00:00,2025-05-20 19:18:29.649,2025-05-20 19:18:29.649
2469,Solihull,232,GB,United Kingdom,SOL,metropolitan district,52.411811,-1.77761,2025-05-20 19:18:29.649,1,2025-05-20 19:18:29.649,1,,-05:00:00,-05:00:00,2025-05-20 19:18:29.649,2025-05-20 19:18:29.649
2386,Somerset,232,GB,United Kingdom,SOM,two-tier county,51.105097,-2.9262307,2025-05-20 19:18:29.649,1,2025-05-20 19:18:29.649,1,,-05:00:00,-05:00:00,2025-05-20 19:18:29.649,2025-05-20 19:18:29.649
2377,South Ayrshire,232,GB,United Kingdom,SAY,council area,55.4588988,-4.6291994,2025-05-20 19:18:29.649,1,2025-05-20 19:18:29.649,1,,-05:00:00,-05:00:00,2025-05-20 19:18:29.649,2025-05-20 19:18:29.649
2400,South Gloucestershire,232,GB,United Kingdom,SGC,unitary authority,51.5264361,-2.4728487,2025-05-20 19:18:29.649,1,2025-05-20 19:18:29.649,1,,-05:00:00,-05:00:00,2025-05-20 19:18:29.649,2025-05-20 19:18:29.649
2362,South Lanarkshire,232,GB,United Kingdom,SLK,council area,55.6735909,-3.7819661,2025-05-20 19:18:29.649,1,2025-05-20 19:18:29.649,1,,-05:00:00,-05:00:00,2025-05-20 19:18:29.649,2025-05-20 19:18:29.649
2409,South Tyneside,232,GB,United Kingdom,STY,metropolitan district,54.9636693,-1.4418634,2025-05-20 19:18:29.649,1,2025-05-20 19:18:29.649,1,,-05:00:00,-05:00:00,2025-05-20 19:18:29.649,2025-05-20 19:18:29.649
2323,Southend-on-Sea,232,GB,United Kingdom,SOS,unitary authority,51.5459269,0.7077123,2025-05-20 19:18:29.649,1,2025-05-20 19:18:29.649,1,,-05:00:00,-05:00:00,2025-05-20 19:18:29.649,2025-05-20 19:18:29.649
2432,Southwark,232,GB,United Kingdom,SWK,london borough,51.4880572,-0.0762838,2025-05-20 19:18:29.649,1,2025-05-20 19:18:29.649,1,,-05:00:00,-05:00:00,2025-05-20 19:18:29.649,2025-05-20 19:18:29.649
2290,St Helens,232,GB,United Kingdom,SHN,metropolitan district,45.858961,-122.8212356,2025-05-20 19:18:29.649,1,2025-05-20 19:18:29.649,1,,-05:00:00,-05:00:00,2025-05-20 19:18:29.649,2025-05-20 19:18:29.649
2447,Staffordshire,232,GB,United Kingdom,STS,two-tier county,52.8792745,-2.0571868,2025-05-20 19:18:29.649,1,2025-05-20 19:18:29.649,1,,-05:00:00,-05:00:00,2025-05-20 19:18:29.649,2025-05-20 19:18:29.649
2488,Stirling,232,GB,United Kingdom,STG,council area,56.1165227,-3.9369029,2025-05-20 19:18:29.649,1,2025-05-20 19:18:29.649,1,,-05:00:00,-05:00:00,2025-05-20 19:18:29.649,2025-05-20 19:18:29.649
2394,Stockport,232,GB,United Kingdom,SKP,metropolitan district,53.4106316,-2.1575332,2025-05-20 19:18:29.649,1,2025-05-20 19:18:29.649,1,,-05:00:00,-05:00:00,2025-05-20 19:18:29.649,2025-05-20 19:18:29.649
2421,Stockton-on-Tees,232,GB,United Kingdom,STT,unitary authority,54.5704551,-1.3289821,2025-05-20 19:18:29.649,1,2025-05-20 19:18:29.649,1,,-05:00:00,-05:00:00,2025-05-20 19:18:29.649,2025-05-20 19:18:29.649
2506,Stoke-on-Trent,232,GB,United Kingdom,STE,unitary authority,53.002668,-2.179404,2025-05-20 19:18:29.649,1,2025-05-20 19:18:29.649,1,,-05:00:00,-05:00:00,2025-05-20 19:18:29.649,2025-05-20 19:18:29.649
2393,Strabane,232,GB,United Kingdom,STB,district council,54.8273865,-7.4633103,2025-05-20 19:18:29.649,1,2025-05-20 19:18:29.649,1,,-05:00:00,-05:00:00,2025-05-20 19:18:29.649,2025-05-20 19:18:29.649
2467,Suffolk,232,GB,United Kingdom,SFK,two-tier county,52.1872472,0.9707801,2025-05-20 19:18:29.649,1,2025-05-20 19:18:29.649,1,,-05:00:00,-05:00:00,2025-05-20 19:18:29.649,2025-05-20 19:18:29.649
2372,Sunderland,232,GB,United Kingdom,SND,metropolitan district,54.8861489,-1.4785797,2025-05-20 19:18:29.649,1,2025-05-20 19:18:29.649,1,,-05:00:00,-05:00:00,2025-05-20 19:18:29.649,2025-05-20 19:18:29.649
2526,Surrey,232,GB,United Kingdom,SRY,two-tier county,51.3147593,-0.5599501,2025-05-20 19:18:29.649,1,2025-05-20 19:18:29.649,1,,-05:00:00,-05:00:00,2025-05-20 19:18:29.649,2025-05-20 19:18:29.649
2313,Sutton,232,GB,United Kingdom,STN,london borough,51.3573762,-0.1752796,2025-05-20 19:18:29.649,1,2025-05-20 19:18:29.649,1,,-05:00:00,-05:00:00,2025-05-20 19:18:29.649,2025-05-20 19:18:29.649
2433,Swansea,232,GB,United Kingdom,SWA,unitary authority,51.62144,-3.943646,2025-05-20 19:18:29.649,1,2025-05-20 19:18:29.649,1,,-05:00:00,-05:00:00,2025-05-20 19:18:29.649,2025-05-20 19:18:29.649
2422,Swindon,232,GB,United Kingdom,SWD,unitary authority,51.5557739,-1.7797176,2025-05-20 19:18:29.649,1,2025-05-20 19:18:29.649,1,,-05:00:00,-05:00:00,2025-05-20 19:18:29.649,2025-05-20 19:18:29.649
2367,Tameside,232,GB,United Kingdom,TAM,metropolitan district,53.4805828,-2.0809891,2025-05-20 19:18:29.649,1,2025-05-20 19:18:29.649,1,,-05:00:00,-05:00:00,2025-05-20 19:18:29.649,2025-05-20 19:18:29.649
2310,Telford and Wrekin,232,GB,United Kingdom,TFW,unitary authority,52.7409916,-2.4868586,2025-05-20 19:18:29.649,1,2025-05-20 19:18:29.649,1,,-05:00:00,-05:00:00,2025-05-20 19:18:29.649,2025-05-20 19:18:29.649
2468,Thurrock,232,GB,United Kingdom,THR,unitary authority,51.4934557,0.3529197,2025-05-20 19:18:29.649,1,2025-05-20 19:18:29.649,1,,-05:00:00,-05:00:00,2025-05-20 19:18:29.649,2025-05-20 19:18:29.649
2478,Torbay,232,GB,United Kingdom,TOB,unitary authority,50.4392329,-3.5369899,2025-05-20 19:18:29.649,1,2025-05-20 19:18:29.649,1,,-05:00:00,-05:00:00,2025-05-20 19:18:29.649,2025-05-20 19:18:29.649
2496,Torfaen,232,GB,United Kingdom,TOF,unitary authority,51.7002253,-3.0446015,2025-05-20 19:18:29.649,1,2025-05-20 19:18:29.649,1,,-05:00:00,-05:00:00,2025-05-20 19:18:29.649,2025-05-20 19:18:29.649
2390,Tower Hamlets,232,GB,United Kingdom,TWH,london borough,51.5202607,-0.0293396,2025-05-20 19:18:29.649,1,2025-05-20 19:18:29.649,1,,-05:00:00,-05:00:00,2025-05-20 19:18:29.649,2025-05-20 19:18:29.649
2293,Trafford,232,GB,United Kingdom,TRF,metropolitan district,40.3856246,-79.7589347,2025-05-20 19:18:29.649,1,2025-05-20 19:18:29.649,1,,-05:00:00,-05:00:00,2025-05-20 19:18:29.649,2025-05-20 19:18:29.649
2375,United Kingdom,232,GB,United Kingdom,UKM,unitary authority,55.378051,-3.435973,2025-05-20 19:18:29.649,1,2025-05-20 19:18:29.649,1,,-05:00:00,-05:00:00,2025-05-20 19:18:29.649,2025-05-20 19:18:29.649
2299,Vale of Glamorgan,232,GB,United Kingdom,VGL,unitary authority,51.4095958,-3.4848167,2025-05-20 19:18:29.649,1,2025-05-20 19:18:29.649,1,,-05:00:00,-05:00:00,2025-05-20 19:18:29.649,2025-05-20 19:18:29.649
2465,Wakefield,232,GB,United Kingdom,WKF,metropolitan district,42.5039395,-71.0723391,2025-05-20 19:18:29.649,1,2025-05-20 19:18:29.649,1,,-05:00:00,-05:00:00,2025-05-20 19:18:29.649,2025-05-20 19:18:29.649
2338,Wales,232,GB,United Kingdom,WLS,unitary authority,52.1306607,-3.7837117,2025-05-20 19:18:29.649,1,2025-05-20 19:18:29.649,1,,-05:00:00,-05:00:00,2025-05-20 19:18:29.649,2025-05-20 19:18:29.649
2292,Walsall,232,GB,United Kingdom,WLL,metropolitan district,52.586214,-1.982919,2025-05-20 19:18:29.649,1,2025-05-20 19:18:29.649,1,,-05:00:00,-05:00:00,2025-05-20 19:18:29.649,2025-05-20 19:18:29.649
2326,Waltham Forest,232,GB,United Kingdom,WFT,london borough,51.5886383,-0.0117625,2025-05-20 19:18:29.649,1,2025-05-20 19:18:29.649,1,,-05:00:00,-05:00:00,2025-05-20 19:18:29.649,2025-05-20 19:18:29.649
2434,Wandsworth,232,GB,United Kingdom,WND,london borough,51.4568274,-0.1896638,2025-05-20 19:18:29.649,1,2025-05-20 19:18:29.649,1,,-05:00:00,-05:00:00,2025-05-20 19:18:29.649,2025-05-20 19:18:29.649
2420,Warrington,232,GB,United Kingdom,WRT,unitary authority,40.2492741,-75.1340604,2025-05-20 19:18:29.649,1,2025-05-20 19:18:29.649,1,,-05:00:00,-05:00:00,2025-05-20 19:18:29.649,2025-05-20 19:18:29.649
2505,Warwickshire,232,GB,United Kingdom,WAR,two-tier county,52.2671353,-1.4675216,2025-05-20 19:18:29.649,1,2025-05-20 19:18:29.649,1,,-05:00:00,-05:00:00,2025-05-20 19:18:29.649,2025-05-20 19:18:29.649
2471,West Berkshire,232,GB,United Kingdom,WBK,unitary authority,51.4308255,-1.1444927,2025-05-20 19:18:29.649,1,2025-05-20 19:18:29.649,1,,-05:00:00,-05:00:00,2025-05-20 19:18:29.649,2025-05-20 19:18:29.649
2440,West Dunbartonshire,232,GB,United Kingdom,WDU,council area,55.9450925,-4.5646259,2025-05-20 19:18:29.649,1,2025-05-20 19:18:29.649,1,,-05:00:00,-05:00:00,2025-05-20 19:18:29.649,2025-05-20 19:18:29.649
2354,West Lothian,232,GB,United Kingdom,WLN,council area,55.9070198,-3.5517167,2025-05-20 19:18:29.649,1,2025-05-20 19:18:29.649,1,,-05:00:00,-05:00:00,2025-05-20 19:18:29.649,2025-05-20 19:18:29.649
2296,West Sussex,232,GB,United Kingdom,WSX,two-tier county,50.9280143,-0.4617075,2025-05-20 19:18:29.649,1,2025-05-20 19:18:29.649,1,,-05:00:00,-05:00:00,2025-05-20 19:18:29.649,2025-05-20 19:18:29.649
2357,Westminster,232,GB,United Kingdom,WSM,london borough,39.5765977,-76.9972126,2025-05-20 19:18:29.649,1,2025-05-20 19:18:29.649,1,,-05:00:00,-05:00:00,2025-05-20 19:18:29.649,2025-05-20 19:18:29.649
2320,Wigan,232,GB,United Kingdom,WGN,metropolitan district,53.5134812,-2.6106999,2025-05-20 19:18:29.649,1,2025-05-20 19:18:29.649,1,,-05:00:00,-05:00:00,2025-05-20 19:18:29.649,2025-05-20 19:18:29.649
2391,Wiltshire,232,GB,United Kingdom,WIL,unitary authority,51.3491996,-1.9927105,2025-05-20 19:18:29.649,1,2025-05-20 19:18:29.649,1,,-05:00:00,-05:00:00,2025-05-20 19:18:29.649,2025-05-20 19:18:29.649
2482,Windsor and Maidenhead,232,GB,United Kingdom,WNM,unitary authority,51.4799712,-0.6242565,2025-05-20 19:18:29.649,1,2025-05-20 19:18:29.649,1,,-05:00:00,-05:00:00,2025-05-20 19:18:29.649,2025-05-20 19:18:29.649
2408,Wirral,232,GB,United Kingdom,WRL,metropolitan district,53.3727181,-3.073754,2025-05-20 19:18:29.649,1,2025-05-20 19:18:29.649,1,,-05:00:00,-05:00:00,2025-05-20 19:18:29.649,2025-05-20 19:18:29.649
2419,Wokingham,232,GB,United Kingdom,WOK,unitary authority,51.410457,-0.833861,2025-05-20 19:18:29.649,1,2025-05-20 19:18:29.649,1,,-05:00:00,-05:00:00,2025-05-20 19:18:29.649,2025-05-20 19:18:29.649
2489,Wolverhampton,232,GB,United Kingdom,WLV,metropolitan district,52.588912,-2.156463,2025-05-20 19:18:29.649,1,2025-05-20 19:18:29.649,1,,-05:00:00,-05:00:00,2025-05-20 19:18:29.649,2025-05-20 19:18:29.649
2510,Worcestershire,232,GB,United Kingdom,WOR,two-tier county,52.2545225,-2.2668382,2025-05-20 19:18:29.649,1,2025-05-20 19:18:29.649,1,,-05:00:00,-05:00:00,2025-05-20 19:18:29.649,2025-05-20 19:18:29.649
2436,Wrexham,232,GB,United Kingdom,WRX,unitary authority,53.0301378,-3.0261487,2025-05-20 19:18:29.649,1,2025-05-20 19:18:29.649,1,,-05:00:00,-05:00:00,2025-05-20 19:18:29.649,2025-05-20 19:18:29.649
2426,York,232,GB,United Kingdom,YOR,unitary authority,53.9599651,-1.0872979,2025-05-20 19:18:29.649,1,2025-05-20 19:18:29.649,1,,-05:00:00,-05:00:00,2025-05-20 19:18:29.649,2025-05-20 19:18:29.649
1456,Alabama,233,US,United States,AL,state,32.3182314,-86.902298,2025-05-20 19:18:29.649,1,2025-05-20 19:18:29.649,1,,-05:00:00,-05:00:00,2025-05-20 19:18:29.649,2025-05-20 19:18:29.649
1400,Alaska,233,US,United States,AK,state,64.2008413,-149.4936733,2025-05-20 19:18:29.649,1,2025-05-20 19:18:29.649,1,,-05:00:00,-05:00:00,2025-05-20 19:18:29.649,2025-05-20 19:18:29.649
1424,American Samoa,233,US,United States,AS,outlying area,-14.270972,-170.132217,2025-05-20 19:18:29.649,1,2025-05-20 19:18:29.649,1,,-05:00:00,-05:00:00,2025-05-20 19:18:29.649,2025-05-20 19:18:29.649
1434,Arizona,233,US,United States,AZ,state,34.0489281,-111.0937311,2025-05-20 19:18:29.649,1,2025-05-20 19:18:29.649,1,,-05:00:00,-05:00:00,2025-05-20 19:18:29.649,2025-05-20 19:18:29.649
1444,Arkansas,233,US,United States,AR,state,35.20105,-91.8318334,2025-05-20 19:18:29.649,1,2025-05-20 19:18:29.649,1,,-05:00:00,-05:00:00,2025-05-20 19:18:29.649,2025-05-20 19:18:29.649
1402,Baker Island,233,US,United States,UM-81,islands / groups of islands,0.1936266,-176.476908,2025-05-20 19:18:29.649,1,2025-05-20 19:18:29.649,1,,-05:00:00,-05:00:00,2025-05-20 19:18:29.649,2025-05-20 19:18:29.649
1416,California,233,US,United States,CA,state,36.778261,-119.4179324,2025-05-20 19:18:29.649,1,2025-05-20 19:18:29.649,1,,-05:00:00,-05:00:00,2025-05-20 19:18:29.649,2025-05-20 19:18:29.649
1450,Colorado,233,US,United States,CO,state,39.5500507,-105.7820674,2025-05-20 19:18:29.649,1,2025-05-20 19:18:29.649,1,,-05:00:00,-05:00:00,2025-05-20 19:18:29.649,2025-05-20 19:18:29.649
1435,Connecticut,233,US,United States,CT,state,41.6032207,-73.087749,2025-05-20 19:18:29.649,1,2025-05-20 19:18:29.649,1,,-05:00:00,-05:00:00,2025-05-20 19:18:29.649,2025-05-20 19:18:29.649
1399,Delaware,233,US,United States,DE,state,38.9108325,-75.5276699,2025-05-20 19:18:29.649,1,2025-05-20 19:18:29.649,1,,-05:00:00,-05:00:00,2025-05-20 19:18:29.649,2025-05-20 19:18:29.649
1437,District of Columbia,233,US,United States,DC,district,38.9071923,-77.0368707,2025-05-20 19:18:29.649,1,2025-05-20 19:18:29.649,1,,-05:00:00,-05:00:00,2025-05-20 19:18:29.649,2025-05-20 19:18:29.649
1436,Florida,233,US,United States,FL,state,27.2109089,-94.4121691,2025-05-20 19:18:29.649,1,2025-05-20 19:18:29.649,1,,-05:00:00,-05:00:00,2025-05-20 19:18:29.649,2025-05-20 19:18:29.649
1455,Georgia,233,US,United States,GA,state,32.1656221,-82.9000751,2025-05-20 19:18:29.649,1,2025-05-20 19:18:29.649,1,,-05:00:00,-05:00:00,2025-05-20 19:18:29.649,2025-05-20 19:18:29.649
1412,Guam,233,US,United States,GU,outlying area,13.444304,144.793731,2025-05-20 19:18:29.649,1,2025-05-20 19:18:29.649,1,,-05:00:00,-05:00:00,2025-05-20 19:18:29.649,2025-05-20 19:18:29.649
1411,Hawaii,233,US,United States,HI,state,19.8967662,-155.5827818,2025-05-20 19:18:29.649,1,2025-05-20 19:18:29.649,1,,-05:00:00,-05:00:00,2025-05-20 19:18:29.649,2025-05-20 19:18:29.649
1398,Howland Island,233,US,United States,UM-84,islands / groups of islands,0.8113219,-176.6182736,2025-05-20 19:18:29.649,1,2025-05-20 19:18:29.649,1,,-05:00:00,-05:00:00,2025-05-20 19:18:29.649,2025-05-20 19:18:29.649
1460,Idaho,233,US,United States,ID,state,44.0682019,-114.7420408,2025-05-20 19:18:29.649,1,2025-05-20 19:18:29.649,1,,-05:00:00,-05:00:00,2025-05-20 19:18:29.649,2025-05-20 19:18:29.649
1425,Illinois,233,US,United States,IL,state,40.6331249,-89.3985283,2025-05-20 19:18:29.649,1,2025-05-20 19:18:29.649,1,,-05:00:00,-05:00:00,2025-05-20 19:18:29.649,2025-05-20 19:18:29.649
1440,Indiana,233,US,United States,IN,state,40.2671941,-86.1349019,2025-05-20 19:18:29.649,1,2025-05-20 19:18:29.649,1,,-05:00:00,-05:00:00,2025-05-20 19:18:29.649,2025-05-20 19:18:29.649
1459,Iowa,233,US,United States,IA,state,41.8780025,-93.097702,2025-05-20 19:18:29.649,1,2025-05-20 19:18:29.649,1,,-05:00:00,-05:00:00,2025-05-20 19:18:29.649,2025-05-20 19:18:29.649
1410,Jarvis Island,233,US,United States,UM-86,islands / groups of islands,-0.3743503,-159.9967206,2025-05-20 19:18:29.649,1,2025-05-20 19:18:29.649,1,,-05:00:00,-05:00:00,2025-05-20 19:18:29.649,2025-05-20 19:18:29.649
1428,Johnston Atoll,233,US,United States,UM-67,islands / groups of islands,16.7295035,-169.5336477,2025-05-20 19:18:29.649,1,2025-05-20 19:18:29.649,1,,-05:00:00,-05:00:00,2025-05-20 19:18:29.649,2025-05-20 19:18:29.649
1406,Kansas,233,US,United States,KS,state,39.011902,-98.4842465,2025-05-20 19:18:29.649,1,2025-05-20 19:18:29.649,1,,-05:00:00,-05:00:00,2025-05-20 19:18:29.649,2025-05-20 19:18:29.649
1419,Kentucky,233,US,United States,KY,state,37.8393332,-84.2700179,2025-05-20 19:18:29.649,1,2025-05-20 19:18:29.649,1,,-05:00:00,-05:00:00,2025-05-20 19:18:29.649,2025-05-20 19:18:29.649
1403,Kingman Reef,233,US,United States,UM-89,islands / groups of islands,6.383333,-162.416667,2025-05-20 19:18:29.649,1,2025-05-20 19:18:29.649,1,,-05:00:00,-05:00:00,2025-05-20 19:18:29.649,2025-05-20 19:18:29.649
1457,Louisiana,233,US,United States,LA,state,30.9842977,-91.9623327,2025-05-20 19:18:29.649,1,2025-05-20 19:18:29.649,1,,-05:00:00,-05:00:00,2025-05-20 19:18:29.649,2025-05-20 19:18:29.649
1453,Maine,233,US,United States,ME,state,45.253783,-69.4454689,2025-05-20 19:18:29.649,1,2025-05-20 19:18:29.649,1,,-05:00:00,-05:00:00,2025-05-20 19:18:29.649,2025-05-20 19:18:29.649
1401,Maryland,233,US,United States,MD,state,38.7795251,-79.8713715,2025-05-20 19:18:29.649,1,2025-05-20 19:18:29.649,1,,-05:00:00,-05:00:00,2025-05-20 19:18:29.649,2025-05-20 19:18:29.649
1433,Massachusetts,233,US,United States,MA,state,42.4072107,-71.3824374,2025-05-20 19:18:29.649,1,2025-05-20 19:18:29.649,1,,-05:00:00,-05:00:00,2025-05-20 19:18:29.649,2025-05-20 19:18:29.649
1426,Michigan,233,US,United States,MI,state,44.3148443,-85.6023643,2025-05-20 19:18:29.649,1,2025-05-20 19:18:29.649,1,,-05:00:00,-05:00:00,2025-05-20 19:18:29.649,2025-05-20 19:18:29.649
1438,Midway Atoll,233,US,United States,UM-71,islands / groups of islands,28.2072168,-177.3734926,2025-05-20 19:18:29.649,1,2025-05-20 19:18:29.649,1,,-05:00:00,-05:00:00,2025-05-20 19:18:29.649,2025-05-20 19:18:29.649
1420,Minnesota,233,US,United States,MN,state,46.729553,-94.6858998,2025-05-20 19:18:29.649,1,2025-05-20 19:18:29.649,1,,-05:00:00,-05:00:00,2025-05-20 19:18:29.649,2025-05-20 19:18:29.649
1430,Mississippi,233,US,United States,MS,state,32.3546679,-89.3985283,2025-05-20 19:18:29.649,1,2025-05-20 19:18:29.649,1,,-05:00:00,-05:00:00,2025-05-20 19:18:29.649,2025-05-20 19:18:29.649
1451,Missouri,233,US,United States,MO,state,37.9642529,-91.8318334,2025-05-20 19:18:29.649,1,2025-05-20 19:18:29.649,1,,-05:00:00,-05:00:00,2025-05-20 19:18:29.649,2025-05-20 19:18:29.649
1446,Montana,233,US,United States,MT,state,46.8796822,-110.3625658,2025-05-20 19:18:29.649,1,2025-05-20 19:18:29.649,1,,-05:00:00,-05:00:00,2025-05-20 19:18:29.649,2025-05-20 19:18:29.649
1439,Navassa Island,233,US,United States,UM-76,islands / groups of islands,18.4100689,-75.0114612,2025-05-20 19:18:29.649,1,2025-05-20 19:18:29.649,1,,-05:00:00,-05:00:00,2025-05-20 19:18:29.649,2025-05-20 19:18:29.649
1408,Nebraska,233,US,United States,NE,state,41.4925374,-99.9018131,2025-05-20 19:18:29.649,1,2025-05-20 19:18:29.649,1,,-05:00:00,-05:00:00,2025-05-20 19:18:29.649,2025-05-20 19:18:29.649
1458,Nevada,233,US,United States,NV,state,38.8026097,-116.419389,2025-05-20 19:18:29.649,1,2025-05-20 19:18:29.649,1,,-05:00:00,-05:00:00,2025-05-20 19:18:29.649,2025-05-20 19:18:29.649
1404,New Hampshire,233,US,United States,NH,state,43.1938516,-71.5723953,2025-05-20 19:18:29.649,1,2025-05-20 19:18:29.649,1,,-05:00:00,-05:00:00,2025-05-20 19:18:29.649,2025-05-20 19:18:29.649
1417,New Jersey,233,US,United States,NJ,state,40.0583238,-74.4056612,2025-05-20 19:18:29.649,1,2025-05-20 19:18:29.649,1,,-05:00:00,-05:00:00,2025-05-20 19:18:29.649,2025-05-20 19:18:29.649
1423,New Mexico,233,US,United States,NM,state,34.5199402,-105.8700901,2025-05-20 19:18:29.649,1,2025-05-20 19:18:29.649,1,,-05:00:00,-05:00:00,2025-05-20 19:18:29.649,2025-05-20 19:18:29.649
1452,New York,233,US,United States,NY,state,40.7127753,-74.0059728,2025-05-20 19:18:29.649,1,2025-05-20 19:18:29.649,1,,-05:00:00,-05:00:00,2025-05-20 19:18:29.649,2025-05-20 19:18:29.649
1447,North Carolina,233,US,United States,NC,state,35.7595731,-79.0192997,2025-05-20 19:18:29.649,1,2025-05-20 19:18:29.649,1,,-05:00:00,-05:00:00,2025-05-20 19:18:29.649,2025-05-20 19:18:29.649
1418,North Dakota,233,US,United States,ND,state,47.5514926,-101.0020119,2025-05-20 19:18:29.649,1,2025-05-20 19:18:29.649,1,,-05:00:00,-05:00:00,2025-05-20 19:18:29.649,2025-05-20 19:18:29.649
1431,Northern Mariana Islands,233,US,United States,MP,outlying area,15.0979,145.6739,2025-05-20 19:18:29.649,1,2025-05-20 19:18:29.649,1,,-05:00:00,-05:00:00,2025-05-20 19:18:29.649,2025-05-20 19:18:29.649
4851,Ohio,233,US,United States,OH,state,40.4172871,-82.907123,2025-05-20 19:18:29.649,1,2025-05-20 19:18:29.649,1,,-05:00:00,-05:00:00,2025-05-20 19:18:29.649,2025-05-20 19:18:29.649
1421,Oklahoma,233,US,United States,OK,state,35.4675602,-97.5164276,2025-05-20 19:18:29.649,1,2025-05-20 19:18:29.649,1,,-05:00:00,-05:00:00,2025-05-20 19:18:29.649,2025-05-20 19:18:29.649
1415,Oregon,233,US,United States,OR,state,43.8041334,-120.5542012,2025-05-20 19:18:29.649,1,2025-05-20 19:18:29.649,1,,-05:00:00,-05:00:00,2025-05-20 19:18:29.649,2025-05-20 19:18:29.649
1448,Palmyra Atoll,233,US,United States,UM-95,islands / groups of islands,5.8885026,-162.0786656,2025-05-20 19:18:29.649,1,2025-05-20 19:18:29.649,1,,-05:00:00,-05:00:00,2025-05-20 19:18:29.649,2025-05-20 19:18:29.649
1422,Pennsylvania,233,US,United States,PA,state,41.2033216,-77.1945247,2025-05-20 19:18:29.649,1,2025-05-20 19:18:29.649,1,,-05:00:00,-05:00:00,2025-05-20 19:18:29.649,2025-05-20 19:18:29.649
1449,Puerto Rico,233,US,United States,PR,outlying area,18.220833,-66.590149,2025-05-20 19:18:29.649,1,2025-05-20 19:18:29.649,1,,-05:00:00,-05:00:00,2025-05-20 19:18:29.649,2025-05-20 19:18:29.649
1461,Rhode Island,233,US,United States,RI,state,41.5800945,-71.4774291,2025-05-20 19:18:29.649,1,2025-05-20 19:18:29.649,1,,-05:00:00,-05:00:00,2025-05-20 19:18:29.649,2025-05-20 19:18:29.649
1443,South Carolina,233,US,United States,SC,state,33.836081,-81.1637245,2025-05-20 19:18:29.649,1,2025-05-20 19:18:29.649,1,,-05:00:00,-05:00:00,2025-05-20 19:18:29.649,2025-05-20 19:18:29.649
1445,South Dakota,233,US,United States,SD,state,43.9695148,-99.9018131,2025-05-20 19:18:29.649,1,2025-05-20 19:18:29.649,1,,-05:00:00,-05:00:00,2025-05-20 19:18:29.649,2025-05-20 19:18:29.649
1454,Tennessee,233,US,United States,TN,state,35.5174913,-86.5804473,2025-05-20 19:18:29.649,1,2025-05-20 19:18:29.649,1,,-05:00:00,-05:00:00,2025-05-20 19:18:29.649,2025-05-20 19:18:29.649
1407,Texas,233,US,United States,TX,state,31.9685988,-99.9018131,2025-05-20 19:18:29.649,1,2025-05-20 19:18:29.649,1,,-05:00:00,-05:00:00,2025-05-20 19:18:29.649,2025-05-20 19:18:29.649
1432,United States Minor Outlying Islands,233,US,United States,UM,outlying area,19.2823192,166.647047,2025-05-20 19:18:29.649,1,2025-05-20 19:18:29.649,1,,-05:00:00,-05:00:00,2025-05-20 19:18:29.649,2025-05-20 19:18:29.649
1413,United States Virgin Islands,233,US,United States,VI,outlying area,18.335765,-64.896335,2025-05-20 19:18:29.649,1,2025-05-20 19:18:29.649,1,,-05:00:00,-05:00:00,2025-05-20 19:18:29.649,2025-05-20 19:18:29.649
1414,Utah,233,US,United States,UT,state,39.3209801,-111.0937311,2025-05-20 19:18:29.649,1,2025-05-20 19:18:29.649,1,,-05:00:00,-05:00:00,2025-05-20 19:18:29.649,2025-05-20 19:18:29.649
1409,Vermont,233,US,United States,VT,state,44.5588028,-72.5778415,2025-05-20 19:18:29.649,1,2025-05-20 19:18:29.649,1,,-05:00:00,-05:00:00,2025-05-20 19:18:29.649,2025-05-20 19:18:29.649
1427,Virginia,233,US,United States,VA,state,37.4315734,-78.6568942,2025-05-20 19:18:29.649,1,2025-05-20 19:18:29.649,1,,-05:00:00,-05:00:00,2025-05-20 19:18:29.649,2025-05-20 19:18:29.649
1405,Wake Island,233,US,United States,UM-79,islands / groups of islands,19.279619,166.6499348,2025-05-20 19:18:29.649,1,2025-05-20 19:18:29.649,1,,-05:00:00,-05:00:00,2025-05-20 19:18:29.649,2025-05-20 19:18:29.649
1462,Washington,233,US,United States,WA,state,47.7510741,-120.7401385,2025-05-20 19:18:29.649,1,2025-05-20 19:18:29.649,1,,-05:00:00,-05:00:00,2025-05-20 19:18:29.649,2025-05-20 19:18:29.649
1429,West Virginia,233,US,United States,WV,state,38.5976262,-80.4549026,2025-05-20 19:18:29.649,1,2025-05-20 19:18:29.649,1,,-05:00:00,-05:00:00,2025-05-20 19:18:29.649,2025-05-20 19:18:29.649
1441,Wisconsin,233,US,United States,WI,state,43.7844397,-88.7878678,2025-05-20 19:18:29.649,1,2025-05-20 19:18:29.649,1,,-05:00:00,-05:00:00,2025-05-20 19:18:29.649,2025-05-20 19:18:29.649
1442,Wyoming,233,US,United States,WY,state,43.0759678,-107.2902839,2025-05-20 19:18:29.649,1,2025-05-20 19:18:29.649,1,,-05:00:00,-05:00:00,2025-05-20 19:18:29.649,2025-05-20 19:18:29.649
5212,Baker Island,234,UM,United States Minor Outlying Islands,81,island,0.1936266,-176.476908,2025-05-20 19:18:29.649,1,2025-05-20 19:18:29.649,1,,-05:00:00,-05:00:00,2025-05-20 19:18:29.649,2025-05-20 19:18:29.649
5213,Howland Island,234,UM,United States Minor Outlying Islands,84,island,0.8113219,-176.6182736,2025-05-20 19:18:29.649,1,2025-05-20 19:18:29.649,1,,-05:00:00,-05:00:00,2025-05-20 19:18:29.649,2025-05-20 19:18:29.649
5214,Jarvis Island,234,UM,United States Minor Outlying Islands,86,island,-0.3743503,-159.9967206,2025-05-20 19:18:29.649,1,2025-05-20 19:18:29.649,1,,-05:00:00,-05:00:00,2025-05-20 19:18:29.649,2025-05-20 19:18:29.649
5215,Johnston Atoll,234,UM,United States Minor Outlying Islands,67,island,16.7295035,-169.5336477,2025-05-20 19:18:29.649,1,2025-05-20 19:18:29.649,1,,-05:00:00,-05:00:00,2025-05-20 19:18:29.649,2025-05-20 19:18:29.649
5216,Kingman Reef,234,UM,United States Minor Outlying Islands,89,island,6.383333,-162.416667,2025-05-20 19:18:29.649,1,2025-05-20 19:18:29.649,1,,-05:00:00,-05:00:00,2025-05-20 19:18:29.649,2025-05-20 19:18:29.649
5217,Midway Islands,234,UM,United States Minor Outlying Islands,71,island,28.2072168,-177.3734926,2025-05-20 19:18:29.649,1,2025-05-20 19:18:29.649,1,,-05:00:00,-05:00:00,2025-05-20 19:18:29.649,2025-05-20 19:18:29.649
5218,Navassa Island,234,UM,United States Minor Outlying Islands,76,island,18.4100689,-75.0114612,2025-05-20 19:18:29.649,1,2025-05-20 19:18:29.649,1,,-05:00:00,-05:00:00,2025-05-20 19:18:29.649,2025-05-20 19:18:29.649
5219,Palmyra Atoll,234,UM,United States Minor Outlying Islands,95,island,5.8885026,-162.0786656,2025-05-20 19:18:29.649,1,2025-05-20 19:18:29.649,1,,-05:00:00,-05:00:00,2025-05-20 19:18:29.649,2025-05-20 19:18:29.649
5220,Wake Island,234,UM,United States Minor Outlying Islands,79,island,19.279619,166.6499348,2025-05-20 19:18:29.649,1,2025-05-20 19:18:29.649,1,,-05:00:00,-05:00:00,2025-05-20 19:18:29.649,2025-05-20 19:18:29.649
3205,Artigas,235,UY,Uruguay,AR,department,-30.6175112,-56.9594559,2025-05-20 19:18:29.649,1,2025-05-20 19:18:29.649,1,,-05:00:00,-05:00:00,2025-05-20 19:18:29.649,2025-05-20 19:18:29.649
3213,Canelones,235,UY,Uruguay,CA,department,-34.5408717,-55.93076,2025-05-20 19:18:29.649,1,2025-05-20 19:18:29.649,1,,-05:00:00,-05:00:00,2025-05-20 19:18:29.649,2025-05-20 19:18:29.649
3211,Cerro Largo,235,UY,Uruguay,CL,department,-32.4411032,-54.3521753,2025-05-20 19:18:29.649,1,2025-05-20 19:18:29.649,1,,-05:00:00,-05:00:00,2025-05-20 19:18:29.649,2025-05-20 19:18:29.649
3208,Colonia,235,UY,Uruguay,CO,department,-34.1294678,-57.6605184,2025-05-20 19:18:29.649,1,2025-05-20 19:18:29.649,1,,-05:00:00,-05:00:00,2025-05-20 19:18:29.649,2025-05-20 19:18:29.649
3209,Durazno,235,UY,Uruguay,DU,department,-33.0232454,-56.0284644,2025-05-20 19:18:29.649,1,2025-05-20 19:18:29.649,1,,-05:00:00,-05:00:00,2025-05-20 19:18:29.649,2025-05-20 19:18:29.649
3203,Flores,235,UY,Uruguay,FS,department,-33.5733753,-56.8945028,2025-05-20 19:18:29.649,1,2025-05-20 19:18:29.649,1,,-05:00:00,-05:00:00,2025-05-20 19:18:29.649,2025-05-20 19:18:29.649
3217,Florida,235,UY,Uruguay,FD,department,28.0359495,-82.4579289,2025-05-20 19:18:29.649,1,2025-05-20 19:18:29.649,1,,-05:00:00,-05:00:00,2025-05-20 19:18:29.649,2025-05-20 19:18:29.649
3215,Lavalleja,235,UY,Uruguay,LA,department,-33.9226175,-54.9765794,2025-05-20 19:18:29.649,1,2025-05-20 19:18:29.649,1,,-05:00:00,-05:00:00,2025-05-20 19:18:29.649,2025-05-20 19:18:29.649
3206,Maldonado,235,UY,Uruguay,MA,department,-34.5597932,-54.8628552,2025-05-20 19:18:29.649,1,2025-05-20 19:18:29.649,1,,-05:00:00,-05:00:00,2025-05-20 19:18:29.649,2025-05-20 19:18:29.649
3218,Montevideo,235,UY,Uruguay,MO,department,-34.8181587,-56.2138256,2025-05-20 19:18:29.649,1,2025-05-20 19:18:29.649,1,,-05:00:00,-05:00:00,2025-05-20 19:18:29.649,2025-05-20 19:18:29.649
3212,Paysandú,235,UY,Uruguay,PA,department,-32.0667366,-57.3364789,2025-05-20 19:18:29.649,1,2025-05-20 19:18:29.649,1,,-05:00:00,-05:00:00,2025-05-20 19:18:29.649,2025-05-20 19:18:29.649
3210,Río Negro,235,UY,Uruguay,RN,department,-32.7676356,-57.4295207,2025-05-20 19:18:29.649,1,2025-05-20 19:18:29.649,1,,-05:00:00,-05:00:00,2025-05-20 19:18:29.649,2025-05-20 19:18:29.649
3207,Rivera,235,UY,Uruguay,RV,department,-31.4817421,-55.2435759,2025-05-20 19:18:29.649,1,2025-05-20 19:18:29.649,1,,-05:00:00,-05:00:00,2025-05-20 19:18:29.649,2025-05-20 19:18:29.649
3216,Rocha,235,UY,Uruguay,RO,department,-33.9690081,-54.021485,2025-05-20 19:18:29.649,1,2025-05-20 19:18:29.649,1,,-05:00:00,-05:00:00,2025-05-20 19:18:29.649,2025-05-20 19:18:29.649
3220,Salto,235,UY,Uruguay,SA,department,-31.388028,-57.9612455,2025-05-20 19:18:29.649,1,2025-05-20 19:18:29.649,1,,-05:00:00,-05:00:00,2025-05-20 19:18:29.649,2025-05-20 19:18:29.649
3204,San José,235,UY,Uruguay,SJ,department,37.3492968,-121.9056049,2025-05-20 19:18:29.649,1,2025-05-20 19:18:29.649,1,,-05:00:00,-05:00:00,2025-05-20 19:18:29.649,2025-05-20 19:18:29.649
3219,Soriano,235,UY,Uruguay,SO,department,-33.5102792,-57.7498103,2025-05-20 19:18:29.649,1,2025-05-20 19:18:29.649,1,,-05:00:00,-05:00:00,2025-05-20 19:18:29.649,2025-05-20 19:18:29.649
3221,Tacuarembó,235,UY,Uruguay,TA,department,-31.7206837,-55.9859887,2025-05-20 19:18:29.649,1,2025-05-20 19:18:29.649,1,,-05:00:00,-05:00:00,2025-05-20 19:18:29.649,2025-05-20 19:18:29.649
3214,Treinta y Tres,235,UY,Uruguay,TT,department,-33.0685086,-54.2858627,2025-05-20 19:18:29.649,1,2025-05-20 19:18:29.649,1,,-05:00:00,-05:00:00,2025-05-20 19:18:29.649,2025-05-20 19:18:29.649
2540,Andijan,236,UZ,Uzbekistan,AN,region,40.7685941,72.236379,2025-05-20 19:18:29.649,1,2025-05-20 19:18:29.649,1,,-05:00:00,-05:00:00,2025-05-20 19:18:29.649,2025-05-20 19:18:29.649
2541,Bukhara,236,UZ,Uzbekistan,BU,region,40.2504162,63.2032151,2025-05-20 19:18:29.649,1,2025-05-20 19:18:29.649,1,,-05:00:00,-05:00:00,2025-05-20 19:18:29.649,2025-05-20 19:18:29.649
2538,Fergana,236,UZ,Uzbekistan,FA,region,40.4568081,71.2874209,2025-05-20 19:18:29.649,1,2025-05-20 19:18:29.649,1,,-05:00:00,-05:00:00,2025-05-20 19:18:29.649,2025-05-20 19:18:29.649
2545,Jizzakh,236,UZ,Uzbekistan,JI,region,40.4706415,67.5708536,2025-05-20 19:18:29.649,1,2025-05-20 19:18:29.649,1,,-05:00:00,-05:00:00,2025-05-20 19:18:29.649,2025-05-20 19:18:29.649
2548,Karakalpakstan,236,UZ,Uzbekistan,QR,republic,43.8041334,59.4457988,2025-05-20 19:18:29.649,1,2025-05-20 19:18:29.649,1,,-05:00:00,-05:00:00,2025-05-20 19:18:29.649,2025-05-20 19:18:29.649
2537,Namangan,236,UZ,Uzbekistan,NG,region,41.0510037,71.097317,2025-05-20 19:18:29.649,1,2025-05-20 19:18:29.649,1,,-05:00:00,-05:00:00,2025-05-20 19:18:29.649,2025-05-20 19:18:29.649
2542,Navoiy,236,UZ,Uzbekistan,NW,region,42.6988575,64.6337685,2025-05-20 19:18:29.649,1,2025-05-20 19:18:29.649,1,,-05:00:00,-05:00:00,2025-05-20 19:18:29.649,2025-05-20 19:18:29.649
2543,Qashqadaryo,236,UZ,Uzbekistan,QA,region,38.8986231,66.0463534,2025-05-20 19:18:29.649,1,2025-05-20 19:18:29.649,1,,-05:00:00,-05:00:00,2025-05-20 19:18:29.649,2025-05-20 19:18:29.649
2544,Samarqand,236,UZ,Uzbekistan,SA,region,39.627012,66.9749731,2025-05-20 19:18:29.649,1,2025-05-20 19:18:29.649,1,,-05:00:00,-05:00:00,2025-05-20 19:18:29.649,2025-05-20 19:18:29.649
2547,Sirdaryo,236,UZ,Uzbekistan,SI,region,40.3863808,68.7154975,2025-05-20 19:18:29.649,1,2025-05-20 19:18:29.649,1,,-05:00:00,-05:00:00,2025-05-20 19:18:29.649,2025-05-20 19:18:29.649
2546,Surxondaryo,236,UZ,Uzbekistan,SU,region,37.9409005,67.5708536,2025-05-20 19:18:29.649,1,2025-05-20 19:18:29.649,1,,-05:00:00,-05:00:00,2025-05-20 19:18:29.649,2025-05-20 19:18:29.649
2536,Tashkent,236,UZ,Uzbekistan,TK,city,41.2994958,69.2400734,2025-05-20 19:18:29.649,1,2025-05-20 19:18:29.649,1,,-05:00:00,-05:00:00,2025-05-20 19:18:29.649,2025-05-20 19:18:29.649
2549,Tashkent,236,UZ,Uzbekistan,TO,region,41.2213234,69.8597406,2025-05-20 19:18:29.649,1,2025-05-20 19:18:29.649,1,,-05:00:00,-05:00:00,2025-05-20 19:18:29.649,2025-05-20 19:18:29.649
2539,Xorazm,236,UZ,Uzbekistan,XO,region,41.3565336,60.8566686,2025-05-20 19:18:29.649,1,2025-05-20 19:18:29.649,1,,-05:00:00,-05:00:00,2025-05-20 19:18:29.649,2025-05-20 19:18:29.649
4775,Malampa,237,VU,Vanuatu,MAP,province,-16.4011405,167.6077865,2025-05-20 19:18:29.649,1,2025-05-20 19:18:29.649,1,,-05:00:00,-05:00:00,2025-05-20 19:18:29.649,2025-05-20 19:18:29.649
4773,Penama,237,VU,Vanuatu,PAM,province,-15.3795758,167.9053182,2025-05-20 19:18:29.649,1,2025-05-20 19:18:29.649,1,,-05:00:00,-05:00:00,2025-05-20 19:18:29.649,2025-05-20 19:18:29.649
4776,Sanma,237,VU,Vanuatu,SAM,province,-15.4840017,166.9182097,2025-05-20 19:18:29.649,1,2025-05-20 19:18:29.649,1,,-05:00:00,-05:00:00,2025-05-20 19:18:29.649,2025-05-20 19:18:29.649
4774,Shefa,237,VU,Vanuatu,SEE,province,32.805765,35.169971,2025-05-20 19:18:29.649,1,2025-05-20 19:18:29.649,1,,-05:00:00,-05:00:00,2025-05-20 19:18:29.649,2025-05-20 19:18:29.649
4777,Tafea,237,VU,Vanuatu,TAE,province,-18.7237827,169.0645056,2025-05-20 19:18:29.649,1,2025-05-20 19:18:29.649,1,,-05:00:00,-05:00:00,2025-05-20 19:18:29.649,2025-05-20 19:18:29.649
4772,Torba,237,VU,Vanuatu,TOB,province,37.07653,27.456573,2025-05-20 19:18:29.649,1,2025-05-20 19:18:29.649,1,,-05:00:00,-05:00:00,2025-05-20 19:18:29.649,2025-05-20 19:18:29.649
2044,Amazonas,239,VE,Venezuela,Z,state,-3.4168427,-65.8560646,2025-05-20 19:18:29.649,1,2025-05-20 19:18:29.649,1,,-05:00:00,-05:00:00,2025-05-20 19:18:29.649,2025-05-20 19:18:29.649
2050,Anzoátegui,239,VE,Venezuela,B,state,8.5913073,-63.9586111,2025-05-20 19:18:29.649,1,2025-05-20 19:18:29.649,1,,-05:00:00,-05:00:00,2025-05-20 19:18:29.649,2025-05-20 19:18:29.649
4856,Apure,239,VE,Venezuela,C,state,6.9269483,-68.5247149,2025-05-20 19:18:29.649,1,2025-05-20 19:18:29.649,1,,-05:00:00,-05:00:00,2025-05-20 19:18:29.649,2025-05-20 19:18:29.649
2047,Aragua,239,VE,Venezuela,D,state,10.0635758,-67.2847875,2025-05-20 19:18:29.649,1,2025-05-20 19:18:29.649,1,,-05:00:00,-05:00:00,2025-05-20 19:18:29.649,2025-05-20 19:18:29.649
2049,Barinas,239,VE,Venezuela,E,state,8.6231498,-70.2371045,2025-05-20 19:18:29.649,1,2025-05-20 19:18:29.649,1,,-05:00:00,-05:00:00,2025-05-20 19:18:29.649,2025-05-20 19:18:29.649
2039,Bolívar,239,VE,Venezuela,F,state,37.6144838,-93.4104749,2025-05-20 19:18:29.649,1,2025-05-20 19:18:29.649,1,,-05:00:00,-05:00:00,2025-05-20 19:18:29.649,2025-05-20 19:18:29.649
2040,Carabobo,239,VE,Venezuela,G,state,10.1176433,-68.0477509,2025-05-20 19:18:29.649,1,2025-05-20 19:18:29.649,1,,-05:00:00,-05:00:00,2025-05-20 19:18:29.649,2025-05-20 19:18:29.649
2034,Cojedes,239,VE,Venezuela,H,state,9.3816682,-68.3339275,2025-05-20 19:18:29.649,1,2025-05-20 19:18:29.649,1,,-05:00:00,-05:00:00,2025-05-20 19:18:29.649,2025-05-20 19:18:29.649
2051,Delta Amacuro,239,VE,Venezuela,Y,state,8.8499307,-61.1403196,2025-05-20 19:18:29.649,1,2025-05-20 19:18:29.649,1,,-05:00:00,-05:00:00,2025-05-20 19:18:29.649,2025-05-20 19:18:29.649
4855,Distrito Capital,239,VE,Venezuela,A,capital district,41.2614846,-95.9310807,2025-05-20 19:18:29.649,1,2025-05-20 19:18:29.649,1,,-05:00:00,-05:00:00,2025-05-20 19:18:29.649,2025-05-20 19:18:29.649
2035,Falcón,239,VE,Venezuela,I,state,11.1810674,-69.8597406,2025-05-20 19:18:29.649,1,2025-05-20 19:18:29.649,1,,-05:00:00,-05:00:00,2025-05-20 19:18:29.649,2025-05-20 19:18:29.649
2045,Guárico,239,VE,Venezuela,J,state,8.7489309,-66.2367172,2025-05-20 19:18:29.649,1,2025-05-20 19:18:29.649,1,,-05:00:00,-05:00:00,2025-05-20 19:18:29.649,2025-05-20 19:18:29.649
2055,La Guaira,239,VE,Venezuela,X,state,29.3052268,-94.7913854,2025-05-20 19:18:29.649,1,2025-05-20 19:18:29.649,1,,-05:00:00,-05:00:00,2025-05-20 19:18:29.649,2025-05-20 19:18:29.649
2038,Lara,239,VE,Venezuela,K,state,33.9822165,-118.1322747,2025-05-20 19:18:29.649,1,2025-05-20 19:18:29.649,1,,-05:00:00,-05:00:00,2025-05-20 19:18:29.649,2025-05-20 19:18:29.649
2053,Mérida,239,VE,Venezuela,L,state,20.9673702,-89.5925857,2025-05-20 19:18:29.649,1,2025-05-20 19:18:29.649,1,,-05:00:00,-05:00:00,2025-05-20 19:18:29.649,2025-05-20 19:18:29.649
2037,Miranda,239,VE,Venezuela,M,state,42.3519383,-71.5290766,2025-05-20 19:18:29.649,1,2025-05-20 19:18:29.649,1,,-05:00:00,-05:00:00,2025-05-20 19:18:29.649,2025-05-20 19:18:29.649
2054,Monagas,239,VE,Venezuela,N,state,9.3241652,-63.0147578,2025-05-20 19:18:29.649,1,2025-05-20 19:18:29.649,1,,-05:00:00,-05:00:00,2025-05-20 19:18:29.649,2025-05-20 19:18:29.649
2052,Nueva Esparta,239,VE,Venezuela,O,state,10.9970723,-63.9113296,2025-05-20 19:18:29.649,1,2025-05-20 19:18:29.649,1,,-05:00:00,-05:00:00,2025-05-20 19:18:29.649,2025-05-20 19:18:29.649
2036,Portuguesa,239,VE,Venezuela,P,state,9.0943999,-69.097023,2025-05-20 19:18:29.649,1,2025-05-20 19:18:29.649,1,,-05:00:00,-05:00:00,2025-05-20 19:18:29.649,2025-05-20 19:18:29.649
2056,Sucre,239,VE,Venezuela,R,state,-19.035345,-65.2592128,2025-05-20 19:18:29.649,1,2025-05-20 19:18:29.649,1,,-05:00:00,-05:00:00,2025-05-20 19:18:29.649,2025-05-20 19:18:29.649
2048,Táchira,239,VE,Venezuela,S,state,7.9137001,-72.1416132,2025-05-20 19:18:29.649,1,2025-05-20 19:18:29.649,1,,-05:00:00,-05:00:00,2025-05-20 19:18:29.649,2025-05-20 19:18:29.649
2043,Trujillo,239,VE,Venezuela,T,state,9.496346,-71.2019483,2025-05-20 19:18:29.649,1,2025-05-20 19:18:29.649,1,,-05:00:00,-05:00:00,2025-05-20 19:18:29.649,2025-05-20 19:18:29.649
2046,Venezuela,239,VE,Venezuela,W,federal dependency,10.9377053,-65.3569573,2025-05-20 19:18:29.649,1,2025-05-20 19:18:29.649,1,,-05:00:00,-05:00:00,2025-05-20 19:18:29.649,2025-05-20 19:18:29.649
2041,Yaracuy,239,VE,Venezuela,U,state,10.339389,-68.8108849,2025-05-20 19:18:29.649,1,2025-05-20 19:18:29.649,1,,-05:00:00,-05:00:00,2025-05-20 19:18:29.649,2025-05-20 19:18:29.649
2042,Zulia,239,VE,Venezuela,V,state,10.2910237,-72.1416132,2025-05-20 19:18:29.649,1,2025-05-20 19:18:29.649,1,,-05:00:00,-05:00:00,2025-05-20 19:18:29.649,2025-05-20 19:18:29.649
3794,An Giang,240,VN,Vietnam,44,province,10.5215836,105.1258955,2025-05-20 19:18:29.649,1,2025-05-20 19:18:29.649,1,,-05:00:00,-05:00:00,2025-05-20 19:18:29.649,2025-05-20 19:18:29.649
3770,Bà Rịa-Vũng Tàu,240,VN,Vietnam,43,province,10.5417397,107.2429976,2025-05-20 19:18:29.649,1,2025-05-20 19:18:29.649,1,,-05:00:00,-05:00:00,2025-05-20 19:18:29.649,2025-05-20 19:18:29.649
3815,Bắc Giang,240,VN,Vietnam,54,province,21.2819921,106.1974769,2025-05-20 19:18:29.649,1,2025-05-20 19:18:29.649,1,,-05:00:00,-05:00:00,2025-05-20 19:18:29.649,2025-05-20 19:18:29.649
3822,Bắc Kạn,240,VN,Vietnam,53,province,22.3032923,105.876004,2025-05-20 19:18:29.649,1,2025-05-20 19:18:29.649,1,,-05:00:00,-05:00:00,2025-05-20 19:18:29.649,2025-05-20 19:18:29.649
3804,Bạc Liêu,240,VN,Vietnam,55,province,9.2940027,105.7215663,2025-05-20 19:18:29.649,1,2025-05-20 19:18:29.649,1,,-05:00:00,-05:00:00,2025-05-20 19:18:29.649,2025-05-20 19:18:29.649
3791,Bắc Ninh,240,VN,Vietnam,56,province,21.121444,106.1110501,2025-05-20 19:18:29.649,1,2025-05-20 19:18:29.649,1,,-05:00:00,-05:00:00,2025-05-20 19:18:29.649,2025-05-20 19:18:29.649
3796,Bến Tre,240,VN,Vietnam,50,province,10.2433556,106.375551,2025-05-20 19:18:29.649,1,2025-05-20 19:18:29.649,1,,-05:00:00,-05:00:00,2025-05-20 19:18:29.649,2025-05-20 19:18:29.649
3785,Bình Dương,240,VN,Vietnam,57,province,11.3254024,106.477017,2025-05-20 19:18:29.649,1,2025-05-20 19:18:29.649,1,,-05:00:00,-05:00:00,2025-05-20 19:18:29.649,2025-05-20 19:18:29.649
3830,Bình Định,240,VN,Vietnam,31,province,14.1665324,108.902683,2025-05-20 19:18:29.649,1,2025-05-20 19:18:29.649,1,,-05:00:00,-05:00:00,2025-05-20 19:18:29.649,2025-05-20 19:18:29.649
3797,Bình Phước,240,VN,Vietnam,58,province,11.7511894,106.7234639,2025-05-20 19:18:29.649,1,2025-05-20 19:18:29.649,1,,-05:00:00,-05:00:00,2025-05-20 19:18:29.649,2025-05-20 19:18:29.649
3787,Bình Thuận,240,VN,Vietnam,40,province,11.0903703,108.0720781,2025-05-20 19:18:29.649,1,2025-05-20 19:18:29.649,1,,-05:00:00,-05:00:00,2025-05-20 19:18:29.649,2025-05-20 19:18:29.649
3778,Cà Mau,240,VN,Vietnam,59,province,9.1526728,105.1960795,2025-05-20 19:18:29.649,1,2025-05-20 19:18:29.649,1,,-05:00:00,-05:00:00,2025-05-20 19:18:29.649,2025-05-20 19:18:29.649
4925,Cần Thơ,240,VN,Vietnam,CT,municipality,10.0341851,105.7225507,2025-05-20 19:18:29.649,1,2025-05-20 19:18:29.649,1,,-05:00:00,-05:00:00,2025-05-20 19:18:29.649,2025-05-20 19:18:29.649
3782,Cao Bằng,240,VN,Vietnam,4,province,22.635689,106.2522143,2025-05-20 19:18:29.649,1,2025-05-20 19:18:29.649,1,,-05:00:00,-05:00:00,2025-05-20 19:18:29.649,2025-05-20 19:18:29.649
3806,Đà Nẵng,240,VN,Vietnam,DN,municipality,16.0544068,108.2021667,2025-05-20 19:18:29.649,1,2025-05-20 19:18:29.649,1,,-05:00:00,-05:00:00,2025-05-20 19:18:29.649,2025-05-20 19:18:29.649
3829,Đắk Lắk,240,VN,Vietnam,33,province,12.7100116,108.2377519,2025-05-20 19:18:29.649,1,2025-05-20 19:18:29.649,1,,-05:00:00,-05:00:00,2025-05-20 19:18:29.649,2025-05-20 19:18:29.649
3823,Đắk Nông,240,VN,Vietnam,72,province,12.2646476,107.609806,2025-05-20 19:18:29.649,1,2025-05-20 19:18:29.649,1,,-05:00:00,-05:00:00,2025-05-20 19:18:29.649,2025-05-20 19:18:29.649
3773,Điện Biên,240,VN,Vietnam,71,province,21.8042309,103.1076525,2025-05-20 19:18:29.649,1,2025-05-20 19:18:29.649,1,,-05:00:00,-05:00:00,2025-05-20 19:18:29.649,2025-05-20 19:18:29.649
3821,Đồng Nai,240,VN,Vietnam,39,province,11.0686305,107.1675976,2025-05-20 19:18:29.649,1,2025-05-20 19:18:29.649,1,,-05:00:00,-05:00:00,2025-05-20 19:18:29.649,2025-05-20 19:18:29.649
3769,Đồng Tháp,240,VN,Vietnam,45,province,10.4937989,105.6881788,2025-05-20 19:18:29.649,1,2025-05-20 19:18:29.649,1,,-05:00:00,-05:00:00,2025-05-20 19:18:29.649,2025-05-20 19:18:29.649
3813,Gia Lai,240,VN,Vietnam,30,province,13.8078943,108.109375,2025-05-20 19:18:29.649,1,2025-05-20 19:18:29.649,1,,-05:00:00,-05:00:00,2025-05-20 19:18:29.649,2025-05-20 19:18:29.649
3779,Hà Giang,240,VN,Vietnam,3,province,22.8025588,104.9784494,2025-05-20 19:18:29.649,1,2025-05-20 19:18:29.649,1,,-05:00:00,-05:00:00,2025-05-20 19:18:29.649,2025-05-20 19:18:29.649
3802,Hà Nam,240,VN,Vietnam,63,province,20.5835196,105.92299,2025-05-20 19:18:29.649,1,2025-05-20 19:18:29.649,1,,-05:00:00,-05:00:00,2025-05-20 19:18:29.649,2025-05-20 19:18:29.649
3810,Hà Nội,240,VN,Vietnam,HN,municipality,21.0277644,105.8341598,2025-05-20 19:18:29.649,1,2025-05-20 19:18:29.649,1,,-05:00:00,-05:00:00,2025-05-20 19:18:29.649,2025-05-20 19:18:29.649
3816,Hà Tĩnh,240,VN,Vietnam,23,province,18.3559537,105.8877494,2025-05-20 19:18:29.649,1,2025-05-20 19:18:29.649,1,,-05:00:00,-05:00:00,2025-05-20 19:18:29.649,2025-05-20 19:18:29.649
3827,Hải Dương,240,VN,Vietnam,61,province,20.9373413,106.3145542,2025-05-20 19:18:29.649,1,2025-05-20 19:18:29.649,1,,-05:00:00,-05:00:00,2025-05-20 19:18:29.649,2025-05-20 19:18:29.649
3783,Hải Phòng,240,VN,Vietnam,HP,province,20.8449115,106.6880841,2025-05-20 19:18:29.649,1,2025-05-20 19:18:29.649,1,,-05:00:00,-05:00:00,2025-05-20 19:18:29.649,2025-05-20 19:18:29.649
3777,Hậu Giang,240,VN,Vietnam,73,province,9.757898,105.6412527,2025-05-20 19:18:29.649,1,2025-05-20 19:18:29.649,1,,-05:00:00,-05:00:00,2025-05-20 19:18:29.649,2025-05-20 19:18:29.649
3811,Hồ Chí Minh,240,VN,Vietnam,SG,province,10.8230989,106.6296638,2025-05-20 19:18:29.649,1,2025-05-20 19:18:29.649,1,,-05:00:00,-05:00:00,2025-05-20 19:18:29.649,2025-05-20 19:18:29.649
3799,Hòa Bình,240,VN,Vietnam,14,province,20.6861265,105.3131185,2025-05-20 19:18:29.649,1,2025-05-20 19:18:29.649,1,,-05:00:00,-05:00:00,2025-05-20 19:18:29.649,2025-05-20 19:18:29.649
3768,Hưng Yên,240,VN,Vietnam,66,province,20.8525711,106.0169971,2025-05-20 19:18:29.649,1,2025-05-20 19:18:29.649,1,,-05:00:00,-05:00:00,2025-05-20 19:18:29.649,2025-05-20 19:18:29.649
3793,Khánh Hòa,240,VN,Vietnam,34,province,12.2585098,109.0526076,2025-05-20 19:18:29.649,1,2025-05-20 19:18:29.649,1,,-05:00:00,-05:00:00,2025-05-20 19:18:29.649,2025-05-20 19:18:29.649
3800,Kiên Giang,240,VN,Vietnam,47,province,9.8249587,105.1258955,2025-05-20 19:18:29.649,1,2025-05-20 19:18:29.649,1,,-05:00:00,-05:00:00,2025-05-20 19:18:29.649,2025-05-20 19:18:29.649
3772,Kon Tum,240,VN,Vietnam,28,province,14.3497403,108.0004606,2025-05-20 19:18:29.649,1,2025-05-20 19:18:29.649,1,,-05:00:00,-05:00:00,2025-05-20 19:18:29.649,2025-05-20 19:18:29.649
3825,Lai Châu,240,VN,Vietnam,1,province,22.3862227,103.4702631,2025-05-20 19:18:29.649,1,2025-05-20 19:18:29.649,1,,-05:00:00,-05:00:00,2025-05-20 19:18:29.649,2025-05-20 19:18:29.649
3818,Lâm Đồng,240,VN,Vietnam,35,province,11.5752791,108.1428669,2025-05-20 19:18:29.649,1,2025-05-20 19:18:29.649,1,,-05:00:00,-05:00:00,2025-05-20 19:18:29.649,2025-05-20 19:18:29.649
3792,Lạng Sơn,240,VN,Vietnam,9,province,21.853708,106.761519,2025-05-20 19:18:29.649,1,2025-05-20 19:18:29.649,1,,-05:00:00,-05:00:00,2025-05-20 19:18:29.649,2025-05-20 19:18:29.649
3817,Lào Cai,240,VN,Vietnam,2,province,22.4809431,103.9754959,2025-05-20 19:18:29.649,1,2025-05-20 19:18:29.649,1,,-05:00:00,-05:00:00,2025-05-20 19:18:29.649,2025-05-20 19:18:29.649
3808,Long An,240,VN,Vietnam,41,province,10.5607168,106.6497623,2025-05-20 19:18:29.649,1,2025-05-20 19:18:29.649,1,,-05:00:00,-05:00:00,2025-05-20 19:18:29.649,2025-05-20 19:18:29.649
3789,Nam Định,240,VN,Vietnam,67,province,20.4388225,106.1621053,2025-05-20 19:18:29.649,1,2025-05-20 19:18:29.649,1,,-05:00:00,-05:00:00,2025-05-20 19:18:29.649,2025-05-20 19:18:29.649
3780,Nghệ An,240,VN,Vietnam,22,province,19.2342489,104.9200365,2025-05-20 19:18:29.649,1,2025-05-20 19:18:29.649,1,,-05:00:00,-05:00:00,2025-05-20 19:18:29.649,2025-05-20 19:18:29.649
3786,Ninh Bình,240,VN,Vietnam,18,province,20.2506149,105.9744536,2025-05-20 19:18:29.649,1,2025-05-20 19:18:29.649,1,,-05:00:00,-05:00:00,2025-05-20 19:18:29.649,2025-05-20 19:18:29.649
3788,Ninh Thuận,240,VN,Vietnam,36,province,11.6738767,108.8629572,2025-05-20 19:18:29.649,1,2025-05-20 19:18:29.649,1,,-05:00:00,-05:00:00,2025-05-20 19:18:29.649,2025-05-20 19:18:29.649
3801,Phú Thọ,240,VN,Vietnam,68,province,21.268443,105.2045573,2025-05-20 19:18:29.649,1,2025-05-20 19:18:29.649,1,,-05:00:00,-05:00:00,2025-05-20 19:18:29.649,2025-05-20 19:18:29.649
3824,Phú Yên,240,VN,Vietnam,32,province,13.0881861,109.0928764,2025-05-20 19:18:29.649,1,2025-05-20 19:18:29.649,1,,-05:00:00,-05:00:00,2025-05-20 19:18:29.649,2025-05-20 19:18:29.649
3809,Quảng Bình,240,VN,Vietnam,24,province,17.6102715,106.3487474,2025-05-20 19:18:29.649,1,2025-05-20 19:18:29.649,1,,-05:00:00,-05:00:00,2025-05-20 19:18:29.649,2025-05-20 19:18:29.649
3776,Quảng Nam,240,VN,Vietnam,27,province,15.5393538,108.019102,2025-05-20 19:18:29.649,1,2025-05-20 19:18:29.649,1,,-05:00:00,-05:00:00,2025-05-20 19:18:29.649,2025-05-20 19:18:29.649
3828,Quảng Ngãi,240,VN,Vietnam,29,province,15.1213873,108.8044145,2025-05-20 19:18:29.649,1,2025-05-20 19:18:29.649,1,,-05:00:00,-05:00:00,2025-05-20 19:18:29.649,2025-05-20 19:18:29.649
3814,Quảng Ninh,240,VN,Vietnam,13,province,21.006382,107.2925144,2025-05-20 19:18:29.649,1,2025-05-20 19:18:29.649,1,,-05:00:00,-05:00:00,2025-05-20 19:18:29.649,2025-05-20 19:18:29.649
3803,Quảng Trị,240,VN,Vietnam,25,province,16.7403074,107.1854679,2025-05-20 19:18:29.649,1,2025-05-20 19:18:29.649,1,,-05:00:00,-05:00:00,2025-05-20 19:18:29.649,2025-05-20 19:18:29.649
3819,Sóc Trăng,240,VN,Vietnam,52,province,9.602521,105.9739049,2025-05-20 19:18:29.649,1,2025-05-20 19:18:29.649,1,,-05:00:00,-05:00:00,2025-05-20 19:18:29.649,2025-05-20 19:18:29.649
3812,Sơn La,240,VN,Vietnam,5,province,21.1022284,103.7289167,2025-05-20 19:18:29.649,1,2025-05-20 19:18:29.649,1,,-05:00:00,-05:00:00,2025-05-20 19:18:29.649,2025-05-20 19:18:29.649
3826,Tây Ninh,240,VN,Vietnam,37,province,11.3351554,106.1098854,2025-05-20 19:18:29.649,1,2025-05-20 19:18:29.649,1,,-05:00:00,-05:00:00,2025-05-20 19:18:29.649,2025-05-20 19:18:29.649
3775,Thái Bình,240,VN,Vietnam,20,province,20.4463471,106.3365828,2025-05-20 19:18:29.649,1,2025-05-20 19:18:29.649,1,,-05:00:00,-05:00:00,2025-05-20 19:18:29.649,2025-05-20 19:18:29.649
3807,Thái Nguyên,240,VN,Vietnam,69,province,21.5671559,105.8252038,2025-05-20 19:18:29.649,1,2025-05-20 19:18:29.649,1,,-05:00:00,-05:00:00,2025-05-20 19:18:29.649,2025-05-20 19:18:29.649
3771,Thanh Hóa,240,VN,Vietnam,21,province,19.806692,105.7851816,2025-05-20 19:18:29.649,1,2025-05-20 19:18:29.649,1,,-05:00:00,-05:00:00,2025-05-20 19:18:29.649,2025-05-20 19:18:29.649
3798,Thừa Thiên-Huế,240,VN,Vietnam,26,province,16.467397,107.5905326,2025-05-20 19:18:29.649,1,2025-05-20 19:18:29.649,1,,-05:00:00,-05:00:00,2025-05-20 19:18:29.649,2025-05-20 19:18:29.649
3781,Tiền Giang,240,VN,Vietnam,46,province,10.4493324,106.3420504,2025-05-20 19:18:29.649,1,2025-05-20 19:18:29.649,1,,-05:00:00,-05:00:00,2025-05-20 19:18:29.649,2025-05-20 19:18:29.649
3805,Trà Vinh,240,VN,Vietnam,51,province,9.812741,106.2992912,2025-05-20 19:18:29.649,1,2025-05-20 19:18:29.649,1,,-05:00:00,-05:00:00,2025-05-20 19:18:29.649,2025-05-20 19:18:29.649
3795,Tuyên Quang,240,VN,Vietnam,7,province,21.7767246,105.2280196,2025-05-20 19:18:29.649,1,2025-05-20 19:18:29.649,1,,-05:00:00,-05:00:00,2025-05-20 19:18:29.649,2025-05-20 19:18:29.649
3790,Vĩnh Long,240,VN,Vietnam,49,province,10.239574,105.9571928,2025-05-20 19:18:29.649,1,2025-05-20 19:18:29.649,1,,-05:00:00,-05:00:00,2025-05-20 19:18:29.649,2025-05-20 19:18:29.649
3774,Vĩnh Phúc,240,VN,Vietnam,70,province,21.3608805,105.5474373,2025-05-20 19:18:29.649,1,2025-05-20 19:18:29.649,1,,-05:00:00,-05:00:00,2025-05-20 19:18:29.649,2025-05-20 19:18:29.649
3784,Yên Bái,240,VN,Vietnam,6,province,21.7167689,104.8985878,2025-05-20 19:18:29.649,1,2025-05-20 19:18:29.649,1,,-05:00:00,-05:00:00,2025-05-20 19:18:29.649,2025-05-20 19:18:29.649
5074,Saint Croix,242,VI,Virgin Islands (US),SC,district,17.729352,-64.7343705,2025-05-20 19:18:29.649,1,2025-05-20 19:18:29.649,1,,-05:00:00,-05:00:00,2025-05-20 19:18:29.649,2025-05-20 19:18:29.649
5073,Saint John,242,VI,Virgin Islands (US),SJ,district,18.3356169,-64.80028,2025-05-20 19:18:29.649,1,2025-05-20 19:18:29.649,1,,-05:00:00,-05:00:00,2025-05-20 19:18:29.649,2025-05-20 19:18:29.649
5072,Saint Thomas,242,VI,Virgin Islands (US),ST,district,18.3428459,-65.077018,2025-05-20 19:18:29.649,1,2025-05-20 19:18:29.649,1,,-05:00:00,-05:00:00,2025-05-20 19:18:29.649,2025-05-20 19:18:29.649
1242,'Adan,245,YE,Yemen,AD,governorate,12.8257481,44.7943804,2025-05-20 19:18:29.649,1,2025-05-20 19:18:29.649,1,,-05:00:00,-05:00:00,2025-05-20 19:18:29.649,2025-05-20 19:18:29.649
1250,'Amran,245,YE,Yemen,AM,governorate,16.2569214,43.9436788,2025-05-20 19:18:29.649,1,2025-05-20 19:18:29.649,1,,-05:00:00,-05:00:00,2025-05-20 19:18:29.649,2025-05-20 19:18:29.649
1237,Abyan,245,YE,Yemen,AB,governorate,13.6343413,46.0563212,2025-05-20 19:18:29.649,1,2025-05-20 19:18:29.649,1,,-05:00:00,-05:00:00,2025-05-20 19:18:29.649,2025-05-20 19:18:29.649
1240,Al Bayda',245,YE,Yemen,BA,governorate,14.3588662,45.4498065,2025-05-20 19:18:29.649,1,2025-05-20 19:18:29.649,1,,-05:00:00,-05:00:00,2025-05-20 19:18:29.649,2025-05-20 19:18:29.649
1241,Al Hudaydah,245,YE,Yemen,HU,governorate,15.3053072,43.0194897,2025-05-20 19:18:29.649,1,2025-05-20 19:18:29.649,1,,-05:00:00,-05:00:00,2025-05-20 19:18:29.649,2025-05-20 19:18:29.649
1243,Al Jawf,245,YE,Yemen,JA,governorate,16.7901819,45.2993862,2025-05-20 19:18:29.649,1,2025-05-20 19:18:29.649,1,,-05:00:00,-05:00:00,2025-05-20 19:18:29.649,2025-05-20 19:18:29.649
1251,Al Mahrah,245,YE,Yemen,MR,governorate,16.5238423,51.6834275,2025-05-20 19:18:29.649,1,2025-05-20 19:18:29.649,1,,-05:00:00,-05:00:00,2025-05-20 19:18:29.649,2025-05-20 19:18:29.649
1235,Al Mahwit,245,YE,Yemen,MW,governorate,15.3963229,43.5606946,2025-05-20 19:18:29.649,1,2025-05-20 19:18:29.649,1,,-05:00:00,-05:00:00,2025-05-20 19:18:29.649,2025-05-20 19:18:29.649
1232,Amanat Al Asimah,245,YE,Yemen,SA,municipality,15.3694451,44.1910066,2025-05-20 19:18:29.649,1,2025-05-20 19:18:29.649,1,,-05:00:00,-05:00:00,2025-05-20 19:18:29.649,2025-05-20 19:18:29.649
1246,Dhamar,245,YE,Yemen,DH,governorate,14.7195344,44.2479015,2025-05-20 19:18:29.649,1,2025-05-20 19:18:29.649,1,,-05:00:00,-05:00:00,2025-05-20 19:18:29.649,2025-05-20 19:18:29.649
1238,Hadhramaut,245,YE,Yemen,HD,governorate,16.9304135,49.3653149,2025-05-20 19:18:29.649,1,2025-05-20 19:18:29.649,1,,-05:00:00,-05:00:00,2025-05-20 19:18:29.649,2025-05-20 19:18:29.649
1244,Hajjah,245,YE,Yemen,HJ,governorate,16.1180631,43.329466,2025-05-20 19:18:29.649,1,2025-05-20 19:18:29.649,1,,-05:00:00,-05:00:00,2025-05-20 19:18:29.649,2025-05-20 19:18:29.649
1233,Ibb,245,YE,Yemen,IB,governorate,14.1415717,44.2479015,2025-05-20 19:18:29.649,1,2025-05-20 19:18:29.649,1,,-05:00:00,-05:00:00,2025-05-20 19:18:29.649,2025-05-20 19:18:29.649
1245,Lahij,245,YE,Yemen,LA,governorate,13.1489588,44.8505495,2025-05-20 19:18:29.649,1,2025-05-20 19:18:29.649,1,,-05:00:00,-05:00:00,2025-05-20 19:18:29.649,2025-05-20 19:18:29.649
1234,Ma'rib,245,YE,Yemen,MA,governorate,15.515888,45.4498065,2025-05-20 19:18:29.649,1,2025-05-20 19:18:29.649,1,,-05:00:00,-05:00:00,2025-05-20 19:18:29.649,2025-05-20 19:18:29.649
1248,Raymah,245,YE,Yemen,RA,governorate,14.6277682,43.7142484,2025-05-20 19:18:29.649,1,2025-05-20 19:18:29.649,1,,-05:00:00,-05:00:00,2025-05-20 19:18:29.649,2025-05-20 19:18:29.649
1249,Saada,245,YE,Yemen,SD,governorate,16.8476528,43.9436788,2025-05-20 19:18:29.649,1,2025-05-20 19:18:29.649,1,,-05:00:00,-05:00:00,2025-05-20 19:18:29.649,2025-05-20 19:18:29.649
1236,Sana'a,245,YE,Yemen,SN,governorate,15.3168913,44.4748018,2025-05-20 19:18:29.649,1,2025-05-20 19:18:29.649,1,,-05:00:00,-05:00:00,2025-05-20 19:18:29.649,2025-05-20 19:18:29.649
1247,Shabwah,245,YE,Yemen,SH,governorate,14.7546303,46.516262,2025-05-20 19:18:29.649,1,2025-05-20 19:18:29.649,1,,-05:00:00,-05:00:00,2025-05-20 19:18:29.649,2025-05-20 19:18:29.649
1239,Socotra,245,YE,Yemen,SU,governorate,12.4634205,53.8237385,2025-05-20 19:18:29.649,1,2025-05-20 19:18:29.649,1,,-05:00:00,-05:00:00,2025-05-20 19:18:29.649,2025-05-20 19:18:29.649
1231,Ta'izz,245,YE,Yemen,TA,governorate,13.5775886,44.0177989,2025-05-20 19:18:29.649,1,2025-05-20 19:18:29.649,1,,-05:00:00,-05:00:00,2025-05-20 19:18:29.649,2025-05-20 19:18:29.649
1986,Central,246,ZM,Zambia,2,province,-13.858462,25.7349504,2025-05-20 19:18:29.649,1,2025-05-20 19:18:29.649,1,,-05:00:00,-05:00:00,2025-05-20 19:18:29.649,2025-05-20 19:18:29.649
1984,Copperbelt,246,ZM,Zambia,8,province,-13.0570073,27.5495846,2025-05-20 19:18:29.649,1,2025-05-20 19:18:29.649,1,,-05:00:00,-05:00:00,2025-05-20 19:18:29.649,2025-05-20 19:18:29.649
1991,Eastern,246,ZM,Zambia,3,province,23.1669688,49.3653149,2025-05-20 19:18:29.649,1,2025-05-20 19:18:29.649,1,,-05:00:00,-05:00:00,2025-05-20 19:18:29.649,2025-05-20 19:18:29.649
1987,Luapula,246,ZM,Zambia,4,province,-11.564831,29.0459927,2025-05-20 19:18:29.649,1,2025-05-20 19:18:29.649,1,,-05:00:00,-05:00:00,2025-05-20 19:18:29.649,2025-05-20 19:18:29.649
1988,Lusaka,246,ZM,Zambia,9,province,-15.3657129,29.2320784,2025-05-20 19:18:29.649,1,2025-05-20 19:18:29.649,1,,-05:00:00,-05:00:00,2025-05-20 19:18:29.649,2025-05-20 19:18:29.649
1989,Muchinga,246,ZM,Zambia,10,province,-15.382193,28.26158,2025-05-20 19:18:29.649,1,2025-05-20 19:18:29.649,1,,-05:00:00,-05:00:00,2025-05-20 19:18:29.649,2025-05-20 19:18:29.649
1982,Northern,246,ZM,Zambia,5,province,8.8855027,80.2767327,2025-05-20 19:18:29.649,1,2025-05-20 19:18:29.649,1,,-05:00:00,-05:00:00,2025-05-20 19:18:29.649,2025-05-20 19:18:29.649
1985,Northwestern,246,ZM,Zambia,6,province,-13.0050258,24.9042208,2025-05-20 19:18:29.649,1,2025-05-20 19:18:29.649,1,,-05:00:00,-05:00:00,2025-05-20 19:18:29.649,2025-05-20 19:18:29.649
1990,Southern,246,ZM,Zambia,7,province,6.237375,80.543845,2025-05-20 19:18:29.649,1,2025-05-20 19:18:29.649,1,,-05:00:00,-05:00:00,2025-05-20 19:18:29.649,2025-05-20 19:18:29.649
1983,Western,246,ZM,Zambia,1,province,6.9016086,80.0087746,2025-05-20 19:18:29.649,1,2025-05-20 19:18:29.649,1,,-05:00:00,-05:00:00,2025-05-20 19:18:29.649,2025-05-20 19:18:29.649
1956,Bulawayo,247,ZW,Zimbabwe,BU,province,-20.1489505,28.5331038,2025-05-20 19:18:29.649,1,2025-05-20 19:18:29.649,1,,-05:00:00,-05:00:00,2025-05-20 19:18:29.649,2025-05-20 19:18:29.649
1958,Harare,247,ZW,Zimbabwe,HA,province,-17.8216288,31.0492259,2025-05-20 19:18:29.649,1,2025-05-20 19:18:29.649,1,,-05:00:00,-05:00:00,2025-05-20 19:18:29.649,2025-05-20 19:18:29.649
1959,Manicaland,247,ZW,Zimbabwe,MA,province,-18.9216386,32.174605,2025-05-20 19:18:29.649,1,2025-05-20 19:18:29.649,1,,-05:00:00,-05:00:00,2025-05-20 19:18:29.649,2025-05-20 19:18:29.649
1955,Mashonaland Central,247,ZW,Zimbabwe,MC,province,-16.7644295,31.0793705,2025-05-20 19:18:29.649,1,2025-05-20 19:18:29.649,1,,-05:00:00,-05:00:00,2025-05-20 19:18:29.649,2025-05-20 19:18:29.649
1951,Mashonaland East,247,ZW,Zimbabwe,ME,province,-18.5871642,31.2626366,2025-05-20 19:18:29.649,1,2025-05-20 19:18:29.649,1,,-05:00:00,-05:00:00,2025-05-20 19:18:29.649,2025-05-20 19:18:29.649
1953,Mashonaland West,247,ZW,Zimbabwe,MW,province,-17.4851029,29.7889248,2025-05-20 19:18:29.649,1,2025-05-20 19:18:29.649,1,,-05:00:00,-05:00:00,2025-05-20 19:18:29.649,2025-05-20 19:18:29.649
1960,Masvingo,247,ZW,Zimbabwe,MV,province,-20.6241509,31.2626366,2025-05-20 19:18:29.649,1,2025-05-20 19:18:29.649,1,,-05:00:00,-05:00:00,2025-05-20 19:18:29.649,2025-05-20 19:18:29.649
1954,Matabeleland North,247,ZW,Zimbabwe,MN,province,-18.5331566,27.5495846,2025-05-20 19:18:29.649,1,2025-05-20 19:18:29.649,1,,-05:00:00,-05:00:00,2025-05-20 19:18:29.649,2025-05-20 19:18:29.649
1952,Matabeleland South,247,ZW,Zimbabwe,MS,province,-21.052337,29.0459927,2025-05-20 19:18:29.649,1,2025-05-20 19:18:29.649,1,,-05:00:00,-05:00:00,2025-05-20 19:18:29.649,2025-05-20 19:18:29.649
1957,Midlands,247,ZW,Zimbabwe,MI,province,-19.0552009,29.6035495,2025-05-20 19:18:29.649,1,2025-05-20 19:18:29.649,1,,-05:00:00,-05:00:00,2025-05-20 19:18:29.649,2025-05-20 19:18:29.649
